#
# There is insufficient memory for the Java Runtime Environment to continue.
# Native memory allocation (malloc) failed to allocate 650576 bytes for Chunk::new
# Possible reasons:
#   The system is out of physical RAM or swap space
#   The process is running with CompressedOops enabled, and the Java Heap may be blocking the growth of the native heap
# Possible solutions:
#   Reduce memory load on the system
#   Increase physical memory or swap space
#   Check if swap backing store is full
#   Decrease Java heap size (-Xmx/-Xms)
#   Decrease number of Java threads
#   Decrease Java thread stack sizes (-Xss)
#   Set larger code cache with -XX:ReservedCodeCacheSize=
#   JVM is running with Zero Based Compressed Oops mode in which the Java heap is
#     placed in the first 32GB address space. The Java Heap base address is the
#     maximum limit for the native heap growth. Please use -XX:HeapBaseMinAddress
#     to set the Java Heap base and to place the Java Heap above 32GB virtual address.
# This output file may be truncated or incomplete.
#
#  Out of Memory Error (arena.cpp:191), pid=15572, tid=17256
#
# JRE version: OpenJDK Runtime Environment (17.0.9) (build 17.0.9+0--11185874)
# Java VM: OpenJDK 64-Bit Server VM (17.0.9+0--11185874, mixed mode, tiered, compressed oops, compressed class ptrs, g1 gc, windows-amd64)
# No core dump will be written. Minidumps are not enabled by default on client versions of Windows
#

---------------  S U M M A R Y ------------

Command Line: --add-opens=java.base/java.lang=ALL-UNNAMED --add-opens=java.base/java.lang.invoke=ALL-UNNAMED --add-opens=java.base/java.util=ALL-UNNAMED --add-opens=java.prefs/java.util.prefs=ALL-UNNAMED --add-exports=jdk.compiler/com.sun.tools.javac.api=ALL-UNNAMED --add-exports=jdk.compiler/com.sun.tools.javac.util=ALL-UNNAMED --add-opens=java.base/java.util=ALL-UNNAMED --add-opens=java.prefs/java.util.prefs=ALL-UNNAMED --add-opens=java.base/java.nio.charset=ALL-UNNAMED --add-opens=java.base/java.net=ALL-UNNAMED --add-opens=java.base/java.util.concurrent.atomic=ALL-UNNAMED --add-opens=java.xml/javax.xml.namespace=ALL-UNNAMED -Xmx4096m -Dfile.encoding=windows-1252 -Duser.country=AU -Duser.language=en -Duser.variant -javaagent:C:\Users\a\.gradle\wrapper\dists\gradle-8.14.3-bin\40dfek2kz346l18gf9ltjsnyd\gradle-8.14.3\lib\agents\gradle-instrumentation-agent-8.14.3.jar org.gradle.launcher.daemon.bootstrap.GradleDaemon 8.14.3

Host: Intel(R) Core(TM) i7-4850HQ CPU @ 2.30GHz, 8 cores, 15G,  Windows 10 , 64 bit Build 19041 (10.0.19041.5915)
Time: Mon Aug 31 17:18:16 2026 China Standard Time elapsed time: 18.527929 seconds (0d 0h 0m 18s)

---------------  T H R E A D  ---------------

Current thread (0x000001cd2156c010):  JavaThread "C2 CompilerThread2" daemon [_thread_in_native, id=17256, stack(0x0000003b42a00000,0x0000003b42b00000)]


Current CompileTask:
C2:  18528 12049       4       java.beans.MethodRef::set (58 bytes)

Stack: [0x0000003b42a00000,0x0000003b42b00000]
Native frames: (J=compiled Java code, j=interpreted, Vv=VM code, C=native code)
V  [jvm.dll+0x6886e9]
V  [jvm.dll+0x841e4a]
V  [jvm.dll+0x843a8e]
V  [jvm.dll+0x8440f3]
V  [jvm.dll+0x24c14f]
V  [jvm.dll+0xac44c]
V  [jvm.dll+0xaca9c]
V  [jvm.dll+0x36c1a2]
V  [jvm.dll+0x1be336]
V  [jvm.dll+0x21df09]
V  [jvm.dll+0x21d1d1]
V  [jvm.dll+0x1a674d]
V  [jvm.dll+0x22d088]
V  [jvm.dll+0x22b1c0]
V  [jvm.dll+0x7f62f7]
V  [jvm.dll+0x7f06aa]
V  [jvm.dll+0x687565]
C  [ucrtbase.dll+0x21bb2]
C  [KERNEL32.DLL+0x17374]
C  [ntdll.dll+0x4cc91]


---------------  P R O C E S S  ---------------

Threads class SMR info:
_java_thread_list=0x000001cd213a7130, length=84, elements={
0x000001cd78284480, 0x000001cd170af260, 0x000001cd7f9d19a0, 0x000001cd7f9c6f00,
0x000001cd7f9c97e0, 0x000001cd7f9ca0b0, 0x000001cd170d3800, 0x000001cd170d5030,
0x000001cd170d8690, 0x000001cd170f57e0, 0x000001cd171b6030, 0x000001cd17371130,
0x000001cd17b30fb0, 0x000001cd1d782810, 0x000001cd1d96a8e0, 0x000001cd1d90bf60,
0x000001cd1da766a0, 0x000001cd1d9aef00, 0x000001cd1d9af410, 0x000001cd1d9b0340,
0x000001cd1d9af920, 0x000001cd1d9acb90, 0x000001cd1d9ae9f0, 0x000001cd1d9ad0a0,
0x000001cd1d9ad5b0, 0x000001cd1dd7ae90, 0x000001cd1dd776e0, 0x000001cd1dd79540,
0x000001cd1dd771d0, 0x000001cd1dd7a980, 0x000001cd1dd79f60, 0x000001cd1dd7b3a0,
0x000001cd1dd78100, 0x000001cd1dd78610, 0x000001cd1dd76cc0, 0x000001cd1dd75d90,
0x000001cd1dd75370, 0x000001cd1dd767b0, 0x000001cd1dd7a470, 0x000001cd1dd7c7e0,
0x000001cd1dd75880, 0x000001cd1cedf290, 0x000001cd1cedbae0, 0x000001cd1ceda6a0,
0x000001cd1cedbff0, 0x000001cd1cedcf20, 0x000001cd1cedb5d0, 0x000001cd1cee10f0,
0x000001cd1cedf7a0, 0x000001cd1cedd940, 0x000001cd1cee1600, 0x000001cd1cedfcb0,
0x000001cd1cedabb0, 0x000001cd1cedd430, 0x000001cd1cee06d0, 0x000001cd1cedde50,
0x000001cd1cee01c0, 0x000001cd1ceda190, 0x000001cd1cedb0c0, 0x000001cd1cede360,
0x000001cd1cede870, 0x000001cd1ceded80, 0x000001cd1fad2090, 0x000001cd1facf810,
0x000001cd1fad34d0, 0x000001cd1facd9b0, 0x000001cd1fad2fc0, 0x000001cd1facf300,
0x000001cd1facc060, 0x000001cd1fad1670, 0x000001cd1fad0740, 0x000001cd1facc570,
0x000001cd1fad2ab0, 0x000001cd1facca80, 0x000001cd1fad39e0, 0x000001cd1facfd20,
0x000001cd1face8e0, 0x000001cd1fad0c50, 0x000001cd1fad1160, 0x000001cd1fad1b80,
0x000001cd1facedf0, 0x000001cd2147d990, 0x000001cd2156daa0, 0x000001cd2156c010
}

Java Threads: ( => current thread )
  0x000001cd78284480 JavaThread "main" [_thread_blocked, id=4408, stack(0x0000003b3c600000,0x0000003b3c700000)]
  0x000001cd170af260 JavaThread "Reference Handler" daemon [_thread_blocked, id=16144, stack(0x0000003b3cd00000,0x0000003b3ce00000)]
  0x000001cd7f9d19a0 JavaThread "Finalizer" daemon [_thread_blocked, id=19824, stack(0x0000003b3ce00000,0x0000003b3cf00000)]
  0x000001cd7f9c6f00 JavaThread "Signal Dispatcher" daemon [_thread_blocked, id=3728, stack(0x0000003b3cf00000,0x0000003b3d000000)]
  0x000001cd7f9c97e0 JavaThread "Attach Listener" daemon [_thread_blocked, id=7916, stack(0x0000003b3d000000,0x0000003b3d100000)]
  0x000001cd7f9ca0b0 JavaThread "Service Thread" daemon [_thread_blocked, id=19968, stack(0x0000003b3d100000,0x0000003b3d200000)]
  0x000001cd170d3800 JavaThread "Monitor Deflation Thread" daemon [_thread_blocked, id=5128, stack(0x0000003b3d200000,0x0000003b3d300000)]
  0x000001cd170d5030 JavaThread "C2 CompilerThread0" daemon [_thread_in_native, id=7836, stack(0x0000003b3d300000,0x0000003b3d400000)]
  0x000001cd170d8690 JavaThread "C1 CompilerThread0" daemon [_thread_blocked, id=19440, stack(0x0000003b3d400000,0x0000003b3d500000)]
  0x000001cd170f57e0 JavaThread "Sweeper thread" daemon [_thread_blocked, id=21060, stack(0x0000003b3d500000,0x0000003b3d600000)]
  0x000001cd171b6030 JavaThread "Common-Cleaner" daemon [_thread_blocked, id=18012, stack(0x0000003b3d600000,0x0000003b3d700000)]
  0x000001cd17371130 JavaThread "Notification Thread" daemon [_thread_blocked, id=21248, stack(0x0000003b3d700000,0x0000003b3d800000)]
  0x000001cd17b30fb0 JavaThread "Daemon health stats" [_thread_blocked, id=20172, stack(0x0000003b3e100000,0x0000003b3e200000)]
  0x000001cd1d782810 JavaThread "Incoming local TCP Connector on port 34207" [_thread_in_native, id=6960, stack(0x0000003b3e200000,0x0000003b3e300000)]
  0x000001cd1d96a8e0 JavaThread "Daemon periodic checks" [_thread_blocked, id=6436, stack(0x0000003b3e300000,0x0000003b3e400000)]
  0x000001cd1d90bf60 JavaThread "Daemon" [_thread_blocked, id=20468, stack(0x0000003b3e400000,0x0000003b3e500000)]
  0x000001cd1da766a0 JavaThread "Handler for socket connection from /127.0.0.1:34207 to /127.0.0.1:34208" [_thread_in_native, id=17560, stack(0x0000003b3e500000,0x0000003b3e600000)]
  0x000001cd1d9aef00 JavaThread "Cancel handler" [_thread_blocked, id=11640, stack(0x0000003b3e600000,0x0000003b3e700000)]
  0x000001cd1d9af410 JavaThread "Daemon worker" [_thread_in_native, id=10124, stack(0x0000003b3e700000,0x0000003b3e800000)]
  0x000001cd1d9b0340 JavaThread "Asynchronous log dispatcher for DefaultDaemonConnection: socket connection from /127.0.0.1:34207 to /127.0.0.1:34208" [_thread_blocked, id=16212, stack(0x0000003b3e800000,0x0000003b3e900000)]
  0x000001cd1d9af920 JavaThread "Stdin handler" [_thread_blocked, id=11284, stack(0x0000003b3e900000,0x0000003b3ea00000)]
  0x000001cd1d9acb90 JavaThread "Daemon client event forwarder" [_thread_blocked, id=21152, stack(0x0000003b3ea00000,0x0000003b3eb00000)]
  0x000001cd1d9ae9f0 JavaThread "Cache worker for journal cache (C:\Users\a\.gradle\caches\journal-1)" [_thread_blocked, id=18360, stack(0x0000003b3ec00000,0x0000003b3ed00000)]
  0x000001cd1d9ad0a0 JavaThread "File lock request listener" [_thread_in_native, id=20356, stack(0x0000003b3ed00000,0x0000003b3ee00000)]
  0x000001cd1d9ad5b0 JavaThread "Cache worker for file hash cache (C:\Users\a\.gradle\caches\8.14.3\fileHashes)" [_thread_blocked, id=20940, stack(0x0000003b3ee00000,0x0000003b3ef00000)]
  0x000001cd1dd7ae90 JavaThread "Cache worker for file hash cache (C:\Users\a\Documents\Android-SDK@4.87.82540_20251128\UniPlugin-Hello-AS - Copy\.gradle\8.14.3\fileHashes)" [_thread_blocked, id=3396, stack(0x0000003b3f000000,0x0000003b3f100000)]
  0x000001cd1dd776e0 JavaThread "Cache worker for Build Output Cleanup Cache (C:\Users\a\Documents\Android-SDK@4.87.82540_20251128\UniPlugin-Hello-AS - Copy\.gradle\buildOutputCleanup)" [_thread_blocked, id=7496, stack(0x0000003b3f100000,0x0000003b3f200000)]
  0x000001cd1dd79540 JavaThread "File watcher server" daemon [_thread_in_native, id=18840, stack(0x0000003b3f200000,0x0000003b3f300000)]
  0x000001cd1dd771d0 JavaThread "File watcher consumer" daemon [_thread_blocked, id=20064, stack(0x0000003b3f300000,0x0000003b3f400000)]
  0x000001cd1dd7a980 JavaThread "jar transforms" [_thread_blocked, id=20256, stack(0x0000003b3f400000,0x0000003b3f500000)]
  0x000001cd1dd79f60 JavaThread "jar transforms Thread 2" [_thread_blocked, id=19040, stack(0x0000003b3f500000,0x0000003b3f600000)]
  0x000001cd1dd7b3a0 JavaThread "jar transforms Thread 3" [_thread_blocked, id=5516, stack(0x0000003b3f600000,0x0000003b3f700000)]
  0x000001cd1dd78100 JavaThread "jar transforms Thread 4" [_thread_blocked, id=15528, stack(0x0000003b3f700000,0x0000003b3f800000)]
  0x000001cd1dd78610 JavaThread "jar transforms Thread 5" [_thread_blocked, id=20856, stack(0x0000003b3f800000,0x0000003b3f900000)]
  0x000001cd1dd76cc0 JavaThread "jar transforms Thread 6" [_thread_blocked, id=16828, stack(0x0000003b3f900000,0x0000003b3fa00000)]
  0x000001cd1dd75d90 JavaThread "jar transforms Thread 7" [_thread_blocked, id=20900, stack(0x0000003b3fa00000,0x0000003b3fb00000)]
  0x000001cd1dd75370 JavaThread "jar transforms Thread 8" [_thread_blocked, id=19776, stack(0x0000003b3fb00000,0x0000003b3fc00000)]
  0x000001cd1dd767b0 JavaThread "Cache worker for checksums cache (C:\Users\a\Documents\Android-SDK@4.87.82540_20251128\UniPlugin-Hello-AS - Copy\.gradle\8.14.3\checksums)" [_thread_blocked, id=18100, stack(0x0000003b3fe00000,0x0000003b3ff00000)]
  0x000001cd1dd7a470 JavaThread "Cache worker for file content cache (C:\Users\a\.gradle\caches\8.14.3\fileContent)" [_thread_blocked, id=20228, stack(0x0000003b3ff00000,0x0000003b40000000)]
  0x000001cd1dd7c7e0 JavaThread "Cache worker for cache directory md-supplier (C:\Users\a\.gradle\caches\8.14.3\md-supplier)" [_thread_blocked, id=16784, stack(0x0000003b40000000,0x0000003b40100000)]
  0x000001cd1dd75880 JavaThread "Cache worker for cache directory md-rule (C:\Users\a\.gradle\caches\8.14.3\md-rule)" [_thread_blocked, id=20964, stack(0x0000003b40100000,0x0000003b40200000)]
  0x000001cd1cedf290 JavaThread "Unconstrained build operations" [_thread_blocked, id=19624, stack(0x0000003b3ef00000,0x0000003b3f000000)]
  0x000001cd1cedbae0 JavaThread "Unconstrained build operations Thread 2" [_thread_blocked, id=10848, stack(0x0000003b40200000,0x0000003b40300000)]
  0x000001cd1ceda6a0 JavaThread "Unconstrained build operations Thread 3" [_thread_blocked, id=16720, stack(0x0000003b40300000,0x0000003b40400000)]
  0x000001cd1cedbff0 JavaThread "Unconstrained build operations Thread 4" [_thread_blocked, id=924, stack(0x0000003b40400000,0x0000003b40500000)]
  0x000001cd1cedcf20 JavaThread "Unconstrained build operations Thread 5" [_thread_blocked, id=17324, stack(0x0000003b40500000,0x0000003b40600000)]
  0x000001cd1cedb5d0 JavaThread "Unconstrained build operations Thread 6" [_thread_blocked, id=21440, stack(0x0000003b40600000,0x0000003b40700000)]
  0x000001cd1cee10f0 JavaThread "Unconstrained build operations Thread 7" [_thread_blocked, id=19056, stack(0x0000003b40700000,0x0000003b40800000)]
  0x000001cd1cedf7a0 JavaThread "Unconstrained build operations Thread 8" [_thread_blocked, id=17912, stack(0x0000003b40800000,0x0000003b40900000)]
  0x000001cd1cedd940 JavaThread "Unconstrained build operations Thread 9" [_thread_blocked, id=17728, stack(0x0000003b40900000,0x0000003b40a00000)]
  0x000001cd1cee1600 JavaThread "Unconstrained build operations Thread 10" [_thread_blocked, id=2720, stack(0x0000003b40a00000,0x0000003b40b00000)]
  0x000001cd1cedfcb0 JavaThread "Unconstrained build operations Thread 11" [_thread_blocked, id=20808, stack(0x0000003b40b00000,0x0000003b40c00000)]
  0x000001cd1cedabb0 JavaThread "Unconstrained build operations Thread 12" [_thread_blocked, id=10808, stack(0x0000003b40c00000,0x0000003b40d00000)]
  0x000001cd1cedd430 JavaThread "Unconstrained build operations Thread 13" [_thread_blocked, id=19868, stack(0x0000003b40d00000,0x0000003b40e00000)]
  0x000001cd1cee06d0 JavaThread "Unconstrained build operations Thread 14" [_thread_blocked, id=20236, stack(0x0000003b40e00000,0x0000003b40f00000)]
  0x000001cd1cedde50 JavaThread "Unconstrained build operations Thread 15" [_thread_blocked, id=21404, stack(0x0000003b40f00000,0x0000003b41000000)]
  0x000001cd1cee01c0 JavaThread "Unconstrained build operations Thread 16" [_thread_blocked, id=20648, stack(0x0000003b41000000,0x0000003b41100000)]
  0x000001cd1ceda190 JavaThread "Unconstrained build operations Thread 17" [_thread_blocked, id=11468, stack(0x0000003b41100000,0x0000003b41200000)]
  0x000001cd1cedb0c0 JavaThread "Unconstrained build operations Thread 18" [_thread_blocked, id=18836, stack(0x0000003b41200000,0x0000003b41300000)]
  0x000001cd1cede360 JavaThread "Problems report writer" [_thread_blocked, id=19880, stack(0x0000003b41400000,0x0000003b41500000)]
  0x000001cd1cede870 JavaThread "Unconstrained build operations Thread 19" [_thread_blocked, id=17272, stack(0x0000003b41500000,0x0000003b41600000)]
  0x000001cd1ceded80 JavaThread "Unconstrained build operations Thread 20" [_thread_blocked, id=8784, stack(0x0000003b41600000,0x0000003b41700000)]
  0x000001cd1fad2090 JavaThread "Unconstrained build operations Thread 21" [_thread_blocked, id=16652, stack(0x0000003b41700000,0x0000003b41800000)]
  0x000001cd1facf810 JavaThread "Unconstrained build operations Thread 22" [_thread_blocked, id=8688, stack(0x0000003b41800000,0x0000003b41900000)]
  0x000001cd1fad34d0 JavaThread "Unconstrained build operations Thread 23" [_thread_blocked, id=21340, stack(0x0000003b41900000,0x0000003b41a00000)]
  0x000001cd1facd9b0 JavaThread "Unconstrained build operations Thread 24" [_thread_blocked, id=7608, stack(0x0000003b41a00000,0x0000003b41b00000)]
  0x000001cd1fad2fc0 JavaThread "Unconstrained build operations Thread 25" [_thread_blocked, id=17064, stack(0x0000003b41b00000,0x0000003b41c00000)]
  0x000001cd1facf300 JavaThread "Unconstrained build operations Thread 26" [_thread_blocked, id=15872, stack(0x0000003b41c00000,0x0000003b41d00000)]
  0x000001cd1facc060 JavaThread "Unconstrained build operations Thread 27" [_thread_blocked, id=13824, stack(0x0000003b41d00000,0x0000003b41e00000)]
  0x000001cd1fad1670 JavaThread "Unconstrained build operations Thread 28" [_thread_blocked, id=19124, stack(0x0000003b41e00000,0x0000003b41f00000)]
  0x000001cd1fad0740 JavaThread "Unconstrained build operations Thread 29" [_thread_blocked, id=19844, stack(0x0000003b41f00000,0x0000003b42000000)]
  0x000001cd1facc570 JavaThread "Unconstrained build operations Thread 30" [_thread_blocked, id=12032, stack(0x0000003b42000000,0x0000003b42100000)]
  0x000001cd1fad2ab0 JavaThread "Unconstrained build operations Thread 31" [_thread_blocked, id=21044, stack(0x0000003b42100000,0x0000003b42200000)]
  0x000001cd1facca80 JavaThread "Unconstrained build operations Thread 32" [_thread_blocked, id=19536, stack(0x0000003b42200000,0x0000003b42300000)]
  0x000001cd1fad39e0 JavaThread "Unconstrained build operations Thread 33" [_thread_blocked, id=18996, stack(0x0000003b42300000,0x0000003b42400000)]
  0x000001cd1facfd20 JavaThread "Unconstrained build operations Thread 34" [_thread_blocked, id=20572, stack(0x0000003b42400000,0x0000003b42500000)]
  0x000001cd1face8e0 JavaThread "Unconstrained build operations Thread 35" [_thread_blocked, id=19796, stack(0x0000003b42500000,0x0000003b42600000)]
  0x000001cd1fad0c50 JavaThread "Unconstrained build operations Thread 36" [_thread_blocked, id=18832, stack(0x0000003b42600000,0x0000003b42700000)]
  0x000001cd1fad1160 JavaThread "Unconstrained build operations Thread 37" [_thread_blocked, id=8872, stack(0x0000003b42700000,0x0000003b42800000)]
  0x000001cd1fad1b80 JavaThread "Unconstrained build operations Thread 38" [_thread_blocked, id=15836, stack(0x0000003b42800000,0x0000003b42900000)]
  0x000001cd1facedf0 JavaThread "Unconstrained build operations Thread 39" [_thread_blocked, id=20036, stack(0x0000003b42900000,0x0000003b42a00000)]
  0x000001cd2147d990 JavaThread "Memory manager" [_thread_blocked, id=21236, stack(0x0000003b41300000,0x0000003b41400000)]
  0x000001cd2156daa0 JavaThread "C2 CompilerThread1" daemon [_thread_in_native, id=21292, stack(0x0000003b3d900000,0x0000003b3da00000)]
=>0x000001cd2156c010 JavaThread "C2 CompilerThread2" daemon [_thread_in_native, id=17256, stack(0x0000003b42a00000,0x0000003b42b00000)]

Other Threads:
  0x000001cd7f9ce110 VMThread "VM Thread" [stack: 0x0000003b3cc00000,0x0000003b3cd00000] [id=1864]
  0x000001cd78285090 WatcherThread [stack: 0x0000003b3d800000,0x0000003b3d900000] [id=16596]
  0x000001cd782f0320 GCTaskThread "GC Thread#0" [stack: 0x0000003b3c700000,0x0000003b3c800000] [id=20024]
  0x000001cd1761d500 GCTaskThread "GC Thread#1" [stack: 0x0000003b3db00000,0x0000003b3dc00000] [id=15716]
  0x000001cd178fc270 GCTaskThread "GC Thread#2" [stack: 0x0000003b3dc00000,0x0000003b3dd00000] [id=20296]
  0x000001cd178ac8a0 GCTaskThread "GC Thread#3" [stack: 0x0000003b3dd00000,0x0000003b3de00000] [id=1232]
  0x000001cd1738bf30 GCTaskThread "GC Thread#4" [stack: 0x0000003b3de00000,0x0000003b3df00000] [id=6976]
  0x000001cd1738c1f0 GCTaskThread "GC Thread#5" [stack: 0x0000003b3df00000,0x0000003b3e000000] [id=6492]
  0x000001cd1c1c6a60 GCTaskThread "GC Thread#6" [stack: 0x0000003b3da00000,0x0000003b3db00000] [id=8660]
  0x000001cd177cd500 GCTaskThread "GC Thread#7" [stack: 0x0000003b3e000000,0x0000003b3e100000] [id=3104]
  0x000001cd78302030 ConcurrentGCThread "G1 Main Marker" [stack: 0x0000003b3c800000,0x0000003b3c900000] [id=19720]
  0x000001cd78302fa0 ConcurrentGCThread "G1 Conc#0" [stack: 0x0000003b3c900000,0x0000003b3ca00000] [id=20376]
  0x000001cd1d9ac880 ConcurrentGCThread "G1 Conc#1" [stack: 0x0000003b3eb00000,0x0000003b3ec00000] [id=10880]
  0x000001cd7833e500 ConcurrentGCThread "G1 Refine#0" [stack: 0x0000003b3ca00000,0x0000003b3cb00000] [id=19552]
  0x000001cd1e8e4a20 ConcurrentGCThread "G1 Refine#1" [stack: 0x0000003b3fc00000,0x0000003b3fd00000] [id=16852]
  0x000001cd1e8e4d10 ConcurrentGCThread "G1 Refine#2" [stack: 0x0000003b3fd00000,0x0000003b3fe00000] [id=20424]
  0x000001cd7f8add70 ConcurrentGCThread "G1 Service" [stack: 0x0000003b3cb00000,0x0000003b3cc00000] [id=19620]

Threads with active compile tasks:
C2 CompilerThread0    18576 12055   !   4       com.google.common.collect.MapMakerInternalMap$Segment::put (298 bytes)
C2 CompilerThread1    18576 12051   !   4       org.gradle.internal.classloader.CachingClassLoader::loadClass (85 bytes)
C2 CompilerThread2    18576 12049       4       java.beans.MethodRef::set (58 bytes)

VM state: not at safepoint (normal execution)

VM Mutex/Monitor currently owned by a thread: None

Heap address: 0x0000000700000000, size: 4096 MB, Compressed Oops mode: Zero based, Oop shift amount: 3

CDS archive(s) not mapped
Compressed class space mapped at: 0x0000000800000000-0x0000000840000000, reserved size: 1073741824
Narrow klass base: 0x0000000800000000, Narrow klass shift: 0, Narrow klass range: 0x40000000

GC Precious Log:
 CPUs: 8 total, 8 available
 Memory: 16292M
 Large Page Support: Disabled
 NUMA Support: Disabled
 Compressed Oops: Enabled (Zero based)
 Heap Region Size: 2M
 Heap Min Capacity: 8M
 Heap Initial Capacity: 256M
 Heap Max Capacity: 4G
 Pre-touch: Disabled
 Parallel Workers: 8
 Concurrent Workers: 2
 Concurrent Refinement Workers: 8
 Periodic GC: Disabled

Heap:
 garbage-first heap   total 403456K, used 290342K [0x0000000700000000, 0x0000000800000000)
  region size 2048K, 86 young (176128K), 5 survivors (10240K)
 Metaspace       used 103710K, committed 104576K, reserved 1179648K
  class space    used 14332K, committed 14720K, reserved 1048576K

Heap Regions: E=young(eden), S=young(survivor), O=old, HS=humongous(starts), HC=humongous(continues), CS=collection set, F=free, OA=open archive, CA=closed archive, TAMS=top-at-mark-start (previous, next)
|   0|0x0000000700000000, 0x0000000700200000, 0x0000000700200000|100%|HS|  |TAMS 0x0000000700200000, 0x0000000700000000| Complete 
|   1|0x0000000700200000, 0x0000000700400000, 0x0000000700400000|100%|HC|  |TAMS 0x0000000700400000, 0x0000000700200000| Complete 
|   2|0x0000000700400000, 0x0000000700600000, 0x0000000700600000|100%| O|  |TAMS 0x0000000700600000, 0x0000000700400000| Untracked 
|   3|0x0000000700600000, 0x0000000700800000, 0x0000000700800000|100%| O|  |TAMS 0x0000000700800000, 0x0000000700600000| Untracked 
|   4|0x0000000700800000, 0x0000000700a00000, 0x0000000700a00000|100%| O|  |TAMS 0x0000000700a00000, 0x0000000700800000| Untracked 
|   5|0x0000000700a00000, 0x0000000700c00000, 0x0000000700c00000|100%|HS|  |TAMS 0x0000000700c00000, 0x0000000700a00000| Complete 
|   6|0x0000000700c00000, 0x0000000700e00000, 0x0000000700e00000|100%| O|  |TAMS 0x0000000700e00000, 0x0000000700c00000| Untracked 
|   7|0x0000000700e00000, 0x0000000701000000, 0x0000000701000000|100%| O|  |TAMS 0x0000000701000000, 0x0000000700e00000| Untracked 
|   8|0x0000000701000000, 0x0000000701200000, 0x0000000701200000|100%| O|  |TAMS 0x0000000701200000, 0x0000000701000000| Untracked 
|   9|0x0000000701200000, 0x0000000701400000, 0x0000000701400000|100%| O|  |TAMS 0x0000000701400000, 0x0000000701200000| Untracked 
|  10|0x0000000701400000, 0x0000000701600000, 0x0000000701600000|100%| O|  |TAMS 0x0000000701600000, 0x0000000701400000| Untracked 
|  11|0x0000000701600000, 0x0000000701800000, 0x0000000701800000|100%| O|  |TAMS 0x0000000701800000, 0x0000000701600000| Untracked 
|  12|0x0000000701800000, 0x0000000701a00000, 0x0000000701a00000|100%|HS|  |TAMS 0x0000000701a00000, 0x0000000701800000| Complete 
|  13|0x0000000701a00000, 0x0000000701c00000, 0x0000000701c00000|100%|HC|  |TAMS 0x0000000701c00000, 0x0000000701a00000| Complete 
|  14|0x0000000701c00000, 0x0000000701e00000, 0x0000000701e00000|100%|HS|  |TAMS 0x0000000701e00000, 0x0000000701c00000| Complete 
|  15|0x0000000701e00000, 0x0000000702000000, 0x0000000702000000|100%|HC|  |TAMS 0x0000000702000000, 0x0000000701e00000| Complete 
|  16|0x0000000702000000, 0x0000000702200000, 0x0000000702200000|100%|HS|  |TAMS 0x0000000702200000, 0x0000000702000000| Complete 
|  17|0x0000000702200000, 0x0000000702400000, 0x0000000702400000|100%|HC|  |TAMS 0x0000000702400000, 0x0000000702200000| Complete 
|  18|0x0000000702400000, 0x0000000702600000, 0x0000000702600000|100%| O|  |TAMS 0x0000000702600000, 0x0000000702400000| Untracked 
|  19|0x0000000702600000, 0x0000000702800000, 0x0000000702800000|100%| O|  |TAMS 0x0000000702800000, 0x0000000702600000| Untracked 
|  20|0x0000000702800000, 0x0000000702a00000, 0x0000000702a00000|100%| O|  |TAMS 0x0000000702a00000, 0x0000000702800000| Untracked 
|  21|0x0000000702a00000, 0x0000000702c00000, 0x0000000702c00000|100%| O|  |TAMS 0x0000000702c00000, 0x0000000702a00000| Untracked 
|  22|0x0000000702c00000, 0x0000000702e00000, 0x0000000702e00000|100%| O|  |TAMS 0x0000000702e00000, 0x0000000702c00000| Untracked 
|  23|0x0000000702e00000, 0x0000000703000000, 0x0000000703000000|100%| O|  |TAMS 0x0000000702e00000, 0x0000000702e00000| Untracked 
|  24|0x0000000703000000, 0x0000000703200000, 0x0000000703200000|100%| O|  |TAMS 0x0000000703200000, 0x0000000703000000| Untracked 
|  25|0x0000000703200000, 0x0000000703400000, 0x0000000703400000|100%|HS|  |TAMS 0x0000000703400000, 0x0000000703200000| Complete 
|  26|0x0000000703400000, 0x0000000703600000, 0x0000000703600000|100%|HC|  |TAMS 0x0000000703600000, 0x0000000703400000| Complete 
|  27|0x0000000703600000, 0x0000000703800000, 0x0000000703800000|100%|HS|  |TAMS 0x0000000703800000, 0x0000000703600000| Complete 
|  28|0x0000000703800000, 0x0000000703a00000, 0x0000000703a00000|100%|HC|  |TAMS 0x0000000703a00000, 0x0000000703800000| Complete 
|  29|0x0000000703a00000, 0x0000000703c00000, 0x0000000703c00000|100%|HS|  |TAMS 0x0000000703c00000, 0x0000000703a00000| Complete 
|  30|0x0000000703c00000, 0x0000000703e00000, 0x0000000703e00000|100%|HC|  |TAMS 0x0000000703e00000, 0x0000000703c00000| Complete 
|  31|0x0000000703e00000, 0x0000000704000000, 0x0000000704000000|100%| O|  |TAMS 0x0000000704000000, 0x0000000703e00000| Untracked 
|  32|0x0000000704000000, 0x0000000704200000, 0x0000000704200000|100%| O|  |TAMS 0x0000000704200000, 0x0000000704000000| Untracked 
|  33|0x0000000704200000, 0x0000000704400000, 0x0000000704400000|100%| O|  |TAMS 0x0000000704400000, 0x0000000704200000| Untracked 
|  34|0x0000000704400000, 0x0000000704600000, 0x0000000704600000|100%| O|  |TAMS 0x0000000704600000, 0x0000000704400000| Untracked 
|  35|0x0000000704600000, 0x0000000704800000, 0x0000000704800000|100%| O|  |TAMS 0x0000000704800000, 0x0000000704600000| Untracked 
|  36|0x0000000704800000, 0x0000000704a00000, 0x0000000704a00000|100%| O|  |TAMS 0x0000000704a00000, 0x0000000704800000| Untracked 
|  37|0x0000000704a00000, 0x0000000704c00000, 0x0000000704c00000|100%| O|  |TAMS 0x0000000704c00000, 0x0000000704a00000| Untracked 
|  38|0x0000000704c00000, 0x0000000704e00000, 0x0000000704e00000|100%| O|  |TAMS 0x0000000704e00000, 0x0000000704c00000| Untracked 
|  39|0x0000000704e00000, 0x0000000705000000, 0x0000000705000000|100%| O|  |TAMS 0x0000000705000000, 0x0000000704e00000| Untracked 
|  40|0x0000000705000000, 0x0000000705200000, 0x0000000705200000|100%| O|  |TAMS 0x0000000705200000, 0x0000000705000000| Untracked 
|  41|0x0000000705200000, 0x0000000705400000, 0x0000000705400000|100%|HS|  |TAMS 0x0000000705400000, 0x0000000705200000| Complete 
|  42|0x0000000705400000, 0x0000000705600000, 0x0000000705600000|100%| O|  |TAMS 0x0000000705600000, 0x0000000705400000| Untracked 
|  43|0x0000000705600000, 0x0000000705800000, 0x0000000705800000|100%| O|  |TAMS 0x0000000705800000, 0x0000000705600000| Untracked 
|  44|0x0000000705800000, 0x0000000705a00000, 0x0000000705a00000|100%| O|  |TAMS 0x0000000705a00000, 0x0000000705800000| Untracked 
|  45|0x0000000705a00000, 0x0000000705c00000, 0x0000000705c00000|100%| O|  |TAMS 0x0000000705c00000, 0x0000000705a00000| Untracked 
|  46|0x0000000705c00000, 0x0000000705e00000, 0x0000000705e00000|100%| O|  |TAMS 0x0000000705e00000, 0x0000000705c00000| Untracked 
|  47|0x0000000705e00000, 0x0000000706000000, 0x0000000706000000|100%| O|  |TAMS 0x0000000706000000, 0x0000000705e00000| Untracked 
|  48|0x0000000706000000, 0x0000000706200000, 0x0000000706200000|100%|HS|  |TAMS 0x0000000706000000, 0x0000000706000000| Complete 
|  49|0x0000000706200000, 0x0000000706400000, 0x0000000706400000|100%| O|  |TAMS 0x0000000706400000, 0x0000000706200000| Untracked 
|  50|0x0000000706400000, 0x0000000706600000, 0x0000000706600000|100%| O|  |TAMS 0x0000000706600000, 0x0000000706400000| Untracked 
|  51|0x0000000706600000, 0x0000000706800000, 0x0000000706800000|100%| O|  |TAMS 0x0000000706800000, 0x0000000706600000| Untracked 
|  52|0x0000000706800000, 0x0000000706a00000, 0x0000000706a00000|100%| O|  |TAMS 0x0000000706a00000, 0x0000000706800000| Untracked 
|  53|0x0000000706a00000, 0x0000000706c00000, 0x0000000706c00000|100%| O|  |TAMS 0x0000000706b9e800, 0x0000000706a00000| Untracked 
|  54|0x0000000706c00000, 0x0000000706e00000, 0x0000000706e00000|100%| O|  |TAMS 0x0000000706c00000, 0x0000000706c00000| Untracked 
|  55|0x0000000706e00000, 0x0000000707000000, 0x0000000707000000|100%| O|  |TAMS 0x0000000706e00000, 0x0000000706e00000| Untracked 
|  56|0x0000000707000000, 0x0000000707200000, 0x0000000707200000|100%| O|  |TAMS 0x0000000707000000, 0x0000000707000000| Untracked 
|  57|0x0000000707200000, 0x0000000707220600, 0x0000000707400000|  6%| O|  |TAMS 0x0000000707200000, 0x0000000707200000| Untracked 
|  58|0x0000000707400000, 0x0000000707400000, 0x0000000707600000|  0%| F|  |TAMS 0x0000000707400000, 0x0000000707400000| Untracked 
|  59|0x0000000707600000, 0x0000000707600000, 0x0000000707800000|  0%| F|  |TAMS 0x0000000707600000, 0x0000000707600000| Untracked 
|  60|0x0000000707800000, 0x0000000707800000, 0x0000000707a00000|  0%| F|  |TAMS 0x0000000707800000, 0x0000000707800000| Untracked 
|  61|0x0000000707a00000, 0x0000000707a00000, 0x0000000707c00000|  0%| F|  |TAMS 0x0000000707a00000, 0x0000000707a00000| Untracked 
|  62|0x0000000707c00000, 0x0000000707c00000, 0x0000000707e00000|  0%| F|  |TAMS 0x0000000707c00000, 0x0000000707c00000| Untracked 
|  63|0x0000000707e00000, 0x0000000707e00000, 0x0000000708000000|  0%| F|  |TAMS 0x0000000707e00000, 0x0000000707e00000| Untracked 
|  64|0x0000000708000000, 0x0000000708000000, 0x0000000708200000|  0%| F|  |TAMS 0x0000000708000000, 0x0000000708000000| Untracked 
|  65|0x0000000708200000, 0x0000000708200000, 0x0000000708400000|  0%| F|  |TAMS 0x0000000708200000, 0x0000000708200000| Untracked 
|  66|0x0000000708400000, 0x0000000708400000, 0x0000000708600000|  0%| F|  |TAMS 0x0000000708400000, 0x0000000708400000| Untracked 
|  67|0x0000000708600000, 0x0000000708600000, 0x0000000708800000|  0%| F|  |TAMS 0x0000000708600000, 0x0000000708600000| Untracked 
|  68|0x0000000708800000, 0x0000000708800000, 0x0000000708a00000|  0%| F|  |TAMS 0x0000000708800000, 0x0000000708800000| Untracked 
|  69|0x0000000708a00000, 0x0000000708a00000, 0x0000000708c00000|  0%| F|  |TAMS 0x0000000708a00000, 0x0000000708a00000| Untracked 
|  70|0x0000000708c00000, 0x0000000708c00000, 0x0000000708e00000|  0%| F|  |TAMS 0x0000000708c00000, 0x0000000708c00000| Untracked 
|  71|0x0000000708e00000, 0x0000000708e00000, 0x0000000709000000|  0%| F|  |TAMS 0x0000000708e00000, 0x0000000708e00000| Untracked 
|  72|0x0000000709000000, 0x0000000709000000, 0x0000000709200000|  0%| F|  |TAMS 0x0000000709000000, 0x0000000709000000| Untracked 
|  73|0x0000000709200000, 0x0000000709200000, 0x0000000709400000|  0%| F|  |TAMS 0x0000000709200000, 0x0000000709200000| Untracked 
|  74|0x0000000709400000, 0x0000000709400000, 0x0000000709600000|  0%| F|  |TAMS 0x0000000709400000, 0x0000000709400000| Untracked 
|  75|0x0000000709600000, 0x0000000709600000, 0x0000000709800000|  0%| F|  |TAMS 0x0000000709600000, 0x0000000709600000| Untracked 
|  76|0x0000000709800000, 0x0000000709800000, 0x0000000709a00000|  0%| F|  |TAMS 0x0000000709800000, 0x0000000709800000| Untracked 
|  77|0x0000000709a00000, 0x0000000709a00000, 0x0000000709c00000|  0%| F|  |TAMS 0x0000000709a00000, 0x0000000709a00000| Untracked 
|  78|0x0000000709c00000, 0x0000000709c00000, 0x0000000709e00000|  0%| F|  |TAMS 0x0000000709c00000, 0x0000000709c00000| Untracked 
|  79|0x0000000709e00000, 0x0000000709e00000, 0x000000070a000000|  0%| F|  |TAMS 0x0000000709e00000, 0x0000000709e00000| Untracked 
|  80|0x000000070a000000, 0x000000070a000000, 0x000000070a200000|  0%| F|  |TAMS 0x000000070a000000, 0x000000070a000000| Untracked 
|  81|0x000000070a200000, 0x000000070a200000, 0x000000070a400000|  0%| F|  |TAMS 0x000000070a200000, 0x000000070a200000| Untracked 
|  82|0x000000070a400000, 0x000000070a400000, 0x000000070a600000|  0%| F|  |TAMS 0x000000070a400000, 0x000000070a400000| Untracked 
|  83|0x000000070a600000, 0x000000070a600000, 0x000000070a800000|  0%| F|  |TAMS 0x000000070a600000, 0x000000070a600000| Untracked 
|  84|0x000000070a800000, 0x000000070a800000, 0x000000070aa00000|  0%| F|  |TAMS 0x000000070a800000, 0x000000070a800000| Untracked 
|  85|0x000000070aa00000, 0x000000070aa00000, 0x000000070ac00000|  0%| F|  |TAMS 0x000000070aa00000, 0x000000070aa00000| Untracked 
|  86|0x000000070ac00000, 0x000000070ac00000, 0x000000070ae00000|  0%| F|  |TAMS 0x000000070ac00000, 0x000000070ac00000| Untracked 
|  87|0x000000070ae00000, 0x000000070ae00000, 0x000000070b000000|  0%| F|  |TAMS 0x000000070ae00000, 0x000000070ae00000| Untracked 
|  88|0x000000070b000000, 0x000000070b000000, 0x000000070b200000|  0%| F|  |TAMS 0x000000070b000000, 0x000000070b000000| Untracked 
|  89|0x000000070b200000, 0x000000070b200000, 0x000000070b400000|  0%| F|  |TAMS 0x000000070b200000, 0x000000070b200000| Untracked 
|  90|0x000000070b400000, 0x000000070b400000, 0x000000070b600000|  0%| F|  |TAMS 0x000000070b400000, 0x000000070b400000| Untracked 
|  91|0x000000070b600000, 0x000000070b600000, 0x000000070b800000|  0%| F|  |TAMS 0x000000070b600000, 0x000000070b600000| Untracked 
|  92|0x000000070b800000, 0x000000070b800000, 0x000000070ba00000|  0%| F|  |TAMS 0x000000070b800000, 0x000000070b800000| Untracked 
|  93|0x000000070ba00000, 0x000000070ba00000, 0x000000070bc00000|  0%| F|  |TAMS 0x000000070ba00000, 0x000000070ba00000| Untracked 
|  94|0x000000070bc00000, 0x000000070bc00000, 0x000000070be00000|  0%| F|  |TAMS 0x000000070bc00000, 0x000000070bc00000| Untracked 
|  95|0x000000070be00000, 0x000000070be00000, 0x000000070c000000|  0%| F|  |TAMS 0x000000070be00000, 0x000000070be00000| Untracked 
|  96|0x000000070c000000, 0x000000070c000000, 0x000000070c200000|  0%| F|  |TAMS 0x000000070c000000, 0x000000070c000000| Untracked 
|  97|0x000000070c200000, 0x000000070c200000, 0x000000070c400000|  0%| F|  |TAMS 0x000000070c200000, 0x000000070c200000| Untracked 
|  98|0x000000070c400000, 0x000000070c400000, 0x000000070c600000|  0%| F|  |TAMS 0x000000070c400000, 0x000000070c400000| Untracked 
|  99|0x000000070c600000, 0x000000070c600000, 0x000000070c800000|  0%| F|  |TAMS 0x000000070c600000, 0x000000070c600000| Untracked 
| 100|0x000000070c800000, 0x000000070c800000, 0x000000070ca00000|  0%| F|  |TAMS 0x000000070c800000, 0x000000070c800000| Untracked 
| 101|0x000000070ca00000, 0x000000070cb694f0, 0x000000070cc00000| 70%| S|CS|TAMS 0x000000070ca00000, 0x000000070ca00000| Complete 
| 102|0x000000070cc00000, 0x000000070ce00000, 0x000000070ce00000|100%| S|CS|TAMS 0x000000070cc00000, 0x000000070cc00000| Complete 
| 103|0x000000070ce00000, 0x000000070d000000, 0x000000070d000000|100%| S|CS|TAMS 0x000000070ce00000, 0x000000070ce00000| Complete 
| 104|0x000000070d000000, 0x000000070d200000, 0x000000070d200000|100%| S|CS|TAMS 0x000000070d000000, 0x000000070d000000| Complete 
| 105|0x000000070d200000, 0x000000070d400000, 0x000000070d400000|100%| S|CS|TAMS 0x000000070d200000, 0x000000070d200000| Complete 
| 106|0x000000070d400000, 0x000000070d400000, 0x000000070d600000|  0%| F|  |TAMS 0x000000070d400000, 0x000000070d400000| Untracked 
| 107|0x000000070d600000, 0x000000070d600000, 0x000000070d800000|  0%| F|  |TAMS 0x000000070d600000, 0x000000070d600000| Untracked 
| 108|0x000000070d800000, 0x000000070d800000, 0x000000070da00000|  0%| F|  |TAMS 0x000000070d800000, 0x000000070d800000| Untracked 
| 109|0x000000070da00000, 0x000000070da00000, 0x000000070dc00000|  0%| F|  |TAMS 0x000000070da00000, 0x000000070da00000| Untracked 
| 110|0x000000070dc00000, 0x000000070dc00000, 0x000000070de00000|  0%| F|  |TAMS 0x000000070dc00000, 0x000000070dc00000| Untracked 
| 111|0x000000070de00000, 0x000000070de00000, 0x000000070e000000|  0%| F|  |TAMS 0x000000070de00000, 0x000000070de00000| Untracked 
| 112|0x000000070e000000, 0x000000070e000000, 0x000000070e200000|  0%| F|  |TAMS 0x000000070e000000, 0x000000070e000000| Untracked 
| 113|0x000000070e200000, 0x000000070e200000, 0x000000070e400000|  0%| F|  |TAMS 0x000000070e200000, 0x000000070e200000| Untracked 
| 114|0x000000070e400000, 0x000000070e400000, 0x000000070e600000|  0%| F|  |TAMS 0x000000070e400000, 0x000000070e400000| Untracked 
| 115|0x000000070e600000, 0x000000070e600000, 0x000000070e800000|  0%| F|  |TAMS 0x000000070e600000, 0x000000070e600000| Untracked 
| 116|0x000000070e800000, 0x000000070ea00000, 0x000000070ea00000|100%| E|  |TAMS 0x000000070e800000, 0x000000070e800000| Complete 
| 117|0x000000070ea00000, 0x000000070ec00000, 0x000000070ec00000|100%| E|CS|TAMS 0x000000070ea00000, 0x000000070ea00000| Complete 
| 118|0x000000070ec00000, 0x000000070ee00000, 0x000000070ee00000|100%| E|CS|TAMS 0x000000070ec00000, 0x000000070ec00000| Complete 
| 119|0x000000070ee00000, 0x000000070f000000, 0x000000070f000000|100%| E|CS|TAMS 0x000000070ee00000, 0x000000070ee00000| Complete 
| 120|0x000000070f000000, 0x000000070f200000, 0x000000070f200000|100%| E|CS|TAMS 0x000000070f000000, 0x000000070f000000| Complete 
| 121|0x000000070f200000, 0x000000070f400000, 0x000000070f400000|100%| E|CS|TAMS 0x000000070f200000, 0x000000070f200000| Complete 
| 122|0x000000070f400000, 0x000000070f600000, 0x000000070f600000|100%| E|CS|TAMS 0x000000070f400000, 0x000000070f400000| Complete 
| 123|0x000000070f600000, 0x000000070f800000, 0x000000070f800000|100%| E|CS|TAMS 0x000000070f600000, 0x000000070f600000| Complete 
| 124|0x000000070f800000, 0x000000070fa00000, 0x000000070fa00000|100%| E|CS|TAMS 0x000000070f800000, 0x000000070f800000| Complete 
| 125|0x000000070fa00000, 0x000000070fc00000, 0x000000070fc00000|100%| E|CS|TAMS 0x000000070fa00000, 0x000000070fa00000| Complete 
| 126|0x000000070fc00000, 0x000000070fe00000, 0x000000070fe00000|100%| E|CS|TAMS 0x000000070fc00000, 0x000000070fc00000| Complete 
| 127|0x000000070fe00000, 0x0000000710000000, 0x0000000710000000|100%| E|CS|TAMS 0x000000070fe00000, 0x000000070fe00000| Complete 
| 128|0x0000000710000000, 0x0000000710200000, 0x0000000710200000|100%| E|CS|TAMS 0x0000000710000000, 0x0000000710000000| Complete 
| 129|0x0000000710200000, 0x0000000710400000, 0x0000000710400000|100%| E|CS|TAMS 0x0000000710200000, 0x0000000710200000| Complete 
| 130|0x0000000710400000, 0x0000000710600000, 0x0000000710600000|100%| E|CS|TAMS 0x0000000710400000, 0x0000000710400000| Complete 
| 131|0x0000000710600000, 0x0000000710800000, 0x0000000710800000|100%| E|CS|TAMS 0x0000000710600000, 0x0000000710600000| Complete 
| 132|0x0000000710800000, 0x0000000710a00000, 0x0000000710a00000|100%| E|CS|TAMS 0x0000000710800000, 0x0000000710800000| Complete 
| 133|0x0000000710a00000, 0x0000000710c00000, 0x0000000710c00000|100%| E|CS|TAMS 0x0000000710a00000, 0x0000000710a00000| Complete 
| 134|0x0000000710c00000, 0x0000000710e00000, 0x0000000710e00000|100%| E|CS|TAMS 0x0000000710c00000, 0x0000000710c00000| Complete 
| 135|0x0000000710e00000, 0x0000000711000000, 0x0000000711000000|100%| E|CS|TAMS 0x0000000710e00000, 0x0000000710e00000| Complete 
| 136|0x0000000711000000, 0x0000000711200000, 0x0000000711200000|100%| E|CS|TAMS 0x0000000711000000, 0x0000000711000000| Complete 
| 137|0x0000000711200000, 0x0000000711400000, 0x0000000711400000|100%| E|CS|TAMS 0x0000000711200000, 0x0000000711200000| Complete 
| 138|0x0000000711400000, 0x0000000711600000, 0x0000000711600000|100%| E|CS|TAMS 0x0000000711400000, 0x0000000711400000| Complete 
| 139|0x0000000711600000, 0x0000000711800000, 0x0000000711800000|100%| E|CS|TAMS 0x0000000711600000, 0x0000000711600000| Complete 
| 140|0x0000000711800000, 0x0000000711a00000, 0x0000000711a00000|100%| E|CS|TAMS 0x0000000711800000, 0x0000000711800000| Complete 
| 141|0x0000000711a00000, 0x0000000711c00000, 0x0000000711c00000|100%| E|CS|TAMS 0x0000000711a00000, 0x0000000711a00000| Complete 
| 142|0x0000000711c00000, 0x0000000711e00000, 0x0000000711e00000|100%| E|CS|TAMS 0x0000000711c00000, 0x0000000711c00000| Complete 
| 143|0x0000000711e00000, 0x0000000712000000, 0x0000000712000000|100%| E|CS|TAMS 0x0000000711e00000, 0x0000000711e00000| Complete 
| 144|0x0000000712000000, 0x0000000712200000, 0x0000000712200000|100%| E|CS|TAMS 0x0000000712000000, 0x0000000712000000| Complete 
| 145|0x0000000712200000, 0x0000000712400000, 0x0000000712400000|100%| E|CS|TAMS 0x0000000712200000, 0x0000000712200000| Complete 
| 146|0x0000000712400000, 0x0000000712600000, 0x0000000712600000|100%| E|CS|TAMS 0x0000000712400000, 0x0000000712400000| Complete 
| 147|0x0000000712600000, 0x0000000712800000, 0x0000000712800000|100%| E|CS|TAMS 0x0000000712600000, 0x0000000712600000| Complete 
| 148|0x0000000712800000, 0x0000000712a00000, 0x0000000712a00000|100%| E|CS|TAMS 0x0000000712800000, 0x0000000712800000| Complete 
| 149|0x0000000712a00000, 0x0000000712c00000, 0x0000000712c00000|100%| E|CS|TAMS 0x0000000712a00000, 0x0000000712a00000| Complete 
| 150|0x0000000712c00000, 0x0000000712e00000, 0x0000000712e00000|100%| E|CS|TAMS 0x0000000712c00000, 0x0000000712c00000| Complete 
| 151|0x0000000712e00000, 0x0000000713000000, 0x0000000713000000|100%| E|CS|TAMS 0x0000000712e00000, 0x0000000712e00000| Complete 
| 152|0x0000000713000000, 0x0000000713200000, 0x0000000713200000|100%| E|CS|TAMS 0x0000000713000000, 0x0000000713000000| Complete 
| 153|0x0000000713200000, 0x0000000713400000, 0x0000000713400000|100%| E|CS|TAMS 0x0000000713200000, 0x0000000713200000| Complete 
| 154|0x0000000713400000, 0x0000000713600000, 0x0000000713600000|100%| E|CS|TAMS 0x0000000713400000, 0x0000000713400000| Complete 
| 155|0x0000000713600000, 0x0000000713800000, 0x0000000713800000|100%| E|CS|TAMS 0x0000000713600000, 0x0000000713600000| Complete 
| 156|0x0000000713800000, 0x0000000713a00000, 0x0000000713a00000|100%| E|CS|TAMS 0x0000000713800000, 0x0000000713800000| Complete 
| 157|0x0000000713a00000, 0x0000000713c00000, 0x0000000713c00000|100%| E|CS|TAMS 0x0000000713a00000, 0x0000000713a00000| Complete 
| 158|0x0000000713c00000, 0x0000000713e00000, 0x0000000713e00000|100%| E|CS|TAMS 0x0000000713c00000, 0x0000000713c00000| Complete 
| 159|0x0000000713e00000, 0x0000000714000000, 0x0000000714000000|100%| E|CS|TAMS 0x0000000713e00000, 0x0000000713e00000| Complete 
| 160|0x0000000714000000, 0x0000000714200000, 0x0000000714200000|100%| E|CS|TAMS 0x0000000714000000, 0x0000000714000000| Complete 
| 161|0x0000000714200000, 0x0000000714400000, 0x0000000714400000|100%| E|CS|TAMS 0x0000000714200000, 0x0000000714200000| Complete 
| 162|0x0000000714400000, 0x0000000714600000, 0x0000000714600000|100%| E|CS|TAMS 0x0000000714400000, 0x0000000714400000| Complete 
| 163|0x0000000714600000, 0x0000000714800000, 0x0000000714800000|100%| E|CS|TAMS 0x0000000714600000, 0x0000000714600000| Complete 
| 164|0x0000000714800000, 0x0000000714a00000, 0x0000000714a00000|100%| E|CS|TAMS 0x0000000714800000, 0x0000000714800000| Complete 
| 165|0x0000000714a00000, 0x0000000714c00000, 0x0000000714c00000|100%| E|CS|TAMS 0x0000000714a00000, 0x0000000714a00000| Complete 
| 166|0x0000000714c00000, 0x0000000714e00000, 0x0000000714e00000|100%| E|CS|TAMS 0x0000000714c00000, 0x0000000714c00000| Complete 
| 167|0x0000000714e00000, 0x0000000715000000, 0x0000000715000000|100%| E|CS|TAMS 0x0000000714e00000, 0x0000000714e00000| Complete 
| 168|0x0000000715000000, 0x0000000715200000, 0x0000000715200000|100%| E|CS|TAMS 0x0000000715000000, 0x0000000715000000| Complete 
| 169|0x0000000715200000, 0x0000000715400000, 0x0000000715400000|100%| E|CS|TAMS 0x0000000715200000, 0x0000000715200000| Complete 
| 170|0x0000000715400000, 0x0000000715600000, 0x0000000715600000|100%| E|CS|TAMS 0x0000000715400000, 0x0000000715400000| Complete 
| 171|0x0000000715600000, 0x0000000715800000, 0x0000000715800000|100%| E|CS|TAMS 0x0000000715600000, 0x0000000715600000| Complete 
| 172|0x0000000715800000, 0x0000000715a00000, 0x0000000715a00000|100%| E|CS|TAMS 0x0000000715800000, 0x0000000715800000| Complete 
| 173|0x0000000715a00000, 0x0000000715c00000, 0x0000000715c00000|100%| E|CS|TAMS 0x0000000715a00000, 0x0000000715a00000| Complete 
| 174|0x0000000715c00000, 0x0000000715e00000, 0x0000000715e00000|100%| E|CS|TAMS 0x0000000715c00000, 0x0000000715c00000| Complete 
| 175|0x0000000715e00000, 0x0000000716000000, 0x0000000716000000|100%| E|CS|TAMS 0x0000000715e00000, 0x0000000715e00000| Complete 
| 176|0x0000000716000000, 0x0000000716200000, 0x0000000716200000|100%| E|CS|TAMS 0x0000000716000000, 0x0000000716000000| Complete 
| 177|0x0000000716200000, 0x0000000716400000, 0x0000000716400000|100%| E|CS|TAMS 0x0000000716200000, 0x0000000716200000| Complete 
| 178|0x0000000716400000, 0x0000000716600000, 0x0000000716600000|100%| E|CS|TAMS 0x0000000716400000, 0x0000000716400000| Complete 
| 179|0x0000000716600000, 0x0000000716800000, 0x0000000716800000|100%| E|CS|TAMS 0x0000000716600000, 0x0000000716600000| Complete 
| 180|0x0000000716800000, 0x0000000716a00000, 0x0000000716a00000|100%| E|CS|TAMS 0x0000000716800000, 0x0000000716800000| Complete 
| 181|0x0000000716a00000, 0x0000000716c00000, 0x0000000716c00000|100%| E|CS|TAMS 0x0000000716a00000, 0x0000000716a00000| Complete 
| 182|0x0000000716c00000, 0x0000000716e00000, 0x0000000716e00000|100%| E|CS|TAMS 0x0000000716c00000, 0x0000000716c00000| Complete 
| 183|0x0000000716e00000, 0x0000000717000000, 0x0000000717000000|100%| E|CS|TAMS 0x0000000716e00000, 0x0000000716e00000| Complete 
| 184|0x0000000717000000, 0x0000000717200000, 0x0000000717200000|100%| E|CS|TAMS 0x0000000717000000, 0x0000000717000000| Complete 
| 185|0x0000000717200000, 0x0000000717400000, 0x0000000717400000|100%| E|CS|TAMS 0x0000000717200000, 0x0000000717200000| Complete 
| 186|0x0000000717400000, 0x0000000717600000, 0x0000000717600000|100%| E|CS|TAMS 0x0000000717400000, 0x0000000717400000| Complete 
| 187|0x0000000717600000, 0x0000000717800000, 0x0000000717800000|100%| E|CS|TAMS 0x0000000717600000, 0x0000000717600000| Complete 
| 188|0x0000000717800000, 0x0000000717a00000, 0x0000000717a00000|100%| E|CS|TAMS 0x0000000717800000, 0x0000000717800000| Complete 
| 189|0x0000000717a00000, 0x0000000717c00000, 0x0000000717c00000|100%| E|CS|TAMS 0x0000000717a00000, 0x0000000717a00000| Complete 
| 190|0x0000000717c00000, 0x0000000717e00000, 0x0000000717e00000|100%| E|CS|TAMS 0x0000000717c00000, 0x0000000717c00000| Complete 
| 191|0x0000000717e00000, 0x0000000718000000, 0x0000000718000000|100%| E|CS|TAMS 0x0000000717e00000, 0x0000000717e00000| Complete 
| 192|0x0000000718000000, 0x0000000718200000, 0x0000000718200000|100%| E|CS|TAMS 0x0000000718000000, 0x0000000718000000| Complete 
| 193|0x0000000718200000, 0x0000000718400000, 0x0000000718400000|100%| E|CS|TAMS 0x0000000718200000, 0x0000000718200000| Complete 
| 194|0x0000000718400000, 0x0000000718600000, 0x0000000718600000|100%| E|CS|TAMS 0x0000000718400000, 0x0000000718400000| Complete 
| 195|0x0000000718600000, 0x0000000718800000, 0x0000000718800000|100%| E|CS|TAMS 0x0000000718600000, 0x0000000718600000| Complete 
| 196|0x0000000718800000, 0x0000000718a00000, 0x0000000718a00000|100%| E|CS|TAMS 0x0000000718800000, 0x0000000718800000| Complete 

Card table byte_map: [0x000001cd7c290000,0x000001cd7ca90000] _byte_map_base: 0x000001cd78a90000

Marking Bits (Prev, Next): (CMBitMap*) 0x000001cd782f1740, (CMBitMap*) 0x000001cd782f1700
 Prev Bits: [0x000001cd13000000, 0x000001cd17000000)
 Next Bits: [0x000001cd0f000000, 0x000001cd13000000)

Polling page: 0x000001cd76260000

Metaspace:

Usage:
  Non-class:     87.28 MB used.
      Class:     14.00 MB used.
       Both:    101.28 MB used.

Virtual space:
  Non-class space:      128.00 MB reserved,      87.75 MB ( 69%) committed,  2 nodes.
      Class space:        1.00 GB reserved,      14.38 MB (  1%) committed,  1 nodes.
             Both:        1.12 GB reserved,     102.12 MB (  9%) committed. 

Chunk freelists:
   Non-Class:  7.97 MB
       Class:  1.64 MB
        Both:  9.61 MB

MaxMetaspaceSize: unlimited
CompressedClassSpaceSize: 1.00 GB
Initial GC threshold: 21.00 MB
Current GC threshold: 130.62 MB
CDS: off
MetaspaceReclaimPolicy: balanced
 - commit_granule_bytes: 65536.
 - commit_granule_words: 8192.
 - virtual_space_node_default_size: 8388608.
 - enlarge_chunks_in_place: 1.
 - new_chunks_are_fully_committed: 0.
 - uncommit_free_chunks: 1.
 - use_allocation_guard: 0.
 - handle_deallocations: 1.


Internal statistics:

num_allocs_failed_limit: 6.
num_arena_births: 1148.
num_arena_deaths: 2.
num_vsnodes_births: 3.
num_vsnodes_deaths: 0.
num_space_committed: 1634.
num_space_uncommitted: 0.
num_chunks_returned_to_freelist: 16.
num_chunks_taken_from_freelist: 5240.
num_chunk_merges: 8.
num_chunk_splits: 3449.
num_chunks_enlarged: 2308.
num_inconsistent_stats: 0.

CodeHeap 'non-profiled nmethods': size=120000Kb used=7331Kb max_used=7331Kb free=112668Kb
 bounds [0x000001cd07ad0000, 0x000001cd08200000, 0x000001cd0f000000]
CodeHeap 'profiled nmethods': size=120000Kb used=20666Kb max_used=20666Kb free=99333Kb
 bounds [0x000001cd00000000, 0x000001cd01430000, 0x000001cd07530000]
CodeHeap 'non-nmethods': size=5760Kb used=2420Kb max_used=2480Kb free=3339Kb
 bounds [0x000001cd07530000, 0x000001cd077a0000, 0x000001cd07ad0000]
 total_blobs=11370 nmethods=10422 adapters=859
 compilation: enabled
              stopped_count=0, restarted_count=0
 full_count=0

Compilation events (20 events):
Event: 18.291 Thread 0x000001cd2156daa0 12041       4       com.google.common.collect.Sets$1::isEmpty (30 bytes)
Event: 18.293 Thread 0x000001cd2156daa0 nmethod 12041 0x000001cd081ea390 code [0x000001cd081ea520, 0x000001cd081ea698]
Event: 18.305 Thread 0x000001cd170d8690 12042       3       org.gradle.api.internal.artifacts.configurations.DefaultConfiguration::isDetachedConfiguration (8 bytes)
Event: 18.305 Thread 0x000001cd170d8690 nmethod 12042 0x000001cd01428f90 code [0x000001cd01429120, 0x000001cd01429338]
Event: 18.315 Thread 0x000001cd2156c010 12043       4       sun.reflect.generics.parser.SignatureParser::parseTypeSignature (130 bytes)
Event: 18.316 Thread 0x000001cd170d8690 12044       3       org.objectweb.asm.AnnotationWriter::visitArray (62 bytes)
Event: 18.316 Thread 0x000001cd170d8690 nmethod 12044 0x000001cd01429410 code [0x000001cd014295e0, 0x000001cd014298f8]
Event: 18.317 Thread 0x000001cd2156daa0 12045       4       org.gradle.model.internal.asm.MethodVisitorScope::_GETFIELD (11 bytes)
Event: 18.318 Thread 0x000001cd2156c010 nmethod 12043 0x000001cd081ea890 code [0x000001cd081eaa20, 0x000001cd081eabb8]
Event: 18.318 Thread 0x000001cd2156c010 12046       4       org.gradle.model.internal.asm.MethodVisitorScope::_INVOKEINTERFACE (11 bytes)
Event: 18.322 Thread 0x000001cd170d8690 12048       3       kotlin.jvm.internal.PropertyReference::<init> (40 bytes)
Event: 18.323 Thread 0x000001cd170d8690 nmethod 12048 0x000001cd01429a90 code [0x000001cd01429c40, 0x000001cd0142a078]
Event: 18.324 Thread 0x000001cd2156daa0 nmethod 12045 0x000001cd081ead90 code [0x000001cd081eaf60, 0x000001cd081eb3c8]
Event: 18.324 Thread 0x000001cd2156daa0 12047       4       org.gradle.model.internal.asm.MethodVisitorScope::_INVOKEINTERFACE (12 bytes)
Event: 18.325 Thread 0x000001cd2156daa0 nmethod 12047 0x000001cd081eb910 code [0x000001cd081ebaa0, 0x000001cd081ebbb8]
Event: 18.325 Thread 0x000001cd2156c010 nmethod 12046 0x000001cd081ebd10 code [0x000001cd081ebec0, 0x000001cd081ec568]
Event: 18.332 Thread 0x000001cd2156c010 12049       4       java.beans.MethodRef::set (58 bytes)
Event: 18.332 Thread 0x000001cd2156daa0 12050       4       groovy.lang.MetaBeanProperty::<init> (18 bytes)
Event: 18.337 Thread 0x000001cd2156daa0 nmethod 12050 0x000001cd081ec990 code [0x000001cd081ecb00, 0x000001cd081ecf18]
Event: 18.380 Thread 0x000001cd2156daa0 12051   !   4       org.gradle.internal.classloader.CachingClassLoader::loadClass (85 bytes)

GC Heap History (20 events):
Event: 10.559 GC heap before
{Heap before GC invocations=28 (full 0):
 garbage-first heap   total 184320K, used 140401K [0x0000000700000000, 0x0000000800000000)
  region size 2048K, 29 young (59392K), 4 survivors (8192K)
 Metaspace       used 66650K, committed 67392K, reserved 1114112K
  class space    used 9075K, committed 9408K, reserved 1048576K
}
Event: 10.566 GC heap after
{Heap after GC invocations=29 (full 0):
 garbage-first heap   total 184320K, used 100842K [0x0000000700000000, 0x0000000800000000)
  region size 2048K, 4 young (8192K), 4 survivors (8192K)
 Metaspace       used 66650K, committed 67392K, reserved 1114112K
  class space    used 9075K, committed 9408K, reserved 1048576K
}
Event: 11.043 GC heap before
{Heap before GC invocations=29 (full 0):
 garbage-first heap   total 184320K, used 143850K [0x0000000700000000, 0x0000000800000000)
  region size 2048K, 25 young (51200K), 4 survivors (8192K)
 Metaspace       used 66737K, committed 67456K, reserved 1114112K
  class space    used 9075K, committed 9408K, reserved 1048576K
}
Event: 11.048 GC heap after
{Heap after GC invocations=30 (full 0):
 garbage-first heap   total 184320K, used 103866K [0x0000000700000000, 0x0000000800000000)
  region size 2048K, 1 young (2048K), 1 survivors (2048K)
 Metaspace       used 66737K, committed 67456K, reserved 1114112K
  class space    used 9075K, committed 9408K, reserved 1048576K
}
Event: 11.358 GC heap before
{Heap before GC invocations=31 (full 0):
 garbage-first heap   total 204800K, used 148922K [0x0000000700000000, 0x0000000800000000)
  region size 2048K, 23 young (47104K), 1 survivors (2048K)
 Metaspace       used 67470K, committed 68224K, reserved 1114112K
  class space    used 9185K, committed 9536K, reserved 1048576K
}
Event: 11.361 GC heap after
{Heap after GC invocations=32 (full 0):
 garbage-first heap   total 204800K, used 103983K [0x0000000700000000, 0x0000000800000000)
  region size 2048K, 1 young (2048K), 1 survivors (2048K)
 Metaspace       used 67470K, committed 68224K, reserved 1114112K
  class space    used 9185K, committed 9536K, reserved 1048576K
}
Event: 11.702 GC heap before
{Heap before GC invocations=32 (full 0):
 garbage-first heap   total 204800K, used 161327K [0x0000000700000000, 0x0000000800000000)
  region size 2048K, 29 young (59392K), 1 survivors (2048K)
 Metaspace       used 68581K, committed 69312K, reserved 1114112K
  class space    used 9315K, committed 9664K, reserved 1048576K
}
Event: 11.705 GC heap after
{Heap after GC invocations=33 (full 0):
 garbage-first heap   total 204800K, used 104437K [0x0000000700000000, 0x0000000800000000)
  region size 2048K, 2 young (4096K), 2 survivors (4096K)
 Metaspace       used 68581K, committed 69312K, reserved 1114112K
  class space    used 9315K, committed 9664K, reserved 1048576K
}
Event: 12.582 GC heap before
{Heap before GC invocations=34 (full 0):
 garbage-first heap   total 204800K, used 163829K [0x0000000700000000, 0x0000000800000000)
  region size 2048K, 31 young (63488K), 2 survivors (4096K)
 Metaspace       used 73727K, committed 74496K, reserved 1114112K
  class space    used 9951K, committed 10304K, reserved 1048576K
}
Event: 12.586 GC heap after
{Heap after GC invocations=35 (full 0):
 garbage-first heap   total 204800K, used 108970K [0x0000000700000000, 0x0000000800000000)
  region size 2048K, 4 young (8192K), 4 survivors (8192K)
 Metaspace       used 73727K, committed 74496K, reserved 1114112K
  class space    used 9951K, committed 10304K, reserved 1048576K
}
Event: 12.600 GC heap before
{Heap before GC invocations=35 (full 0):
 garbage-first heap   total 204800K, used 108970K [0x0000000700000000, 0x0000000800000000)
  region size 2048K, 5 young (10240K), 4 survivors (8192K)
 Metaspace       used 73957K, committed 74688K, reserved 1114112K
  class space    used 9963K, committed 10304K, reserved 1048576K
}
Event: 12.605 GC heap after
{Heap after GC invocations=36 (full 0):
 garbage-first heap   total 204800K, used 109023K [0x0000000700000000, 0x0000000800000000)
  region size 2048K, 1 young (2048K), 1 survivors (2048K)
 Metaspace       used 73957K, committed 74688K, reserved 1114112K
  class space    used 9963K, committed 10304K, reserved 1048576K
}
Event: 13.201 GC heap before
{Heap before GC invocations=36 (full 0):
 garbage-first heap   total 204800K, used 164319K [0x0000000700000000, 0x0000000800000000)
  region size 2048K, 28 young (57344K), 1 survivors (2048K)
 Metaspace       used 79499K, committed 80256K, reserved 1179648K
  class space    used 10693K, committed 11072K, reserved 1048576K
}
Event: 13.205 GC heap after
{Heap after GC invocations=37 (full 0):
 garbage-first heap   total 204800K, used 116825K [0x0000000700000000, 0x0000000800000000)
  region size 2048K, 4 young (8192K), 4 survivors (8192K)
 Metaspace       used 79499K, committed 80256K, reserved 1179648K
  class space    used 10693K, committed 11072K, reserved 1048576K
}
Event: 13.762 GC heap before
{Heap before GC invocations=38 (full 0):
 garbage-first heap   total 208896K, used 159833K [0x0000000700000000, 0x0000000800000000)
  region size 2048K, 26 young (53248K), 4 survivors (8192K)
 Metaspace       used 82421K, committed 83136K, reserved 1179648K
  class space    used 11083K, committed 11392K, reserved 1048576K
}
Event: 13.767 GC heap after
{Heap after GC invocations=39 (full 0):
 garbage-first heap   total 208896K, used 115550K [0x0000000700000000, 0x0000000800000000)
  region size 2048K, 2 young (4096K), 2 survivors (4096K)
 Metaspace       used 82421K, committed 83136K, reserved 1179648K
  class space    used 11083K, committed 11392K, reserved 1048576K
}
Event: 13.834 GC heap before
{Heap before GC invocations=39 (full 0):
 garbage-first heap   total 208896K, used 121694K [0x0000000700000000, 0x0000000800000000)
  region size 2048K, 5 young (10240K), 2 survivors (4096K)
 Metaspace       used 82905K, committed 83648K, reserved 1179648K
  class space    used 11144K, committed 11520K, reserved 1048576K
}
Event: 13.837 GC heap after
{Heap after GC invocations=40 (full 0):
 garbage-first heap   total 403456K, used 115416K [0x0000000700000000, 0x0000000800000000)
  region size 2048K, 1 young (2048K), 1 survivors (2048K)
 Metaspace       used 82905K, committed 83648K, reserved 1179648K
  class space    used 11144K, committed 11520K, reserved 1048576K
}
Event: 15.666 GC heap before
{Heap before GC invocations=40 (full 0):
 garbage-first heap   total 403456K, used 301784K [0x0000000700000000, 0x0000000800000000)
  region size 2048K, 91 young (186368K), 1 survivors (2048K)
 Metaspace       used 92203K, committed 93056K, reserved 1179648K
  class space    used 12650K, committed 13056K, reserved 1048576K
}
Event: 15.673 GC heap after
{Heap after GC invocations=41 (full 0):
 garbage-first heap   total 403456K, used 126502K [0x0000000700000000, 0x0000000800000000)
  region size 2048K, 5 young (10240K), 5 survivors (10240K)
 Metaspace       used 92203K, committed 93056K, reserved 1179648K
  class space    used 12650K, committed 13056K, reserved 1048576K
}

Dll operation events (3 events):
Event: 0.007 Loaded shared library C:\Program Files\Android\Android Studio\jbr\bin\java.dll
Event: 0.133 Loaded shared library C:\Program Files\Android\Android Studio\jbr\bin\zip.dll
Event: 0.518 Loaded shared library C:\Program Files\Android\Android Studio\jbr\bin\verify.dll

Deoptimization events (20 events):
Event: 18.065 Thread 0x000001cd1d9af410 Uncommon trap: trap_request=0xffffffbe fr.pc=0x000001cd0819d150 relative=0x00000000000001b0
Event: 18.065 Thread 0x000001cd1d9af410 Uncommon trap: reason=profile_predicate action=maybe_recompile pc=0x000001cd0819d150 method=java.util.LinkedHashMap.keysToArray([Ljava/lang/Object;)[Ljava/lang/Object; @ 12 c2
Event: 18.065 Thread 0x000001cd1d9af410 DEOPT PACKING pc=0x000001cd0819d150 sp=0x0000003b3e7f5400
Event: 18.065 Thread 0x000001cd1d9af410 DEOPT UNPACKING pc=0x000001cd075869a3 sp=0x0000003b3e7f53b8 mode 2
Event: 18.088 Thread 0x000001cd1d9af410 Uncommon trap: trap_request=0xffffffd6 fr.pc=0x000001cd07fe990c relative=0x000000000000046c
Event: 18.088 Thread 0x000001cd1d9af410 Uncommon trap: reason=array_check action=maybe_recompile pc=0x000001cd07fe990c method=java.util.HashMap.keysToArray([Ljava/lang/Object;)[Ljava/lang/Object; @ 62 c2
Event: 18.088 Thread 0x000001cd1d9af410 DEOPT PACKING pc=0x000001cd07fe990c sp=0x0000003b3e7f6cf0
Event: 18.088 Thread 0x000001cd1d9af410 DEOPT UNPACKING pc=0x000001cd075869a3 sp=0x0000003b3e7f6c88 mode 2
Event: 18.091 Thread 0x000001cd1d9af410 Uncommon trap: trap_request=0xffffffd6 fr.pc=0x000001cd07fe990c relative=0x000000000000046c
Event: 18.091 Thread 0x000001cd1d9af410 Uncommon trap: reason=array_check action=maybe_recompile pc=0x000001cd07fe990c method=java.util.HashMap.keysToArray([Ljava/lang/Object;)[Ljava/lang/Object; @ 62 c2
Event: 18.091 Thread 0x000001cd1d9af410 DEOPT PACKING pc=0x000001cd07fe990c sp=0x0000003b3e7f7470
Event: 18.091 Thread 0x000001cd1d9af410 DEOPT UNPACKING pc=0x000001cd075869a3 sp=0x0000003b3e7f7408 mode 2
Event: 18.093 Thread 0x000001cd1d9af410 Uncommon trap: trap_request=0xffffffd6 fr.pc=0x000001cd07fe990c relative=0x000000000000046c
Event: 18.093 Thread 0x000001cd1d9af410 Uncommon trap: reason=array_check action=maybe_recompile pc=0x000001cd07fe990c method=java.util.HashMap.keysToArray([Ljava/lang/Object;)[Ljava/lang/Object; @ 62 c2
Event: 18.093 Thread 0x000001cd1d9af410 DEOPT PACKING pc=0x000001cd07fe990c sp=0x0000003b3e7f6cf0
Event: 18.093 Thread 0x000001cd1d9af410 DEOPT UNPACKING pc=0x000001cd075869a3 sp=0x0000003b3e7f6c88 mode 2
Event: 18.094 Thread 0x000001cd1d9af410 Uncommon trap: trap_request=0xffffffd6 fr.pc=0x000001cd07fe990c relative=0x000000000000046c
Event: 18.094 Thread 0x000001cd1d9af410 Uncommon trap: reason=array_check action=maybe_recompile pc=0x000001cd07fe990c method=java.util.HashMap.keysToArray([Ljava/lang/Object;)[Ljava/lang/Object; @ 62 c2
Event: 18.094 Thread 0x000001cd1d9af410 DEOPT PACKING pc=0x000001cd07fe990c sp=0x0000003b3e7f7470
Event: 18.094 Thread 0x000001cd1d9af410 DEOPT UNPACKING pc=0x000001cd075869a3 sp=0x0000003b3e7f7408 mode 2

Classes unloaded (17 events):
Event: 13.296 Thread 0x000001cd7f9ce110 Unloading class 0x00000008009b0410 '_BuildScript_$_run_closure3'
Event: 13.296 Thread 0x000001cd7f9ce110 Unloading class 0x00000008009b0000 '_BuildScript_$_run_closure2$_closure16'
Event: 13.296 Thread 0x000001cd7f9ce110 Unloading class 0x00000008009af860 '_BuildScript_$_run_closure2'
Event: 13.296 Thread 0x000001cd7f9ce110 Unloading class 0x00000008009af450 '_BuildScript_$_run_closure1$_closure10'
Event: 13.296 Thread 0x000001cd7f9ce110 Unloading class 0x00000008009af040 '_BuildScript_$_run_closure1$_closure9'
Event: 13.296 Thread 0x000001cd7f9ce110 Unloading class 0x00000008009aec30 '_BuildScript_$_run_closure1$_closure8$_closure15'
Event: 13.296 Thread 0x000001cd7f9ce110 Unloading class 0x00000008009ae820 '_BuildScript_$_run_closure1$_closure8$_closure14'
Event: 13.296 Thread 0x000001cd7f9ce110 Unloading class 0x00000008009ae410 '_BuildScript_$_run_closure1$_closure8'
Event: 13.296 Thread 0x000001cd7f9ce110 Unloading class 0x00000008009ae000 '_BuildScript_$_run_closure1$_closure7$_closure13'
Event: 13.296 Thread 0x000001cd7f9ce110 Unloading class 0x00000008009ad860 '_BuildScript_$_run_closure1$_closure7'
Event: 13.296 Thread 0x000001cd7f9ce110 Unloading class 0x00000008009ad450 '_BuildScript_$_run_closure1$_closure6'
Event: 13.296 Thread 0x000001cd7f9ce110 Unloading class 0x00000008009ad040 '_BuildScript_$_run_closure1$_closure5$_closure12'
Event: 13.296 Thread 0x000001cd7f9ce110 Unloading class 0x00000008009acc30 '_BuildScript_$_run_closure1$_closure5$_closure11'
Event: 13.296 Thread 0x000001cd7f9ce110 Unloading class 0x00000008009ac820 '_BuildScript_$_run_closure1$_closure5'
Event: 13.296 Thread 0x000001cd7f9ce110 Unloading class 0x00000008009ac410 '_BuildScript_$_run_closure1$_closure4'
Event: 13.296 Thread 0x000001cd7f9ce110 Unloading class 0x00000008009ac000 '_BuildScript_$_run_closure1'
Event: 13.296 Thread 0x000001cd7f9ce110 Unloading class 0x00000008009a0800 '_BuildScript_'

Classes redefined (0 events):
No events

Internal exceptions (20 events):
Event: 16.430 Thread 0x000001cd1d9af410 Exception <a 'java/lang/NoSuchMethodError'{0x00000007155f7b40}: static Lorg/jetbrains/kotlin/gradle/plugin/diagnostics/DefaultProblemsReporter$Factory;.<clinit>()V> (0x00000007155f7b40) 
thrown [s\src\hotspot\share\prims\jni.cpp, line 1108]
Event: 16.433 Thread 0x000001cd1d9af410 Exception <a 'java/lang/NoSuchMethodError'{0x000000071521d040}: static Lorg/jetbrains/kotlin/gradle/plugin/internal/DefaultCompatibilityConventionRegistrar$Factory;.<clinit>()V> (0x000000071521d040) 
thrown [s\src\hotspot\share\prims\jni.cpp, line 1108]
Event: 16.434 Thread 0x000001cd1d9af410 Exception <a 'java/lang/NoSuchMethodError'{0x0000000715239200}: static Lorg/jetbrains/kotlin/gradle/plugin/internal/DefaultConfigurationCacheStartParameterAccessorVariantFactory;.<clinit>()V> (0x0000000715239200) 
thrown [s\src\hotspot\share\prims\jni.cpp, line 1108]
Event: 17.280 Thread 0x000001cd1d9af410 Exception <a 'java/lang/ClassNotFoundException'{0x0000000712ec18d8}: org/jetbrains/kotlin/gradle/targets/js/npm/DefaultNpmDependencyExtensionBeanInfo> (0x0000000712ec18d8) 
thrown [s\src\hotspot\share\classfile\systemDictionary.cpp, line 256]
Event: 17.281 Thread 0x000001cd1d9af410 Exception <a 'java/lang/ClassNotFoundException'{0x0000000712ecd480}: org/jetbrains/kotlin/gradle/targets/js/npm/DefaultNpmDependencyExtensionCustomizer> (0x0000000712ecd480) 
thrown [s\src\hotspot\share\classfile\systemDictionary.cpp, line 256]
Event: 17.286 Thread 0x000001cd1d9af410 Exception <a 'java/lang/ClassNotFoundException'{0x0000000712f57608}: org/jetbrains/kotlin/gradle/targets/js/npm/NpmDependencyExtensionKt$defaultNpmDependencyDelegate$1BeanInfo> (0x0000000712f57608) 
thrown [s\src\hotspot\share\classfile\systemDictionary.cpp, line 256]
Event: 17.286 Thread 0x000001cd1d9af410 Exception <a 'java/lang/ClassNotFoundException'{0x0000000712f634a8}: org/jetbrains/kotlin/gradle/targets/js/npm/NpmDependencyExtensionDelegateBeanInfo> (0x0000000712f634a8) 
thrown [s\src\hotspot\share\classfile\systemDictionary.cpp, line 256]
Event: 17.287 Thread 0x000001cd1d9af410 Exception <a 'java/lang/ClassNotFoundException'{0x0000000712f6f060}: org/jetbrains/kotlin/gradle/targets/js/npm/NpmDependencyExtensionDelegateCustomizer> (0x0000000712f6f060) 
thrown [s\src\hotspot\share\classfile\systemDictionary.cpp, line 256]
Event: 17.288 Thread 0x000001cd1d9af410 Exception <a 'java/lang/ClassNotFoundException'{0x0000000712f9d810}: org/jetbrains/kotlin/gradle/targets/js/npm/NpmDependencyExtensionKt$defaultNpmDependencyDelegate$1Customizer> (0x0000000712f9d810) 
thrown [s\src\hotspot\share\classfile\systemDictionary.cpp, line 256]
Event: 17.291 Thread 0x000001cd1d9af410 Exception <a 'java/lang/ClassNotFoundException'{0x0000000712fdb0a0}: org/jetbrains/kotlin/gradle/targets/js/npm/DefaultDevNpmDependencyExtensionBeanInfo> (0x0000000712fdb0a0) 
thrown [s\src\hotspot\share\classfile\systemDictionary.cpp, line 256]
Event: 17.291 Thread 0x000001cd1d9af410 Exception <a 'java/lang/ClassNotFoundException'{0x0000000712fe6c68}: org/jetbrains/kotlin/gradle/targets/js/npm/DefaultDevNpmDependencyExtensionCustomizer> (0x0000000712fe6c68) 
thrown [s\src\hotspot\share\classfile\systemDictionary.cpp, line 256]
Event: 17.294 Thread 0x000001cd1d9af410 Exception <a 'java/lang/ClassNotFoundException'{0x0000000712c2dbf0}: org/jetbrains/kotlin/gradle/targets/js/npm/DefaultPeerNpmDependencyExtensionBeanInfo> (0x0000000712c2dbf0) 
thrown [s\src\hotspot\share\classfile\systemDictionary.cpp, line 256]
Event: 17.294 Thread 0x000001cd1d9af410 Exception <a 'java/lang/ClassNotFoundException'{0x0000000712c397e0}: org/jetbrains/kotlin/gradle/targets/js/npm/DefaultPeerNpmDependencyExtensionCustomizer> (0x0000000712c397e0) 
thrown [s\src\hotspot\share\classfile\systemDictionary.cpp, line 256]
Event: 17.297 Thread 0x000001cd1d9af410 Exception <a 'java/lang/ClassNotFoundException'{0x0000000712c89288}: org/jetbrains/kotlin/gradle/targets/js/npm/DefaultPeerNpmDependencyExtension$delegate$1BeanInfo> (0x0000000712c89288) 
thrown [s\src\hotspot\share\classfile\systemDictionary.cpp, line 256]
Event: 17.297 Thread 0x000001cd1d9af410 Exception <a 'java/lang/ClassNotFoundException'{0x0000000712c950c0}: org/jetbrains/kotlin/gradle/targets/js/npm/DefaultPeerNpmDependencyExtension$delegate$1Customizer> (0x0000000712c950c0) 
thrown [s\src\hotspot\share\classfile\systemDictionary.cpp, line 256]
Event: 18.060 Thread 0x000001cd1d9af410 Exception <a 'java/lang/NoSuchMethodError'{0x00000007101a71a8}: 'int java.lang.invoke.DirectMethodHandle$Holder.invokeSpecialIFC(java.lang.Object, java.lang.Object, java.lang.Object, java.lang.Object, java.lang.Object)'> (0x00000007101a71a8) 
thrown [s\src\hotspot\share\interpreter\linkResolver.cpp, line 771]
Event: 18.330 Thread 0x000001cd1d9af410 Exception <a 'java/lang/ClassNotFoundException'{0x000000070ed384a0}: com/android/build/gradle/internal/api/ReadOnlyBuildTypeBeanInfo> (0x000000070ed384a0) 
thrown [s\src\hotspot\share\classfile\systemDictionary.cpp, line 256]
Event: 18.331 Thread 0x000001cd1d9af410 Exception <a 'java/lang/ClassNotFoundException'{0x000000070ed46f68}: com/android/build/gradle/internal/api/ReadOnlyBaseConfigBeanInfo> (0x000000070ed46f68) 
thrown [s\src\hotspot\share\classfile\systemDictionary.cpp, line 256]
Event: 18.331 Thread 0x000001cd1d9af410 Exception <a 'java/lang/ClassNotFoundException'{0x000000070ed55a58}: com/android/build/gradle/internal/api/ReadOnlyBaseConfigCustomizer> (0x000000070ed55a58) 
thrown [s\src\hotspot\share\classfile\systemDictionary.cpp, line 256]
Event: 18.332 Thread 0x000001cd1d9af410 Exception <a 'java/lang/ClassNotFoundException'{0x000000070ed73fb8}: com/android/build/gradle/internal/api/ReadOnlyBuildTypeCustomizer> (0x000000070ed73fb8) 
thrown [s\src\hotspot\share\classfile\systemDictionary.cpp, line 256]

VM Operations (20 events):
Event: 14.145 Executing VM operation: HandshakeAllThreads
Event: 14.145 Executing VM operation: HandshakeAllThreads done
Event: 14.407 Executing VM operation: ICBufferFull
Event: 14.407 Executing VM operation: ICBufferFull done
Event: 15.310 Executing VM operation: ICBufferFull
Event: 15.310 Executing VM operation: ICBufferFull done
Event: 15.665 Executing VM operation: G1CollectForAllocation
Event: 15.673 Executing VM operation: G1CollectForAllocation done
Event: 15.700 Executing VM operation: HandshakeAllThreads
Event: 15.701 Executing VM operation: HandshakeAllThreads done
Event: 16.209 Executing VM operation: HandshakeAllThreads
Event: 16.209 Executing VM operation: HandshakeAllThreads done
Event: 16.443 Executing VM operation: ICBufferFull
Event: 16.444 Executing VM operation: ICBufferFull done
Event: 16.675 Executing VM operation: HandshakeAllThreads
Event: 16.675 Executing VM operation: HandshakeAllThreads done
Event: 17.276 Executing VM operation: HandshakeAllThreads
Event: 17.277 Executing VM operation: HandshakeAllThreads done
Event: 18.230 Executing VM operation: ICBufferFull
Event: 18.230 Executing VM operation: ICBufferFull done

Events (20 events):
Event: 16.417 loading class java/io/ObjectOutputStream$ReplaceTable done
Event: 16.564 Thread 0x000001cd2156c010 Thread exited: 0x000001cd2156c010
Event: 17.243 Thread 0x000001cd2156daa0 Thread added: 0x000001cd2156daa0
Event: 17.298 Thread 0x000001cd2156c010 Thread added: 0x000001cd2156c010
Event: 17.317 loading class java/io/Console
Event: 17.320 loading class java/io/Console done
Event: 17.320 loading class java/nio/charset/Charset$ExtendedProviderHolder
Event: 17.320 loading class java/nio/charset/Charset$ExtendedProviderHolder done
Event: 17.320 loading class java/nio/charset/Charset$ExtendedProviderHolder$1
Event: 17.321 loading class java/nio/charset/Charset$ExtendedProviderHolder$1 done
Event: 17.331 loading class java/nio/charset/Charset$2
Event: 17.331 loading class java/nio/charset/Charset$2 done
Event: 17.331 loading class java/nio/charset/Charset$1
Event: 17.331 loading class java/nio/charset/Charset$1 done
Event: 17.333 loading class java/nio/charset/UnsupportedCharsetException
Event: 17.333 loading class java/nio/charset/UnsupportedCharsetException done
Event: 17.334 loading class java/io/Console$2
Event: 17.334 loading class jdk/internal/access/JavaIOAccess
Event: 17.334 loading class jdk/internal/access/JavaIOAccess done
Event: 17.334 loading class java/io/Console$2 done


Dynamic libraries:
0x00007ff65df50000 - 0x00007ff65df5a000 	C:\Program Files\Android\Android Studio\jbr\bin\java.exe
0x00007fff6e810000 - 0x00007fff6ea08000 	C:\WINDOWS\SYSTEM32\ntdll.dll
0x00007fff6cc30000 - 0x00007fff6ccf2000 	C:\WINDOWS\System32\KERNEL32.DLL
0x00007fff6bea0000 - 0x00007fff6c196000 	C:\WINDOWS\System32\KERNELBASE.dll
0x00007fff6c1d0000 - 0x00007fff6c2d0000 	C:\WINDOWS\System32\ucrtbase.dll
0x00007fff68510000 - 0x00007fff68527000 	C:\Program Files\Android\Android Studio\jbr\bin\jli.dll
0x00007fff476e0000 - 0x00007fff476fb000 	C:\Program Files\Android\Android Studio\jbr\bin\VCRUNTIME140.dll
0x00007fff6c9f0000 - 0x00007fff6cb91000 	C:\WINDOWS\System32\USER32.dll
0x00007fff5a4c0000 - 0x00007fff5a75b000 	C:\WINDOWS\WinSxS\amd64_microsoft.windows.common-controls_6595b64144ccf1df_6.0.19041.6456_none_60b8a6cb71f64256\COMCTL32.dll
0x00007fff6c1a0000 - 0x00007fff6c1c2000 	C:\WINDOWS\System32\win32u.dll
0x00007fff6cba0000 - 0x00007fff6cbcb000 	C:\WINDOWS\System32\GDI32.dll
0x00007fff6d780000 - 0x00007fff6d81e000 	C:\WINDOWS\System32\msvcrt.dll
0x00007fff6c500000 - 0x00007fff6c619000 	C:\WINDOWS\System32\gdi32full.dll
0x00007fff6c380000 - 0x00007fff6c41d000 	C:\WINDOWS\System32\msvcp_win.dll
0x00007fff6d2b0000 - 0x00007fff6d2df000 	C:\WINDOWS\System32\IMM32.DLL
0x00007fff68f10000 - 0x00007fff68f1c000 	C:\Program Files\Android\Android Studio\jbr\bin\vcruntime140_1.dll
0x00007fff3a1e0000 - 0x00007fff3a26d000 	C:\Program Files\Android\Android Studio\jbr\bin\msvcp140.dll
0x00007ffeba020000 - 0x00007ffebaca3000 	C:\Program Files\Android\Android Studio\jbr\bin\server\jvm.dll
0x00007fff6e6b0000 - 0x00007fff6e761000 	C:\WINDOWS\System32\ADVAPI32.dll
0x00007fff6d820000 - 0x00007fff6d8bf000 	C:\WINDOWS\System32\sechost.dll
0x00007fff6e3e0000 - 0x00007fff6e500000 	C:\WINDOWS\System32\RPCRT4.dll
0x00007fff6c2d0000 - 0x00007fff6c2f7000 	C:\WINDOWS\System32\bcrypt.dll
0x00007fff68fd0000 - 0x00007fff68fd9000 	C:\WINDOWS\SYSTEM32\WSOCK32.dll
0x00007fff57fc0000 - 0x00007fff57fe7000 	C:\WINDOWS\SYSTEM32\WINMM.dll
0x00007fff6e2c0000 - 0x00007fff6e32b000 	C:\WINDOWS\System32\WS2_32.dll
0x00007fff6bd00000 - 0x00007fff6bd4b000 	C:\WINDOWS\SYSTEM32\POWRPROF.dll
0x00007fff68e50000 - 0x00007fff68e5a000 	C:\WINDOWS\SYSTEM32\VERSION.dll
0x00007fff6bce0000 - 0x00007fff6bcf2000 	C:\WINDOWS\SYSTEM32\UMPDC.dll
0x00007fff69d10000 - 0x00007fff69d22000 	C:\WINDOWS\SYSTEM32\kernel.appcore.dll
0x00007fff69040000 - 0x00007fff6904a000 	C:\Program Files\Android\Android Studio\jbr\bin\jimage.dll
0x00007fff58240000 - 0x00007fff58441000 	C:\WINDOWS\SYSTEM32\DBGHELP.DLL
0x00007fff53b00000 - 0x00007fff53b34000 	C:\WINDOWS\SYSTEM32\dbgcore.DLL
0x00007fff6c420000 - 0x00007fff6c4a2000 	C:\WINDOWS\System32\bcryptPrimitives.dll
0x00007fff68f40000 - 0x00007fff68f4e000 	C:\Program Files\Android\Android Studio\jbr\bin\instrument.dll
0x00007fff56660000 - 0x00007fff56685000 	C:\Program Files\Android\Android Studio\jbr\bin\java.dll
0x00007fff484e0000 - 0x00007fff484f8000 	C:\Program Files\Android\Android Studio\jbr\bin\zip.dll
0x00007fff6db50000 - 0x00007fff6e2c0000 	C:\WINDOWS\System32\SHELL32.dll
0x00007fff69f10000 - 0x00007fff6a6b5000 	C:\WINDOWS\SYSTEM32\windows.storage.dll
0x00007fff6d2e0000 - 0x00007fff6d634000 	C:\WINDOWS\System32\combase.dll
0x00007fff6b7f0000 - 0x00007fff6b81b000 	C:\WINDOWS\SYSTEM32\Wldp.dll
0x00007fff6d8c0000 - 0x00007fff6d98d000 	C:\WINDOWS\System32\OLEAUT32.dll
0x00007fff6e330000 - 0x00007fff6e3dd000 	C:\WINDOWS\System32\SHCORE.dll
0x00007fff6e770000 - 0x00007fff6e7cb000 	C:\WINDOWS\System32\shlwapi.dll
0x00007fff6bdd0000 - 0x00007fff6bdf4000 	C:\WINDOWS\SYSTEM32\profapi.dll
0x00007fff477a0000 - 0x00007fff477b9000 	C:\Program Files\Android\Android Studio\jbr\bin\net.dll
0x00007fff631d0000 - 0x00007fff632da000 	C:\WINDOWS\SYSTEM32\WINHTTP.dll
0x00007fff6b550000 - 0x00007fff6b5ba000 	C:\WINDOWS\system32\mswsock.dll
0x00007fff47780000 - 0x00007fff47796000 	C:\Program Files\Android\Android Studio\jbr\bin\nio.dll
0x00007fff65dd0000 - 0x00007fff65de0000 	C:\Program Files\Android\Android Studio\jbr\bin\verify.dll
0x00007fff47750000 - 0x00007fff47777000 	C:\Users\a\.gradle\native\1def1411415f61bf3af743bc5b6707747c0891f09f0c88961ee8f79bc544acac\windows-amd64\native-platform.dll
0x00007fff20630000 - 0x00007fff206a8000 	C:\Users\a\.gradle\native\0.2.7\x86_64-windows-gnu\gradle-fileevents.dll
0x00007fff68f30000 - 0x00007fff68f39000 	C:\Program Files\Android\Android Studio\jbr\bin\management.dll
0x00007fff67ad0000 - 0x00007fff67adb000 	C:\Program Files\Android\Android Studio\jbr\bin\management_ext.dll
0x00007fff6c830000 - 0x00007fff6c838000 	C:\WINDOWS\System32\PSAPI.DLL
0x00007fff6b230000 - 0x00007fff6b26b000 	C:\WINDOWS\SYSTEM32\IPHLPAPI.DLL
0x00007fff6db40000 - 0x00007fff6db48000 	C:\WINDOWS\System32\NSI.dll
0x00007fff63de0000 - 0x00007fff63df7000 	C:\WINDOWS\SYSTEM32\dhcpcsvc6.DLL
0x00007fff65000000 - 0x00007fff6501d000 	C:\WINDOWS\SYSTEM32\dhcpcsvc.DLL
0x00007fff6b270000 - 0x00007fff6b33a000 	C:\WINDOWS\SYSTEM32\DNSAPI.dll
0x00007fff6b750000 - 0x00007fff6b768000 	C:\WINDOWS\SYSTEM32\CRYPTSP.dll
0x00007fff6ae70000 - 0x00007fff6aea8000 	C:\WINDOWS\system32\rsaenh.dll
0x00007fff6bd90000 - 0x00007fff6bdbe000 	C:\WINDOWS\SYSTEM32\USERENV.dll
0x00007fff6b740000 - 0x00007fff6b74c000 	C:\WINDOWS\SYSTEM32\CRYPTBASE.dll
0x00007fff450a0000 - 0x00007fff450a7000 	C:\WINDOWS\system32\wshunix.dll

dbghelp: loaded successfully - version: 4.0.5 - missing functions: none
symbol engine: initialized successfully - sym options: 0x614 - pdb path: .;C:\Program Files\Android\Android Studio\jbr\bin;C:\WINDOWS\SYSTEM32;C:\WINDOWS\WinSxS\amd64_microsoft.windows.common-controls_6595b64144ccf1df_6.0.19041.6456_none_60b8a6cb71f64256;C:\Program Files\Android\Android Studio\jbr\bin\server;C:\Users\a\.gradle\native\1def1411415f61bf3af743bc5b6707747c0891f09f0c88961ee8f79bc544acac\windows-amd64;C:\Users\a\.gradle\native\0.2.7\x86_64-windows-gnu

VM Arguments:
jvm_args: --add-opens=java.base/java.lang=ALL-UNNAMED --add-opens=java.base/java.lang.invoke=ALL-UNNAMED --add-opens=java.base/java.util=ALL-UNNAMED --add-opens=java.prefs/java.util.prefs=ALL-UNNAMED --add-exports=jdk.compiler/com.sun.tools.javac.api=ALL-UNNAMED --add-exports=jdk.compiler/com.sun.tools.javac.util=ALL-UNNAMED --add-opens=java.base/java.util=ALL-UNNAMED --add-opens=java.prefs/java.util.prefs=ALL-UNNAMED --add-opens=java.base/java.nio.charset=ALL-UNNAMED --add-opens=java.base/java.net=ALL-UNNAMED --add-opens=java.base/java.util.concurrent.atomic=ALL-UNNAMED --add-opens=java.xml/javax.xml.namespace=ALL-UNNAMED -Xmx4096m -Dfile.encoding=windows-1252 -Duser.country=AU -Duser.language=en -Duser.variant -javaagent:C:\Users\a\.gradle\wrapper\dists\gradle-8.14.3-bin\40dfek2kz346l18gf9ltjsnyd\gradle-8.14.3\lib\agents\gradle-instrumentation-agent-8.14.3.jar 
java_command: org.gradle.launcher.daemon.bootstrap.GradleDaemon 8.14.3
java_class_path (initial): C:\Users\a\.gradle\wrapper\dists\gradle-8.14.3-bin\40dfek2kz346l18gf9ltjsnyd\gradle-8.14.3\lib\gradle-daemon-main-8.14.3.jar
Launcher Type: SUN_STANDARD

[Global flags]
     intx CICompilerCount                          = 4                                         {product} {ergonomic}
     uint ConcGCThreads                            = 2                                         {product} {ergonomic}
     uint G1ConcRefinementThreads                  = 8                                         {product} {ergonomic}
   size_t G1HeapRegionSize                         = 2097152                                   {product} {ergonomic}
    uintx GCDrainStackTargetSize                   = 64                                        {product} {ergonomic}
   size_t InitialHeapSize                          = 268435456                                 {product} {ergonomic}
   size_t MarkStackSize                            = 4194304                                   {product} {ergonomic}
   size_t MaxHeapSize                              = 4294967296                                {product} {command line}
   size_t MaxNewSize                               = 2575302656                                {product} {ergonomic}
   size_t MinHeapDeltaBytes                        = 2097152                                   {product} {ergonomic}
   size_t MinHeapSize                              = 8388608                                   {product} {ergonomic}
    uintx NonNMethodCodeHeapSize                   = 5839372                                {pd product} {ergonomic}
    uintx NonProfiledCodeHeapSize                  = 122909434                              {pd product} {ergonomic}
    uintx ProfiledCodeHeapSize                     = 122909434                              {pd product} {ergonomic}
    uintx ReservedCodeCacheSize                    = 251658240                              {pd product} {ergonomic}
     bool SegmentedCodeCache                       = true                                      {product} {ergonomic}
   size_t SoftMaxHeapSize                          = 4294967296                             {manageable} {ergonomic}
     bool UseCompressedClassPointers               = true                           {product lp64_product} {ergonomic}
     bool UseCompressedOops                        = true                           {product lp64_product} {ergonomic}
     bool UseG1GC                                  = true                                      {product} {ergonomic}
     bool UseLargePagesIndividualAllocation        = false                                  {pd product} {ergonomic}

Logging:
Log output configuration:
 #0: stdout all=warning uptime,level,tags
 #1: stderr all=off uptime,level,tags

Environment Variables:
JAVA_HOME=C:\Program Files\Java\jdk-17
PATH=C:\Program Files\Java\jdk-17\bin;C:\Program Files\Common Files\Oracle\Java\javapath;C:\Program Files (x86)\Intel\iCLS Client\;C:\Program Files\Intel\iCLS Client\;C:\WINDOWS\system32;C:\WINDOWS;C:\WINDOWS\System32\Wbem;C:\WINDOWS\System32\WindowsPowerShell\v1.0\;C:\WINDOWS\System32\OpenSSH\;C:\Program Files\dotnet\;C:\Program Files\Git\cmd;C:\Program Files\Java\jdk-17\bin;C:\Users\a\Documents\gradle\gradle-7.5\bin;C:\Users\a\AppData\Local\Android\Sdk\emulator;C:\Users\a\AppData\Local\Android\Sdk\platform-tools;C:\Program Files\MongoDB\Server\8.0\bin;C:\Program Files\PuTTY\;C:\Program Files\Go\bin;C:\Program Files\nodejs\;C:\Program Files\GitHub CLI\;C:\protoc\bin;C:\Program Files\Memurai\;C:\Users\a\AppData\Local\Programs\Python\Python313\Scripts\;C:\Users\a\AppData\Local\Programs\Python\Python313\;C:\Users\a\AppData\Local\Microsoft\WindowsApps;C:\Users\a\AppData\Local\Programs\Microsoft VS Code\bin;C:\flutter\bin;C:\Users\a\AppData\Local\Android\Sdk;C:\Program Files\Java\jdk-17;C:\maven\bin;C:\Users\a\go\bin;C:\Program Files (x86)\Nmap;C:\Users\a\AppData\Roaming\npm;C:\Users\a\AppData\Local\Pub\Cache\bin;C:\Gradle\bin;C:\Program Files\OpenSSL-Win64\bin;C:\protoc\bin;C:\etcd;
USERNAME=a
OS=Windows_NT
PROCESSOR_IDENTIFIER=Intel64 Family 6 Model 70 Stepping 1, GenuineIntel
TMP=C:\Users\a\AppData\Local\Temp
TEMP=C:\Users\a\AppData\Local\Temp



Periodic native trim disabled

JNI global refs:
JNI global refs: 28, weak refs: 0

JNI global refs memory usage: 843, weak refs: 841

OOME stack traces (most recent first):
Classloader memory used:
Loader org.gradle.internal.classloader.VisitableURLClassLoader                         : 5646K
Loader org.gradle.internal.classloader.VisitableURLClassLoader$InstrumentingVisitableURLClassLoader: 2887K
Loader bootstrap                                                                       : 2840K
Loader org.gradle.initialization.MixInLegacyTypesClassLoader                           : 1281K
Loader org.gradle.internal.classloader.VisitableURLClassLoader                         : 81295B
Loader jdk.internal.loader.ClassLoaders$PlatformClassLoader                            : 71298B
Loader jdk.internal.reflect.DelegatingClassLoader                                      : 68275B
Loader org.gradle.groovy.scripts.internal.DefaultScriptCompilationHandler$ScriptClassLoader: 59950B
Loader jdk.internal.loader.ClassLoaders$AppClassLoader                                 : 29359B
Loader org.codehaus.groovy.runtime.callsite.CallSiteClassLoader                        : 6905B

Classes loaded by more than one classloader:
Class org.gradle.internal.Cast                                                        : loaded 3 times (x 69B)
Class org.gradle.api.GradleException                                                  : loaded 3 times (x 80B)
Class com.google.common.collect.Iterators$MergingIterator                             : loaded 2 times (x 79B)
Class org.objectweb.asm.ModuleVisitor                                                 : loaded 2 times (x 79B)
Class org.jetbrains.plugins.gradle.model.MavenRepositoryModel                         : loaded 2 times (x 68B)
Class [Lcom.google.common.collect.AbstractMapEntry;                                   : loaded 2 times (x 67B)
Class com.google.common.collect.ImmutableRangeSet$AsSet                               : loaded 2 times (x 233B)
Class com.google.common.collect.SingletonImmutableList                                : loaded 2 times (x 167B)
Class com.google.common.cache.CacheLoader$SupplierToCacheLoader                       : loaded 2 times (x 73B)
Class org.gradle.internal.classpath.ClassPath                                         : loaded 2 times (x 68B)
Class com.google.common.cache.RemovalListener                                         : loaded 2 times (x 68B)
Class org.gradle.api.internal.classpath.DefaultModuleRegistry                         : loaded 2 times (x 84B)
Class org.gradle.internal.exceptions.NonGradleCauseExceptionsHolder                   : loaded 2 times (x 68B)
Class com.google.common.collect.ImmutableEnumSet                                      : loaded 2 times (x 144B)
Class com.google.common.collect.ListMultimap                                          : loaded 2 times (x 68B)
Class com.google.common.collect.AbstractMultimap                                      : loaded 2 times (x 121B)
Class com.intellij.openapi.externalSystem.model.ExternalSystemException               : loaded 2 times (x 84B)
Class com.google.common.cache.CacheBuilder$OneWeigher                                 : loaded 2 times (x 80B)
Class org.gradle.api.Action                                                           : loaded 2 times (x 68B)
Class org.jetbrains.kotlin.idea.gradleTooling.model.samWithReceiver.SamWithReceiverModel: loaded 2 times (x 68B)
Class com.google.common.collect.ImmutableEntry                                        : loaded 2 times (x 80B)
Class com.google.common.collect.Lists$StringAsImmutableList                           : loaded 2 times (x 167B)
Class org.jetbrains.plugins.gradle.model.ExternalProject                              : loaded 2 times (x 68B)
Class com.google.common.cache.LocalCache$StrongEntry                                  : loaded 2 times (x 106B)
Class org.jetbrains.plugins.gradle.model.IntelliJSettings                             : loaded 2 times (x 68B)
Class org.objectweb.asm.FieldWriter                                                   : loaded 2 times (x 76B)
Class com.google.common.base.CharMatcher                                              : loaded 2 times (x 109B)
Class com.google.common.base.CharMatcher$IsNot                                        : loaded 2 times (x 109B)
Class com.google.common.collect.RegularImmutableSortedSet                             : loaded 2 times (x 233B)
Class org.jetbrains.kotlin.tooling.core.Extras                                        : loaded 2 times (x 68B)
Class com.google.common.base.Splitter                                                 : loaded 2 times (x 70B)
Class [Lcom.google.common.cache.Weigher;                                              : loaded 2 times (x 67B)
Class com.google.common.collect.Iterators$ArrayItr                                    : loaded 2 times (x 95B)
Class com.google.common.cache.LocalCache$Segment                                      : loaded 2 times (x 152B)
Class org.jetbrains.kotlin.idea.gradleTooling.KotlinMPPGradleModel                    : loaded 2 times (x 68B)
Class org.gradle.api.internal.DefaultClassPathProvider                                : loaded 2 times (x 74B)
Class org.gradle.internal.installation.GradleInstallation$1                           : loaded 2 times (x 73B)
Class com.google.common.cache.LocalCache$AbstractReferenceEntry                       : loaded 2 times (x 105B)
Class org.objectweb.asm.Type                                                          : loaded 2 times (x 70B)
Class com.google.common.util.concurrent.AbstractFuture$Failure                        : loaded 2 times (x 70B)
Class com.google.common.base.CharMatcher$BitSetMatcher                                : loaded 2 times (x 110B)
Class com.google.common.collect.ImmutableMap$IteratorBasedImmutableMap                : loaded 2 times (x 123B)
Class org.gradle.internal.exceptions.DefaultMultiCauseException                       : loaded 2 times (x 89B)
Class com.google.common.collect.ImmutableMap                                          : loaded 2 times (x 118B)
Class com.google.common.base.Converter                                                : loaded 2 times (x 88B)
Class org.gradle.tooling.model.UnsupportedMethodException                             : loaded 2 times (x 80B)
Class com.google.common.collect.ImmutableSet$EmptySetBuilderImpl                      : loaded 2 times (x 74B)
Class com.google.common.base.Equivalence                                              : loaded 2 times (x 80B)
Class com.google.common.primitives.Ints                                               : loaded 2 times (x 69B)
Class com.google.common.cache.LocalCache$EntryFactory$1                               : loaded 2 times (x 81B)
Class com.google.common.cache.LocalCache$EntryFactory$2                               : loaded 2 times (x 81B)
Class com.google.common.cache.LocalCache$EntryFactory$3                               : loaded 2 times (x 81B)
Class com.google.common.cache.LocalCache$EntryFactory$4                               : loaded 2 times (x 81B)
Class com.google.common.cache.LocalCache$EntryFactory$5                               : loaded 2 times (x 81B)
Class com.google.common.cache.LocalCache$EntryFactory$6                               : loaded 2 times (x 81B)
Class org.gradle.util.GradleVersion                                                   : loaded 2 times (x 81B)
Class org.gradle.internal.time.MonotonicClock                                         : loaded 2 times (x 75B)
Class com.google.common.cache.LocalCache$EntryFactory$8                               : loaded 2 times (x 81B)
Class com.google.common.base.Predicate                                                : loaded 2 times (x 68B)
Class com.google.common.cache.LocalCache$StrongValueReference                         : loaded 2 times (x 88B)
Class org.gradle.internal.classloader.FilteringClassLoader                            : loaded 2 times (x 103B)
Class com.google.common.collect.RegularImmutableSet                                   : loaded 2 times (x 146B)
Class org.gradle.tooling.model.Model                                                  : loaded 2 times (x 68B)
Class [Lcom.google.common.cache.LocalCache$Strength;                                  : loaded 2 times (x 67B)
Class org.gradle.internal.classpath.DefaultClassPath$ImmutableUniqueList$Builder      : loaded 2 times (x 73B)
Class com.google.common.collect.AbstractRangeSet                                      : loaded 2 times (x 112B)
Class com.google.common.collect.Maps$8                                                : loaded 2 times (x 80B)
Class [Lcom.google.common.cache.CacheBuilder$NullListener;                            : loaded 2 times (x 67B)
Class com.google.common.base.PatternCompiler                                          : loaded 2 times (x 68B)
Class com.google.common.base.CharMatcher$InRange                                      : loaded 2 times (x 109B)
Class org.jetbrains.kotlin.idea.gradleTooling.KotlinSourceSetContainer                : loaded 2 times (x 68B)
Class com.google.common.collect.Sets$SetView                                          : loaded 2 times (x 136B)
Class com.google.common.collect.BiMap                                                 : loaded 2 times (x 68B)
Class com.google.common.collect.Lists                                                 : loaded 2 times (x 69B)
Class org.objectweb.asm.AnnotationWriter                                              : loaded 2 times (x 77B)
Class org.apache.commons.io.output.ThresholdingOutputStream                           : loaded 2 times (x 92B)
Class com.google.common.math.IntMath$1                                                : loaded 2 times (x 69B)
Class org.gradle.internal.classloader.ClassLoaderVisitor                              : loaded 2 times (x 74B)
Class org.objectweb.asm.Label                                                         : loaded 2 times (x 71B)
Class com.google.common.cache.CacheBuilder$NullListener                               : loaded 2 times (x 80B)
Class sync_studio_tooling789_7f0lo6al5d7fim2q7xz77s3pb                                : loaded 2 times (x 177B)
Class com.google.common.math.MathPreconditions                                        : loaded 2 times (x 69B)
Class org.gradle.internal.time.DefaultCountdownTimer                                  : loaded 2 times (x 86B)
Class org.gradle.internal.service.DefaultServiceLocator                               : loaded 2 times (x 81B)
Class org.gradle.internal.service.UnknownServiceException                             : loaded 2 times (x 81B)
Class com.google.common.collect.ArrayListMultimap                                     : loaded 2 times (x 170B)
Class com.google.common.base.Strings                                                  : loaded 2 times (x 69B)
Class org.jetbrains.plugins.gradle.model.DependencyAccessorsModel                     : loaded 2 times (x 68B)
Class com.google.common.cache.CacheLoader$InvalidCacheLoadException                   : loaded 2 times (x 80B)
Class org.gradle.internal.classloader.DefaultClassLoaderFactory                       : loaded 2 times (x 80B)
Class com.google.common.collect.UnmodifiableIterator                                  : loaded 2 times (x 78B)
Class com.google.common.base.Stopwatch                                                : loaded 2 times (x 70B)
Class com.google.common.base.Platform$JdkPatternCompiler                              : loaded 2 times (x 73B)
Class com.google.common.cache.LocalCache$LoadingValueReference                        : loaded 2 times (x 94B)
Class org.apache.commons.io.output.ByteArrayOutputStream                              : loaded 2 times (x 100B)
Class build_782jvh5doak2ite4e4h9y012e$_run_closure1                                   : loaded 2 times (x 137B)
Class com.google.common.collect.Hashing                                               : loaded 2 times (x 69B)
Class org.jetbrains.plugins.gradle.model.GradleExtensions                             : loaded 2 times (x 68B)
Class com.google.common.collect.ImmutableRangeSet$ComplementRanges                    : loaded 2 times (x 167B)
Class com.google.common.base.JdkPattern                                               : loaded 2 times (x 73B)
Class com.google.common.collect.Multimap                                              : loaded 2 times (x 68B)
Class com.google.common.base.FunctionalEquivalence                                    : loaded 2 times (x 81B)
Class org.objectweb.asm.AnnotationVisitor                                             : loaded 2 times (x 76B)
Class org.objectweb.asm.RecordComponentWriter                                         : loaded 2 times (x 76B)
Class com.google.common.cache.LocalCache$1                                            : loaded 2 times (x 87B)
Class com.google.common.cache.LocalCache$2                                            : loaded 2 times (x 140B)
Class com.google.common.collect.RegularImmutableBiMap                                 : loaded 2 times (x 146B)
Class org.jetbrains.plugins.gradle.model.VersionCatalogsModel                         : loaded 2 times (x 68B)
Class org.gradle.internal.classloader.VisitableURLClassLoader$Spec                    : loaded 2 times (x 72B)
Class org.gradle.tooling.model.ProjectModel                                           : loaded 2 times (x 68B)
Class com.google.common.cache.LocalCache$EntryFactory$7                               : loaded 2 times (x 81B)
Class org.gradle.tooling.internal.gradle.DefaultProjectIdentifier                     : loaded 2 times (x 84B)
Class org.gradle.api.internal.classpath.ModuleRegistry                                : loaded 2 times (x 68B)
Class com.google.common.cache.CacheBuilder                                            : loaded 2 times (x 70B)
Class org.objectweb.asm.ByteVector                                                    : loaded 2 times (x 77B)
Class com.google.common.collect.ImmutableCollection                                   : loaded 2 times (x 123B)
Class org.jetbrains.plugins.gradle.model.RepositoriesModel                            : loaded 2 times (x 68B)
Class com.google.common.collect.ImmutableRangeSet                                     : loaded 2 times (x 113B)
Class com.google.common.base.PairwiseEquivalence                                      : loaded 2 times (x 81B)
Class com.google.common.base.Ticker                                                   : loaded 2 times (x 70B)
Class kotlin.jvm.internal.markers.KMappedMarker                                       : loaded 2 times (x 68B)
Class org.gradle.api.internal.ClassPathProvider                                       : loaded 2 times (x 68B)
Class com.google.common.base.Ascii                                                    : loaded 2 times (x 69B)
Class com.google.common.collect.RegularImmutableMap$Values                            : loaded 2 times (x 167B)
Class org.objectweb.asm.ModuleWriter                                                  : loaded 2 times (x 80B)
Class org.gradle.internal.classloader.ClasspathUtil$1                                 : loaded 2 times (x 74B)
Class com.google.common.collect.ImmutableEnumMap                                      : loaded 2 times (x 123B)
Class com.google.common.collect.ImmutableList$ReverseImmutableList                    : loaded 2 times (x 168B)
Class com.google.common.cache.AbstractCache$StatsCounter                              : loaded 2 times (x 68B)
Class org.objectweb.asm.FieldVisitor                                                  : loaded 2 times (x 75B)
Class org.objectweb.asm.Symbol                                                        : loaded 2 times (x 71B)
Class com.google.common.cache.LocalCache$Strength$1                                   : loaded 2 times (x 79B)
Class com.google.common.cache.LocalCache$Strength$2                                   : loaded 2 times (x 79B)
Class com.google.common.cache.LocalCache$Strength$3                                   : loaded 2 times (x 79B)
Class org.gradle.internal.classloader.ClassLoaderFactory                              : loaded 2 times (x 68B)
Class com.google.common.collect.ObjectArrays                                          : loaded 2 times (x 69B)
Class com.google.common.util.concurrent.Uninterruptibles                              : loaded 2 times (x 69B)
Class com.google.common.collect.ImmutableList                                         : loaded 2 times (x 166B)
Class org.gradle.api.internal.classpath.ManifestUtil                                  : loaded 2 times (x 69B)
Class org.gradle.api.specs.Spec                                                       : loaded 2 times (x 68B)
Class com.google.common.collect.RangeSet                                              : loaded 2 times (x 68B)
Class com.google.common.cache.CacheLoader$UnsupportedLoadingOperationException        : loaded 2 times (x 80B)
Class com.google.common.util.concurrent.ListenableFuture                              : loaded 2 times (x 68B)
Class org.gradle.tooling.internal.gradle.GradleBuildIdentity                          : loaded 2 times (x 68B)
Class com.google.common.collect.Iterators$1                                           : loaded 2 times (x 79B)
Class com.google.common.collect.Iterators$4                                           : loaded 2 times (x 80B)
Class com.google.common.collect.RegularImmutableMap$BucketOverflowException           : loaded 2 times (x 80B)
Class com.google.common.collect.Iterators$5                                           : loaded 2 times (x 80B)
Class com.google.common.base.Joiner                                                   : loaded 2 times (x 77B)
Class com.google.common.base.Equivalence$Equals                                       : loaded 2 times (x 80B)
Class com.google.common.base.Preconditions                                            : loaded 2 times (x 69B)
Class com.google.common.base.Function                                                 : loaded 2 times (x 68B)
Class com.google.common.collect.Iterators$9                                           : loaded 2 times (x 79B)
Class org.gradle.internal.IoActions                                                   : loaded 2 times (x 69B)
Class com.google.common.cache.ReferenceEntry                                          : loaded 2 times (x 68B)
Class com.google.common.collect.RegularImmutableMap$KeySet                            : loaded 2 times (x 148B)
Class com.google.common.collect.CollectPreconditions                                  : loaded 2 times (x 69B)
Class com.google.common.primitives.IntsMethodsForWeb                                  : loaded 2 times (x 69B)
Class com.google.common.collect.RangeGwtSerializationDependencies                     : loaded 2 times (x 69B)
Class com.google.common.collect.Maps                                                  : loaded 2 times (x 69B)
Class com.google.common.collect.RegularImmutableMap                                   : loaded 2 times (x 119B)
Class com.google.common.collect.AbstractIndexedListIterator                           : loaded 2 times (x 94B)
Class com.google.common.base.CharMatcher$None                                         : loaded 2 times (x 110B)
Class [Lorg.apache.commons.io.StandardLineSeparator;                                  : loaded 2 times (x 67B)
Class org.gradle.api.internal.classpath.EffectiveClassPath                            : loaded 2 times (x 88B)
Class org.apache.commons.io.StandardLineSeparator                                     : loaded 2 times (x 77B)
Class org.apache.commons.io.output.AppendableWriter                                   : loaded 2 times (x 98B)
Class com.google.common.collect.UnmodifiableListIterator                              : loaded 2 times (x 93B)
Class kotlin.jvm.internal.DefaultConstructorMarker                                    : loaded 2 times (x 69B)
Class com.google.common.cache.CacheLoader$FunctionToCacheLoader                       : loaded 2 times (x 73B)
Class com.google.common.cache.CacheBuilder$1                                          : loaded 2 times (x 83B)
Class com.google.common.cache.CacheBuilder$2                                          : loaded 2 times (x 70B)
Class com.google.common.collect.ImmutableList$1                                       : loaded 2 times (x 95B)
Class com.google.common.base.Splitter$Strategy                                        : loaded 2 times (x 68B)
Class com.google.common.collect.ImmutableMapEntrySet$RegularEntrySet                  : loaded 2 times (x 149B)
Class [Lcom.google.common.cache.RemovalListener;                                      : loaded 2 times (x 67B)
Class [Lcom.google.common.collect.ImmutableMapEntry;                                  : loaded 2 times (x 67B)
Class org.jetbrains.kotlin.idea.gradleTooling.model.annotation.AnnotationBasedPluginModel: loaded 2 times (x 68B)
Class org.jetbrains.kotlin.idea.gradleTooling.model.assignment.AssignmentModel        : loaded 2 times (x 68B)
Class org.gradle.internal.installation.CurrentGradleInstallation                      : loaded 2 times (x 71B)
Class org.gradle.internal.installation.CurrentGradleInstallationLocator               : loaded 2 times (x 69B)
Class [Lcom.google.common.cache.LocalCache$Segment;                                   : loaded 2 times (x 67B)
Class org.gradle.api.internal.classpath.Module                                        : loaded 2 times (x 68B)
Class com.google.common.collect.ImmutableSortedSet                                    : loaded 2 times (x 233B)
Class com.google.common.collect.ImmutableSet$JdkBackedSetBuilderImpl                  : loaded 2 times (x 74B)
Class com.google.common.collect.ImmutableSet$RegularSetBuilderImpl                    : loaded 2 times (x 75B)
Class [Lorg.objectweb.asm.AnnotationWriter;                                           : loaded 2 times (x 67B)
Class org.gradle.internal.service.CachingServiceLocator                               : loaded 2 times (x 80B)
Class org.gradle.internal.time.Timer                                                  : loaded 2 times (x 68B)
Class [Lcom.google.common.collect.ImmutableEntry;                                     : loaded 2 times (x 67B)
Class org.jetbrains.plugins.gradle.model.tests.ExternalTestsModel                     : loaded 2 times (x 68B)
Class org.jetbrains.kotlin.idea.gradleTooling.KotlinDslScriptAdditionalTask           : loaded 2 times (x 68B)
Class org.gradle.internal.classpath.DefaultClassPath                                  : loaded 2 times (x 88B)
Class com.google.common.collect.CollectCollectors                                     : loaded 2 times (x 69B)
Class com.google.common.base.Splitter$SplittingIterator                               : loaded 2 times (x 82B)
Class com.intellij.openapi.externalSystem.model.project.dependencies.ProjectDependencies: loaded 2 times (x 68B)
Class com.google.common.cache.LocalCache$LocalManualCache$1                           : loaded 2 times (x 73B)
Class org.jetbrains.kotlin.idea.gradleTooling.PrepareKotlinIdeImportTaskModel         : loaded 2 times (x 68B)
Class org.gradle.internal.impldep.com.google.common.base.Preconditions                : loaded 2 times (x 69B)
Class kotlin.jvm.functions.Function1                                                  : loaded 2 times (x 68B)
Class org.objectweb.asm.SymbolTable$Entry                                             : loaded 2 times (x 72B)
Class [Lcom.google.common.cache.LocalCache$EntryFactory;                              : loaded 2 times (x 67B)
Class com.google.common.base.CharMatcher$Is                                           : loaded 2 times (x 109B)
Class com.google.common.base.Platform                                                 : loaded 2 times (x 69B)
Class com.google.common.collect.RegularImmutableAsList                                : loaded 2 times (x 176B)
Class com.google.common.collect.PeekingIterator                                       : loaded 2 times (x 68B)
Class org.gradle.internal.time.Time                                                   : loaded 2 times (x 69B)
Class org.gradle.internal.time.TimeSource$1                                           : loaded 2 times (x 75B)
Class org.apache.commons.io.CloseableURLConnection                                    : loaded 2 times (x 115B)
Class com.google.common.collect.ImmutableMapEntrySet                                  : loaded 2 times (x 149B)
Class com.google.common.cache.CacheLoader                                             : loaded 2 times (x 72B)
Class org.objectweb.asm.MethodTooLargeException                                       : loaded 2 times (x 81B)
Class org.apache.commons.io.output.NullWriter                                         : loaded 2 times (x 97B)
Class com.google.common.cache.Cache                                                   : loaded 2 times (x 68B)
Class org.gradle.internal.classloader.SystemClassLoaderSpec                           : loaded 2 times (x 69B)
Class com.google.common.util.concurrent.internal.InternalFutureFailureAccess          : loaded 2 times (x 70B)
Class com.google.common.collect.SingletonImmutableSet                                 : loaded 2 times (x 144B)
Class [Lcom.google.common.base.AbstractIterator$State;                                : loaded 2 times (x 67B)
Class com.google.common.collect.ImmutableMap$Builder                                  : loaded 2 times (x 80B)
Class com.google.common.base.AbstractIterator                                         : loaded 2 times (x 78B)
Class org.objectweb.asm.ClassWriter                                                   : loaded 2 times (x 104B)
Class com.google.common.collect.Range                                                 : loaded 2 times (x 85B)
Class org.apache.commons.io.IOUtils                                                   : loaded 2 times (x 69B)
Class [Lcom.google.common.cache.CacheBuilder$OneWeigher;                              : loaded 2 times (x 67B)
Class kotlin.Function                                                                 : loaded 2 times (x 68B)
Class com.google.common.collect.Iterators                                             : loaded 2 times (x 69B)
Class com.google.common.base.CharMatcher$1                                            : loaded 2 times (x 111B)
Class com.google.common.cache.LocalCache$ComputingValueReference                      : loaded 2 times (x 94B)
Class org.gradle.api.UncheckedIOException                                             : loaded 2 times (x 80B)
Class com.google.common.base.CharMatcher$And                                          : loaded 2 times (x 110B)
Class build_782jvh5doak2ite4e4h9y012e                                                 : loaded 2 times (x 178B)
Class com.google.common.collect.IndexedImmutableSet                                   : loaded 2 times (x 148B)
Class com.google.common.collect.AbstractListMultimap                                  : loaded 2 times (x 170B)
Class Program                                                                         : loaded 2 times (x 70B)
Class org.apache.commons.io.output.UnsynchronizedByteArrayOutputStream                : loaded 2 times (x 100B)
Class com.google.common.cache.LocalCache$Strength                                     : loaded 2 times (x 79B)
Class com.google.common.collect.SortedIterable                                        : loaded 2 times (x 68B)
Class com.google.common.collect.ArrayListMultimapGwtSerializationDependencies         : loaded 2 times (x 170B)
Class org.objectweb.asm.Handler                                                       : loaded 2 times (x 70B)
Class org.gradle.api.internal.classpath.GlobalCacheRootsProvider                      : loaded 2 times (x 68B)
Class org.gradle.tooling.internal.gradle.GradleProjectIdentity                        : loaded 2 times (x 68B)
Class com.google.common.collect.ImmutableList$SubList                                 : loaded 2 times (x 168B)
Class com.google.common.cache.LocalCache$ValueReference                               : loaded 2 times (x 68B)
Class org.gradle.internal.time.Clock                                                  : loaded 2 times (x 68B)
Class org.gradle.internal.time.CountdownTimer                                         : loaded 2 times (x 68B)
Class org.gradle.internal.classloader.ClasspathUtil                                   : loaded 2 times (x 69B)
Class org.objectweb.asm.CurrentFrame                                                  : loaded 2 times (x 71B)
Class com.google.common.util.concurrent.AbstractFuture                                : loaded 2 times (x 93B)
Class ijInit1_9er5d4emp97zuwg5ti0aen9m0                                               : loaded 2 times (x 177B)
Class org.jetbrains.kotlin.tooling.core.HasMutableExtras                              : loaded 2 times (x 68B)
Class org.gradle.tooling.model.BuildIdentifier                                        : loaded 2 times (x 68B)
Class com.google.common.base.Splitter$1                                               : loaded 2 times (x 75B)
Class com.google.common.base.Ticker$1                                                 : loaded 2 times (x 70B)
Class com.google.common.collect.Maps$BiMapConverter                                   : loaded 2 times (x 88B)
Class org.gradle.api.internal.DefaultClassPathRegistry                                : loaded 2 times (x 74B)
Class com.google.common.util.concurrent.AbstractFuture$Cancellation                   : loaded 2 times (x 70B)
Class [Lorg.objectweb.asm.Symbol;                                                     : loaded 2 times (x 67B)
Class com.google.common.collect.ImmutableSet$SetBuilderImpl                           : loaded 2 times (x 74B)
Class org.gradle.api.internal.classpath.DefaultModuleRegistry$DefaultModule           : loaded 2 times (x 84B)
Class com.google.common.collect.ImmutableMap$1                                        : loaded 2 times (x 79B)
Class com.google.common.base.CharMatcher$Or                                           : loaded 2 times (x 110B)
Class org.gradle.internal.time.TimeSource                                             : loaded 2 times (x 68B)
Class com.google.common.base.Suppliers$SupplierOfInstance                             : loaded 2 times (x 77B)
Class org.objectweb.asm.RecordComponentVisitor                                        : loaded 2 times (x 75B)
Class com.google.common.collect.Iterables                                             : loaded 2 times (x 69B)
Class org.jetbrains.kotlin.android.synthetic.idea.AndroidExtensionsGradleModel        : loaded 2 times (x 68B)
Class org.objectweb.asm.ClassTooLargeException                                        : loaded 2 times (x 81B)
Class org.gradle.api.internal.classpath.UnknownModuleException                        : loaded 2 times (x 80B)
Class com.google.common.util.concurrent.AbstractFuture$Listener                       : loaded 2 times (x 70B)
Class org.apache.commons.io.output.AbstractByteArrayOutputStream                      : loaded 2 times (x 100B)
Class org.objectweb.asm.Edge                                                          : loaded 2 times (x 70B)
Class com.google.common.collect.ImmutableCollection$Builder                           : loaded 2 times (x 74B)
Class [Lorg.objectweb.asm.SymbolTable$Entry;                                          : loaded 2 times (x 67B)
Class com.google.common.collect.SingletonImmutableBiMap                               : loaded 2 times (x 141B)
Class com.google.common.base.CommonPattern                                            : loaded 2 times (x 72B)
Class com.google.common.base.Suppliers                                                : loaded 2 times (x 69B)
Class build_782jvh5doak2ite4e4h9y012e$_run_closure1$_closure3                         : loaded 2 times (x 137B)
Class org.jetbrains.plugins.gradle.model.IntelliJProjectSettings                      : loaded 2 times (x 68B)
Class org.objectweb.asm.ClassVisitor                                                  : loaded 2 times (x 86B)
Class com.google.common.cache.LoadingCache                                            : loaded 2 times (x 68B)
Class org.gradle.internal.service.ServiceLookupException                              : loaded 2 times (x 80B)
Class org.jetbrains.kotlin.idea.gradleTooling.model.lombok.LombokModel                : loaded 2 times (x 68B)
Class org.gradle.tooling.model.ProjectIdentifier                                      : loaded 2 times (x 68B)
Class com.google.common.base.CharMatcher$NegatedFastMatcher                           : loaded 2 times (x 111B)
Class [Lorg.gradle.api.internal.ClassPathProvider;                                    : loaded 2 times (x 67B)
Class org.gradle.internal.operations.MultipleBuildOperationFailures                   : loaded 2 times (x 89B)
Class org.gradle.util.internal.GUtil                                                  : loaded 2 times (x 69B)
Class org.jetbrains.plugins.gradle.model.AnnotationProcessingModel                    : loaded 2 times (x 68B)
Class com.google.common.math.IntMath                                                  : loaded 2 times (x 69B)
Class com.google.common.collect.AbstractIterator                                      : loaded 2 times (x 80B)
Class org.gradle.internal.classloader.ClassLoaderSpec                                 : loaded 2 times (x 69B)
Class com.google.common.base.NullnessCasts                                            : loaded 2 times (x 69B)
Class org.objectweb.asm.Frame                                                         : loaded 2 times (x 71B)
Class com.google.common.cache.LocalCache$LocalManualCache                             : loaded 2 times (x 97B)
Class com.google.common.collect.AbstractMapEntry                                      : loaded 2 times (x 79B)
Class com.google.common.collect.ImmutableList$Builder                                 : loaded 2 times (x 75B)
Class com.google.common.base.CharMatcher$Negated                                      : loaded 2 times (x 111B)
Class com.google.common.cache.CacheLoader$1                                           : loaded 2 times (x 73B)
Class com.google.common.util.concurrent.AbstractFuture$TrustedFuture                  : loaded 2 times (x 95B)
Class org.gradle.internal.classloader.InstrumentingClassLoader                        : loaded 2 times (x 68B)
Class org.jetbrains.plugins.gradle.model.BuildScriptClasspathModel                    : loaded 2 times (x 68B)
Class com.google.common.collect.Sets                                                  : loaded 2 times (x 69B)
Class org.apache.commons.io.output.QueueOutputStream                                  : loaded 2 times (x 85B)
Class com.google.common.collect.ImmutableSet$Builder                                  : loaded 2 times (x 83B)
Class com.google.common.base.CharMatcher$ForPredicate                                 : loaded 2 times (x 110B)
Class com.google.common.collect.ImmutableMap$MapViewOfValuesAsSingletonSets           : loaded 2 times (x 123B)
Class org.apache.commons.io.output.StringBuilderWriter                                : loaded 2 times (x 98B)
Class org.objectweb.asm.commons.InstructionAdapter                                    : loaded 2 times (x 186B)
Class com.google.common.base.MoreObjects                                              : loaded 2 times (x 69B)
Class com.google.common.collect.SortedMapDifference                                   : loaded 2 times (x 68B)
Class org.objectweb.asm.SymbolTable                                                   : loaded 2 times (x 70B)
Class [Lorg.objectweb.asm.AnnotationVisitor;                                          : loaded 2 times (x 67B)
Class com.google.common.cache.CacheStats                                              : loaded 2 times (x 69B)
Class org.objectweb.asm.Attribute                                                     : loaded 2 times (x 75B)
Class org.gradle.internal.classloader.VisitableURLClassLoader                         : loaded 2 times (x 115B)
Class com.google.common.cache.LocalCache$LocalLoadingCache                            : loaded 2 times (x 132B)
Class com.google.common.base.Supplier                                                 : loaded 2 times (x 68B)
Class com.google.common.collect.ImmutableBiMap                                        : loaded 2 times (x 141B)
Class org.gradle.internal.installation.GradleInstallation                             : loaded 2 times (x 73B)
Class org.gradle.api.internal.ClassPathRegistry                                       : loaded 2 times (x 68B)
Class com.google.common.cache.LocalCache$EntryFactory                                 : loaded 2 times (x 81B)
Class com.google.common.util.concurrent.UncheckedExecutionException                   : loaded 2 times (x 80B)
Class com.google.common.collect.ImmutableSet                                          : loaded 2 times (x 143B)
Class org.gradle.internal.classloader.VisitableURLClassLoader$InstrumentingVisitableURLClassLoader: loaded 2 times (x 121B)
Class org.gradle.internal.classloader.ClassLoaderHierarchy                            : loaded 2 times (x 68B)
Class org.gradle.internal.exceptions.MultiCauseException                              : loaded 2 times (x 68B)
Class org.jetbrains.kotlin.idea.gradleTooling.model.parcelize.ParcelizeGradleModel    : loaded 2 times (x 68B)
Class [Lorg.objectweb.asm.Type;                                                       : loaded 2 times (x 67B)
Class com.google.common.base.AbstractIterator$State                                   : loaded 2 times (x 77B)
Class com.google.common.cache.Weigher                                                 : loaded 2 times (x 68B)
Class com.google.common.base.CharMatcher$NamedFastMatcher                             : loaded 2 times (x 110B)
Class org.gradle.internal.InternalTransformer                                         : loaded 2 times (x 68B)
Class org.apache.commons.io.output.NullOutputStream                                   : loaded 2 times (x 83B)
Class org.jetbrains.kotlin.idea.gradleTooling.model.noarg.NoArgModel                  : loaded 2 times (x 68B)
Class org.jetbrains.kotlin.idea.gradleTooling.KotlinGradleModel                       : loaded 2 times (x 68B)
Class org.gradle.tooling.internal.gradle.DefaultBuildIdentifier                       : loaded 2 times (x 77B)
Class org.gradle.internal.service.ServiceLocator                                      : loaded 2 times (x 68B)
Class com.google.common.collect.ImmutableRangeSet$1                                   : loaded 2 times (x 169B)
Class com.google.common.util.concurrent.SettableFuture                                : loaded 2 times (x 95B)
Class com.google.common.collect.ImmutableMapEntry                                     : loaded 2 times (x 83B)
Class org.jetbrains.kotlin.idea.gradleTooling.model.allopen.AllOpenModel              : loaded 2 times (x 68B)
Class com.google.common.base.Joiner$1                                                 : loaded 2 times (x 78B)
Class sync_studio_tooling789_7f0lo6al5d7fim2q7xz77s3pb$_run_closure1                  : loaded 2 times (x 137B)
Class com.google.common.base.Joiner$2                                                 : loaded 2 times (x 77B)
Class com.google.common.base.CharMatcher$FastMatcher                                  : loaded 2 times (x 109B)
Class org.gradle.internal.classpath.DefaultClassPath$ImmutableUniqueList              : loaded 2 times (x 159B)
Class org.gradle.internal.time.DefaultTimer                                           : loaded 2 times (x 78B)
Class org.gradle.internal.classpath.TransformedClassPath                              : loaded 2 times (x 94B)
Class com.google.common.collect.MapDifference                                         : loaded 2 times (x 68B)
Class org.jetbrains.kotlin.tooling.core.HasExtras                                     : loaded 2 times (x 68B)
Class com.google.common.collect.Sets$1                                                : loaded 2 times (x 137B)
Class com.google.common.collect.Sets$2                                                : loaded 2 times (x 137B)
Class com.google.common.util.concurrent.AbstractFuture$Trusted                        : loaded 2 times (x 68B)
Class com.google.common.collect.Sets$3                                                : loaded 2 times (x 137B)
Class com.google.common.collect.Sets$4                                                : loaded 2 times (x 137B)
Class org.objectweb.asm.MethodWriter                                                  : loaded 2 times (x 104B)
Class com.google.common.collect.Platform                                              : loaded 2 times (x 69B)
Class com.google.common.collect.ImmutableAsList                                       : loaded 2 times (x 169B)
Class com.google.common.util.concurrent.ExecutionError                                : loaded 2 times (x 80B)
Class com.google.common.base.Equivalence$Identity                                     : loaded 2 times (x 80B)
Class com.google.common.base.CharMatcher$AnyOf                                        : loaded 2 times (x 110B)
Class com.google.common.base.CharMatcher$IsEither                                     : loaded 2 times (x 109B)
Class com.google.common.cache.LocalCache                                              : loaded 2 times (x 185B)
Class com.google.common.collect.ImmutableRangeSet$Builder                             : loaded 2 times (x 75B)
Class com.google.common.collect.RegularImmutableList                                  : loaded 2 times (x 172B)
Class com.google.common.collect.Multiset                                              : loaded 2 times (x 68B)
Class com.google.common.collect.ImmutableSet$CachingAsList                            : loaded 2 times (x 145B)
Class org.objectweb.asm.MethodVisitor                                                 : loaded 2 times (x 103B)
Class com.google.common.collect.ImmutableMapEntry$NonTerminalImmutableMapEntry        : loaded 2 times (x 83B)
Class com.google.common.collect.AbstractMapBasedMultimap                              : loaded 2 times (x 137B)


---------------  S Y S T E M  ---------------

OS:
 Windows 10 , 64 bit Build 19041 (10.0.19041.5915)
OS uptime: 0 days 18:22 hours

CPU: total 8 (initial active 8) (4 cores per cpu, 2 threads per core) family 6 model 70 stepping 1 microcode 0x1c, cx8, cmov, fxsr, ht, mmx, sse, sse2, sse3, ssse3, sse4.1, sse4.2, popcnt, lzcnt, tsc, tscinvbit, avx, avx2, aes, erms, clmul, bmi1, bmi2, fma, vzeroupper, clflush
Processor Information for all 8 processors :
  Max Mhz: 2301, Current Mhz: 2301, Mhz Limit: 2301

Memory: 4k page, system-wide physical 16292M (3973M free)
TotalPageFile size 18173M (AvailPageFile size 21M)
current process WorkingSet (physical memory assigned to process): 684M, peak: 691M
current process commit charge ("private bytes"): 742M, peak: 751M

vm_info: OpenJDK 64-Bit Server VM (17.0.9+0--11185874) for windows-amd64 JRE (17.0.9+0--11185874), built on Dec  6 2023 18:57:44 by "androidbuild" with MS VC++ 16.10 / 16.11 (VS2019)

END.
