#
# There is insufficient memory for the Java Runtime Environment to continue.
# Native memory allocation (malloc) failed to allocate 2200720 bytes for Chunk::new
# Possible reasons:
#   The system is out of physical RAM or swap space
#   The process is running with CompressedOops enabled, and the Java Heap may be blocking the growth of the native heap
# Possible solutions:
#   Reduce memory load on the system
#   Increase physical memory or swap space
#   Check if swap backing store is full
#   Decrease Java heap size (-Xmx/-Xms)
#   Decrease number of Java threads
#   Decrease Java thread stack sizes (-Xss)
#   Set larger code cache with -XX:ReservedCodeCacheSize=
#   JVM is running with Zero Based Compressed Oops mode in which the Java heap is
#     placed in the first 32GB address space. The Java Heap base address is the
#     maximum limit for the native heap growth. Please use -XX:HeapBaseMinAddress
#     to set the Java Heap base and to place the Java Heap above 32GB virtual address.
# This output file may be truncated or incomplete.
#
#  Out of Memory Error (arena.cpp:191), pid=4852, tid=10100
#
# JRE version: OpenJDK Runtime Environment (17.0.9) (build 17.0.9+0--11185874)
# Java VM: OpenJDK 64-Bit Server VM (17.0.9+0--11185874, mixed mode, tiered, compressed oops, compressed class ptrs, g1 gc, windows-amd64)
# No core dump will be written. Minidumps are not enabled by default on client versions of Windows
#

---------------  S U M M A R Y ------------

Command Line: --add-opens=java.base/java.lang=ALL-UNNAMED --add-opens=java.base/java.lang.invoke=ALL-UNNAMED --add-opens=java.base/java.util=ALL-UNNAMED --add-opens=java.prefs/java.util.prefs=ALL-UNNAMED --add-exports=jdk.compiler/com.sun.tools.javac.api=ALL-UNNAMED --add-exports=jdk.compiler/com.sun.tools.javac.util=ALL-UNNAMED --add-opens=java.base/java.util=ALL-UNNAMED --add-opens=java.prefs/java.util.prefs=ALL-UNNAMED --add-opens=java.base/java.nio.charset=ALL-UNNAMED --add-opens=java.base/java.net=ALL-UNNAMED --add-opens=java.base/java.util.concurrent.atomic=ALL-UNNAMED --add-opens=java.xml/javax.xml.namespace=ALL-UNNAMED -Xmx4096m -Dfile.encoding=windows-1252 -Duser.country=AU -Duser.language=en -Duser.variant -javaagent:C:\Users\a\.gradle\wrapper\dists\gradle-8.14.3-bin\40dfek2kz346l18gf9ltjsnyd\gradle-8.14.3\lib\agents\gradle-instrumentation-agent-8.14.3.jar org.gradle.launcher.daemon.bootstrap.GradleDaemon 8.14.3

Host: Intel(R) Core(TM) i7-4850HQ CPU @ 2.30GHz, 8 cores, 15G,  Windows 10 , 64 bit Build 19041 (10.0.19041.5915)
Time: Thu Oct  8 13:42:57 2026 China Standard Time elapsed time: 150.149242 seconds (0d 0h 2m 30s)

---------------  T H R E A D  ---------------

Current thread (0x000002aad179c130):  JavaThread "C2 CompilerThread0" daemon [_thread_in_native, id=10100, stack(0x000000f44e900000,0x000000f44ea00000)]


Current CompileTask:
C2: 150149 35943 %     4       com.android.tools.r8.ir.regalloc.b::a @ 291 (982 bytes)

Stack: [0x000000f44e900000,0x000000f44ea00000]
Native frames: (J=compiled Java code, j=interpreted, Vv=VM code, C=native code)
V  [jvm.dll+0x6886e9]
V  [jvm.dll+0x841e4a]
V  [jvm.dll+0x843a8e]
V  [jvm.dll+0x8440f3]
V  [jvm.dll+0x24c14f]
V  [jvm.dll+0xac44c]
V  [jvm.dll+0xaca9c]
V  [jvm.dll+0x36c1f7]
V  [jvm.dll+0x33651a]
V  [jvm.dll+0x3359ba]
V  [jvm.dll+0x21ddb1]
V  [jvm.dll+0x21d1d1]
V  [jvm.dll+0x1a674d]
V  [jvm.dll+0x22d088]
V  [jvm.dll+0x22b1c0]
V  [jvm.dll+0x7f62f7]
V  [jvm.dll+0x7f06aa]
V  [jvm.dll+0x687565]
C  [ucrtbase.dll+0x21bb2]
C  [KERNEL32.DLL+0x17374]
C  [ntdll.dll+0x4cc91]


---------------  P R O C E S S  ---------------

Threads class SMR info:
_java_thread_list=0x000002aad97212e0, length=153, elements={
0x000002aab2b03ce0, 0x000002aad1718970, 0x000002aad1719440, 0x000002aad1765e30,
0x000002aad1768710, 0x000002aad1768fe0, 0x000002aad1796020, 0x000002aad179c130,
0x000002aad17ad830, 0x000002aad17b6130, 0x000002aad1589ad0, 0x000002aad19e1a40,
0x000002aad78c9120, 0x000002aad7d65a00, 0x000002aad7d5fad0, 0x000002aad6ff9830,
0x000002aad7eb66a0, 0x000002aad7daf580, 0x000002aad7daeb60, 0x000002aad7db04b0,
0x000002aad7daffa0, 0x000002aad7db09c0, 0x000002aad7db0ed0, 0x000002aad7daf070,
0x000002aad7dae650, 0x000002aad7db13e0, 0x000002aad7db18f0, 0x000002aad7db1e00,
0x000002aada611c70, 0x000002aada611760, 0x000002aada60e9d0, 0x000002aada60eee0,
0x000002aada610830, 0x000002aada60f3f0, 0x000002aada610d40, 0x000002aada610320,
0x000002aada611250, 0x000002aad9acbdb0, 0x000002aad9ad2800, 0x000002aad9ad13c0,
0x000002aad9acc7d0, 0x000002aad9ad18d0, 0x000002aad9ad1de0, 0x000002aad9ad0eb0,
0x000002aad9acff80, 0x000002aadc167080, 0x000002aadc167590, 0x000002aadc167fb0,
0x000002aadc1684c0, 0x000002aadc1689d0, 0x000002aadc167aa0, 0x000002aadb7a6f90,
0x000002aadb7a6060, 0x000002aadb7a6570, 0x000002aadb7a74a0, 0x000002aadb291580,
0x000002aadb2929c0, 0x000002aadb291fa0, 0x000002aad9f5b4b0, 0x000002aad9f5aa90,
0x000002aadb3d40a0, 0x000002aadb7a6a80, 0x000002aad9acf050, 0x000002aad94c35e0,
0x000002aadd76fb70, 0x000002aadb3d45b0, 0x000002aadb7a87c0, 0x000002aad9ad22f0,
0x000002aad9ad3220, 0x000002aadac44150, 0x000002aadac45080, 0x000002aadac44660,
0x000002aadac45590, 0x000002aadac469d0, 0x000002aadac43c40, 0x000002aad94c4f30,
0x000002aadac45fb0, 0x000002aad9acd1f0, 0x000002aad9ad3730, 0x000002aad9acd700,
0x000002aad9acdc10, 0x000002aad9acc2c0, 0x000002aad9ace120, 0x000002aad9accce0,
0x000002aadac45aa0, 0x000002aadac43220, 0x000002aadac44b70, 0x000002aadbdcc870,
0x000002aadbdccd80, 0x000002aadbdcd290, 0x000002aadd76f660, 0x000002aadd770080,
0x000002aadd770590, 0x000002aadd770aa0, 0x000002aadd76d800, 0x000002aadbdcf600,
0x000002aadbdcebe0, 0x000002aadbdcd7a0, 0x000002aadcf5dad0, 0x000002aadcf5c180,
0x000002aadcf5c690, 0x000002aadcf5cba0, 0x000002aadcf5b760, 0x000002aadcf5d5c0,
0x000002aadcf5dfe0, 0x000002aadbdcdcb0, 0x000002aadbdce6d0, 0x000002aadbdce1c0,
0x000002aadbdcfb10, 0x000002aadbdcf0f0, 0x000002aadbdd0020, 0x000002aad60de5e0,
0x000002aadb291a90, 0x000002aadb291070, 0x000002aadb2924b0, 0x000002aadc686680,
0x000002aadc686170, 0x000002aadc686b90, 0x000002aadc684820, 0x000002aadcf5ad40,
0x000002aadcf5e4f0, 0x000002aadcf5b250, 0x000002aadcf5bc70, 0x000002aadcf5d0b0,
0x000002aad60e2b00, 0x000002aad60e3010, 0x000002aad94c1c90, 0x000002aad60de0d0,
0x000002aad60e0e60, 0x000002aad60deaf0, 0x000002aad60e1370, 0x000002aade0a5a20,
0x000002aade0a31a0, 0x000002aade0a40d0, 0x000002aadb7a8cd0, 0x000002aadb7a82b0,
0x000002aadb7a91e0, 0x000002aadd7c32f0, 0x000002aadd7c2de0, 0x000002aadd7c19a0,
0x000002aadd7c1eb0, 0x000002aadb7869c0, 0x000002aad94c26b0, 0x000002aad9acfa70,
0x000002aadd7c23c0, 0x000002aad94c5440, 0x000002aad9d23020, 0x000002aad9d23570,
0x000002aadd7c28d0, 0x000002aadc1e1fd0, 0x000002aadc1e24e0, 0x000002aadc1e29f0,
0x000002aad9ace630
}

Java Threads: ( => current thread )
  0x000002aab2b03ce0 JavaThread "main" [_thread_blocked, id=15992, stack(0x000000f44dc00000,0x000000f44dd00000)]
  0x000002aad1718970 JavaThread "Reference Handler" daemon [_thread_blocked, id=17768, stack(0x000000f44e300000,0x000000f44e400000)]
  0x000002aad1719440 JavaThread "Finalizer" daemon [_thread_blocked, id=6004, stack(0x000000f44e400000,0x000000f44e500000)]
  0x000002aad1765e30 JavaThread "Signal Dispatcher" daemon [_thread_blocked, id=11896, stack(0x000000f44e500000,0x000000f44e600000)]
  0x000002aad1768710 JavaThread "Attach Listener" daemon [_thread_blocked, id=13516, stack(0x000000f44e600000,0x000000f44e700000)]
  0x000002aad1768fe0 JavaThread "Service Thread" daemon [_thread_blocked, id=8336, stack(0x000000f44e700000,0x000000f44e800000)]
  0x000002aad1796020 JavaThread "Monitor Deflation Thread" daemon [_thread_blocked, id=17744, stack(0x000000f44e800000,0x000000f44e900000)]
=>0x000002aad179c130 JavaThread "C2 CompilerThread0" daemon [_thread_in_native, id=10100, stack(0x000000f44e900000,0x000000f44ea00000)]
  0x000002aad17ad830 JavaThread "C1 CompilerThread0" daemon [_thread_blocked, id=16072, stack(0x000000f44ea00000,0x000000f44eb00000)]
  0x000002aad17b6130 JavaThread "Sweeper thread" daemon [_thread_blocked, id=17844, stack(0x000000f44eb00000,0x000000f44ec00000)]
  0x000002aad1589ad0 JavaThread "Common-Cleaner" daemon [_thread_blocked, id=18108, stack(0x000000f44ec00000,0x000000f44ed00000)]
  0x000002aad19e1a40 JavaThread "Notification Thread" daemon [_thread_blocked, id=17364, stack(0x000000f44ed00000,0x000000f44ee00000)]
  0x000002aad78c9120 JavaThread "Daemon health stats" [_thread_blocked, id=13808, stack(0x000000f44f600000,0x000000f44f700000)]
  0x000002aad7d65a00 JavaThread "Incoming local TCP Connector on port 27402" [_thread_in_native, id=17272, stack(0x000000f44f700000,0x000000f44f800000)]
  0x000002aad7d5fad0 JavaThread "Daemon periodic checks" [_thread_blocked, id=14896, stack(0x000000f44f800000,0x000000f44f900000)]
  0x000002aad6ff9830 JavaThread "Daemon" [_thread_blocked, id=17648, stack(0x000000f44f900000,0x000000f44fa00000)]
  0x000002aad7eb66a0 JavaThread "Handler for socket connection from /127.0.0.1:27402 to /127.0.0.1:27403" [_thread_in_native, id=18428, stack(0x000000f44fa00000,0x000000f44fb00000)]
  0x000002aad7daf580 JavaThread "Cancel handler" [_thread_blocked, id=16172, stack(0x000000f44fb00000,0x000000f44fc00000)]
  0x000002aad7daeb60 JavaThread "Daemon worker" [_thread_blocked, id=15408, stack(0x000000f44fc00000,0x000000f44fd00000)]
  0x000002aad7db04b0 JavaThread "Asynchronous log dispatcher for DefaultDaemonConnection: socket connection from /127.0.0.1:27402 to /127.0.0.1:27403" [_thread_blocked, id=17400, stack(0x000000f44fd00000,0x000000f44fe00000)]
  0x000002aad7daffa0 JavaThread "Stdin handler" [_thread_blocked, id=14836, stack(0x000000f44fe00000,0x000000f44ff00000)]
  0x000002aad7db09c0 JavaThread "Daemon client event forwarder" [_thread_blocked, id=16016, stack(0x000000f44ff00000,0x000000f450000000)]
  0x000002aad7db0ed0 JavaThread "Cache worker for journal cache (C:\Users\a\.gradle\caches\journal-1)" [_thread_blocked, id=2956, stack(0x000000f450100000,0x000000f450200000)]
  0x000002aad7daf070 JavaThread "File lock request listener" [_thread_in_native, id=9544, stack(0x000000f450200000,0x000000f450300000)]
  0x000002aad7dae650 JavaThread "Cache worker for file hash cache (C:\Users\a\.gradle\caches\8.14.3\fileHashes)" [_thread_blocked, id=15108, stack(0x000000f450300000,0x000000f450400000)]
  0x000002aad7db13e0 JavaThread "Cache worker for file hash cache (C:\Users\a\Documents\Android-SDK@4.87.82540_20251128\UniPlugin-Hello-AS - Copy\.gradle\8.14.3\fileHashes)" [_thread_blocked, id=2788, stack(0x000000f450600000,0x000000f450700000)]
  0x000002aad7db18f0 JavaThread "Cache worker for Build Output Cleanup Cache (C:\Users\a\Documents\Android-SDK@4.87.82540_20251128\UniPlugin-Hello-AS - Copy\.gradle\buildOutputCleanup)" [_thread_blocked, id=13568, stack(0x000000f450700000,0x000000f450800000)]
  0x000002aad7db1e00 JavaThread "File watcher server" daemon [_thread_in_native, id=1224, stack(0x000000f450800000,0x000000f450900000)]
  0x000002aada611c70 JavaThread "File watcher consumer" daemon [_thread_blocked, id=17392, stack(0x000000f450900000,0x000000f450a00000)]
  0x000002aada611760 JavaThread "jar transforms" [_thread_blocked, id=18416, stack(0x000000f450a00000,0x000000f450b00000)]
  0x000002aada60e9d0 JavaThread "jar transforms Thread 2" [_thread_blocked, id=17244, stack(0x000000f450b00000,0x000000f450c00000)]
  0x000002aada60eee0 JavaThread "Cache worker for checksums cache (C:\Users\a\Documents\Android-SDK@4.87.82540_20251128\UniPlugin-Hello-AS - Copy\.gradle\8.14.3\checksums)" [_thread_blocked, id=7588, stack(0x000000f450c00000,0x000000f450d00000)]
  0x000002aada610830 JavaThread "Cache worker for file content cache (C:\Users\a\.gradle\caches\8.14.3\fileContent)" [_thread_blocked, id=2924, stack(0x000000f450d00000,0x000000f450e00000)]
  0x000002aada60f3f0 JavaThread "Cache worker for cache directory md-supplier (C:\Users\a\.gradle\caches\8.14.3\md-supplier)" [_thread_blocked, id=17500, stack(0x000000f450e00000,0x000000f450f00000)]
  0x000002aada610d40 JavaThread "Cache worker for cache directory md-rule (C:\Users\a\.gradle\caches\8.14.3\md-rule)" [_thread_blocked, id=16984, stack(0x000000f450f00000,0x000000f451000000)]
  0x000002aada610320 JavaThread "jar transforms Thread 3" [_thread_blocked, id=2100, stack(0x000000f451000000,0x000000f451100000)]
  0x000002aada611250 JavaThread "Problems report writer" [_thread_blocked, id=14392, stack(0x000000f451100000,0x000000f451200000)]
  0x000002aad9acbdb0 JavaThread "Unconstrained build operations" [_thread_blocked, id=15732, stack(0x000000f451200000,0x000000f451300000)]
  0x000002aad9ad2800 JavaThread "Unconstrained build operations Thread 2" [_thread_blocked, id=17432, stack(0x000000f451300000,0x000000f451400000)]
  0x000002aad9ad13c0 JavaThread "Unconstrained build operations Thread 3" [_thread_blocked, id=8868, stack(0x000000f451400000,0x000000f451500000)]
  0x000002aad9acc7d0 JavaThread "Unconstrained build operations Thread 4" [_thread_blocked, id=14732, stack(0x000000f451500000,0x000000f451600000)]
  0x000002aad9ad18d0 JavaThread "Unconstrained build operations Thread 5" [_thread_blocked, id=17096, stack(0x000000f451600000,0x000000f451700000)]
  0x000002aad9ad1de0 JavaThread "Unconstrained build operations Thread 6" [_thread_blocked, id=18352, stack(0x000000f451700000,0x000000f451800000)]
  0x000002aad9ad0eb0 JavaThread "Unconstrained build operations Thread 7" [_thread_blocked, id=14948, stack(0x000000f451800000,0x000000f451900000)]
  0x000002aad9acff80 JavaThread "Unconstrained build operations Thread 8" [_thread_blocked, id=18404, stack(0x000000f451900000,0x000000f451a00000)]
  0x000002aadc167080 JavaThread "Unconstrained build operations Thread 9" [_thread_blocked, id=17296, stack(0x000000f451a00000,0x000000f451b00000)]
  0x000002aadc167590 JavaThread "Unconstrained build operations Thread 10" [_thread_blocked, id=17948, stack(0x000000f451b00000,0x000000f451c00000)]
  0x000002aadc167fb0 JavaThread "Unconstrained build operations Thread 11" [_thread_blocked, id=17064, stack(0x000000f451c00000,0x000000f451d00000)]
  0x000002aadc1684c0 JavaThread "Unconstrained build operations Thread 12" [_thread_blocked, id=9832, stack(0x000000f451d00000,0x000000f451e00000)]
  0x000002aadc1689d0 JavaThread "Unconstrained build operations Thread 13" [_thread_blocked, id=16284, stack(0x000000f451e00000,0x000000f451f00000)]
  0x000002aadc167aa0 JavaThread "Unconstrained build operations Thread 14" [_thread_blocked, id=15304, stack(0x000000f451f00000,0x000000f452000000)]
  0x000002aadb7a6f90 JavaThread "Unconstrained build operations Thread 15" [_thread_blocked, id=17652, stack(0x000000f452100000,0x000000f452200000)]
  0x000002aadb7a6060 JavaThread "Unconstrained build operations Thread 16" [_thread_blocked, id=17092, stack(0x000000f452200000,0x000000f452300000)]
  0x000002aadb7a6570 JavaThread "Unconstrained build operations Thread 17" [_thread_blocked, id=8036, stack(0x000000f452300000,0x000000f452400000)]
  0x000002aadb7a74a0 JavaThread "Unconstrained build operations Thread 18" [_thread_blocked, id=9428, stack(0x000000f452400000,0x000000f452500000)]
  0x000002aadb291580 JavaThread "Unconstrained build operations Thread 19" [_thread_blocked, id=17612, stack(0x000000f452500000,0x000000f452600000)]
  0x000002aadb2929c0 JavaThread "Unconstrained build operations Thread 20" [_thread_blocked, id=16356, stack(0x000000f452600000,0x000000f452700000)]
  0x000002aadb291fa0 JavaThread "Unconstrained build operations Thread 21" [_thread_blocked, id=5544, stack(0x000000f452700000,0x000000f452800000)]
  0x000002aad9f5b4b0 JavaThread "jar transforms Thread 4" [_thread_blocked, id=2120, stack(0x000000f452800000,0x000000f452900000)]
  0x000002aad9f5aa90 JavaThread "jar transforms Thread 5" [_thread_blocked, id=7972, stack(0x000000f452900000,0x000000f452a00000)]
  0x000002aadb3d40a0 JavaThread "jar transforms Thread 6" [_thread_blocked, id=2744, stack(0x000000f452a00000,0x000000f452b00000)]
  0x000002aadb7a6a80 JavaThread "build event listener" [_thread_blocked, id=13744, stack(0x000000f450500000,0x000000f450600000)]
  0x000002aad9acf050 JavaThread "Memory manager" [_thread_blocked, id=2160, stack(0x000000f452c00000,0x000000f452d00000)]
  0x000002aad94c35e0 JavaThread "build event listener" [_thread_blocked, id=14792, stack(0x000000f452d00000,0x000000f452e00000)]
  0x000002aadd76fb70 JavaThread "jar transforms Thread 7" [_thread_blocked, id=11632, stack(0x000000f452e00000,0x000000f452f00000)]
  0x000002aadb3d45b0 JavaThread "jar transforms Thread 8" [_thread_blocked, id=10148, stack(0x000000f452f00000,0x000000f453000000)]
  0x000002aadb7a87c0 JavaThread "included builds" [_thread_blocked, id=18184, stack(0x000000f453000000,0x000000f453100000)]
  0x000002aad9ad22f0 JavaThread "Execution worker" [_thread_blocked, id=16732, stack(0x000000f453100000,0x000000f453200000)]
  0x000002aad9ad3220 JavaThread "Execution worker Thread 2" [_thread_blocked, id=17476, stack(0x000000f453200000,0x000000f453300000)]
  0x000002aadac44150 JavaThread "Execution worker Thread 3" [_thread_blocked, id=12356, stack(0x000000f453300000,0x000000f453400000)]
  0x000002aadac45080 JavaThread "Execution worker Thread 4" [_thread_blocked, id=6244, stack(0x000000f453400000,0x000000f453500000)]
  0x000002aadac44660 JavaThread "Execution worker Thread 5" [_thread_blocked, id=11564, stack(0x000000f453500000,0x000000f453600000)]
  0x000002aadac45590 JavaThread "Execution worker Thread 6" [_thread_blocked, id=13456, stack(0x000000f453600000,0x000000f453700000)]
  0x000002aadac469d0 JavaThread "Execution worker Thread 7" [_thread_blocked, id=9836, stack(0x000000f453700000,0x000000f453800000)]
  0x000002aadac43c40 JavaThread "Unconstrained build operations Thread 22" [_thread_blocked, id=6476, stack(0x000000f453800000,0x000000f453900000)]
  0x000002aad94c4f30 JavaThread "Unconstrained build operations Thread 23" [_thread_blocked, id=13280, stack(0x000000f453900000,0x000000f453a00000)]
  0x000002aadac45fb0 JavaThread "Cache worker for execution history cache (C:\Users\a\Documents\Android-SDK@4.87.82540_20251128\UniPlugin-Hello-AS - Copy\.gradle\8.14.3\executionHistory)" [_thread_blocked, id=16460, stack(0x000000f453a00000,0x000000f453b00000)]
  0x000002aad9acd1f0 JavaThread "Unconstrained build operations Thread 24" [_thread_blocked, id=16360, stack(0x000000f453e00000,0x000000f453f00000)]
  0x000002aad9ad3730 JavaThread "Unconstrained build operations Thread 25" [_thread_blocked, id=15432, stack(0x000000f453f00000,0x000000f454000000)]
  0x000002aad9acd700 JavaThread "Unconstrained build operations Thread 26" [_thread_blocked, id=1064, stack(0x000000f454000000,0x000000f454100000)]
  0x000002aad9acdc10 JavaThread "Unconstrained build operations Thread 27" [_thread_blocked, id=2960, stack(0x000000f454100000,0x000000f454200000)]
  0x000002aad9acc2c0 JavaThread "Unconstrained build operations Thread 28" [_thread_blocked, id=16088, stack(0x000000f454200000,0x000000f454300000)]
  0x000002aad9ace120 JavaThread "Unconstrained build operations Thread 29" [_thread_blocked, id=15604, stack(0x000000f454300000,0x000000f454400000)]
  0x000002aad9accce0 JavaThread "Unconstrained build operations Thread 30" [_thread_blocked, id=11764, stack(0x000000f454400000,0x000000f454500000)]
  0x000002aadac45aa0 JavaThread "Unconstrained build operations Thread 31" [_thread_blocked, id=18256, stack(0x000000f454500000,0x000000f454600000)]
  0x000002aadac43220 JavaThread "Unconstrained build operations Thread 32" [_thread_blocked, id=8096, stack(0x000000f454600000,0x000000f454700000)]
  0x000002aadac44b70 JavaThread "Unconstrained build operations Thread 33" [_thread_blocked, id=18240, stack(0x000000f454700000,0x000000f454800000)]
  0x000002aadbdcc870 JavaThread "Unconstrained build operations Thread 34" [_thread_blocked, id=11496, stack(0x000000f454800000,0x000000f454900000)]
  0x000002aadbdccd80 JavaThread "Unconstrained build operations Thread 35" [_thread_blocked, id=15536, stack(0x000000f454900000,0x000000f454a00000)]
  0x000002aadbdcd290 JavaThread "Unconstrained build operations Thread 36" [_thread_blocked, id=9292, stack(0x000000f454a00000,0x000000f454b00000)]
  0x000002aadd76f660 JavaThread "Unconstrained build operations Thread 37" [_thread_blocked, id=16696, stack(0x000000f454b00000,0x000000f454c00000)]
  0x000002aadd770080 JavaThread "Unconstrained build operations Thread 38" [_thread_blocked, id=17104, stack(0x000000f454c00000,0x000000f454d00000)]
  0x000002aadd770590 JavaThread "Unconstrained build operations Thread 39" [_thread_blocked, id=17444, stack(0x000000f454d00000,0x000000f454e00000)]
  0x000002aadd770aa0 JavaThread "Unconstrained build operations Thread 40" [_thread_blocked, id=15348, stack(0x000000f454e00000,0x000000f454f00000)]
  0x000002aadd76d800 JavaThread "Unconstrained build operations Thread 41" [_thread_blocked, id=17224, stack(0x000000f454f00000,0x000000f455000000)]
  0x000002aadbdcf600 JavaThread "Unconstrained build operations Thread 42" [_thread_blocked, id=5800, stack(0x000000f455000000,0x000000f455100000)]
  0x000002aadbdcebe0 JavaThread "Unconstrained build operations Thread 43" [_thread_blocked, id=13908, stack(0x000000f455100000,0x000000f455200000)]
  0x000002aadbdcd7a0 JavaThread "Unconstrained build operations Thread 44" [_thread_blocked, id=18300, stack(0x000000f455200000,0x000000f455300000)]
  0x000002aadcf5dad0 JavaThread "Unconstrained build operations Thread 45" [_thread_blocked, id=12952, stack(0x000000f455300000,0x000000f455400000)]
  0x000002aadcf5c180 JavaThread "Unconstrained build operations Thread 46" [_thread_blocked, id=6624, stack(0x000000f455400000,0x000000f455500000)]
  0x000002aadcf5c690 JavaThread "Unconstrained build operations Thread 47" [_thread_blocked, id=17684, stack(0x000000f455500000,0x000000f455600000)]
  0x000002aadcf5cba0 JavaThread "Unconstrained build operations Thread 48" [_thread_blocked, id=18176, stack(0x000000f455600000,0x000000f455700000)]
  0x000002aadcf5b760 JavaThread "Unconstrained build operations Thread 49" [_thread_blocked, id=17052, stack(0x000000f455700000,0x000000f455800000)]
  0x000002aadcf5d5c0 JavaThread "Unconstrained build operations Thread 50" [_thread_blocked, id=18220, stack(0x000000f455800000,0x000000f455900000)]
  0x000002aadcf5dfe0 JavaThread "Unconstrained build operations Thread 51" [_thread_blocked, id=14880, stack(0x000000f455900000,0x000000f455a00000)]
  0x000002aadbdcdcb0 JavaThread "Unconstrained build operations Thread 52" [_thread_blocked, id=18408, stack(0x000000f455a00000,0x000000f455b00000)]
  0x000002aadbdce6d0 JavaThread "Unconstrained build operations Thread 53" [_thread_blocked, id=16980, stack(0x000000f455b00000,0x000000f455c00000)]
  0x000002aadbdce1c0 JavaThread "Unconstrained build operations Thread 54" [_thread_blocked, id=3592, stack(0x000000f455c00000,0x000000f455d00000)]
  0x000002aadbdcfb10 JavaThread "Unconstrained build operations Thread 55" [_thread_blocked, id=17824, stack(0x000000f455d00000,0x000000f455e00000)]
  0x000002aadbdcf0f0 JavaThread "Unconstrained build operations Thread 56" [_thread_blocked, id=11296, stack(0x000000f455e00000,0x000000f455f00000)]
  0x000002aadbdd0020 JavaThread "Unconstrained build operations Thread 57" [_thread_blocked, id=1120, stack(0x000000f455f00000,0x000000f456000000)]
  0x000002aad60de5e0 JavaThread "Unconstrained build operations Thread 58" [_thread_blocked, id=2024, stack(0x000000f456000000,0x000000f456100000)]
  0x000002aadb291a90 JavaThread "Unconstrained build operations Thread 59" [_thread_blocked, id=6104, stack(0x000000f456100000,0x000000f456200000)]
  0x000002aadb291070 JavaThread "Unconstrained build operations Thread 60" [_thread_blocked, id=15084, stack(0x000000f456200000,0x000000f456300000)]
  0x000002aadb2924b0 JavaThread "Unconstrained build operations Thread 61" [_thread_blocked, id=7556, stack(0x000000f456300000,0x000000f456400000)]
  0x000002aadc686680 JavaThread "Unconstrained build operations Thread 62" [_thread_blocked, id=16004, stack(0x000000f456400000,0x000000f456500000)]
  0x000002aadc686170 JavaThread "Unconstrained build operations Thread 63" [_thread_blocked, id=17460, stack(0x000000f456500000,0x000000f456600000)]
  0x000002aadc686b90 JavaThread "Unconstrained build operations Thread 64" [_thread_blocked, id=8696, stack(0x000000f456600000,0x000000f456700000)]
  0x000002aadc684820 JavaThread "Unconstrained build operations Thread 65" [_thread_blocked, id=8128, stack(0x000000f456700000,0x000000f456800000)]
  0x000002aadcf5ad40 JavaThread "Unconstrained build operations Thread 66" [_thread_blocked, id=2544, stack(0x000000f456800000,0x000000f456900000)]
  0x000002aadcf5e4f0 JavaThread "Unconstrained build operations Thread 67" [_thread_blocked, id=8340, stack(0x000000f456900000,0x000000f456a00000)]
  0x000002aadcf5b250 JavaThread "Unconstrained build operations Thread 68" [_thread_blocked, id=17396, stack(0x000000f456a00000,0x000000f456b00000)]
  0x000002aadcf5bc70 JavaThread "Unconstrained build operations Thread 69" [_thread_blocked, id=4104, stack(0x000000f456b00000,0x000000f456c00000)]
  0x000002aadcf5d0b0 JavaThread "Unconstrained build operations Thread 70" [_thread_blocked, id=544, stack(0x000000f456c00000,0x000000f456d00000)]
  0x000002aad60e2b00 JavaThread "Unconstrained build operations Thread 71" [_thread_blocked, id=9404, stack(0x000000f456d00000,0x000000f456e00000)]
  0x000002aad60e3010 JavaThread "Unconstrained build operations Thread 72" [_thread_blocked, id=17208, stack(0x000000f456e00000,0x000000f456f00000)]
  0x000002aad94c1c90 JavaThread "Cache worker for Java compile cache (C:\Users\a\.gradle\caches\8.14.3\javaCompile)" [_thread_blocked, id=8424, stack(0x000000f456f00000,0x000000f457000000)]
  0x000002aad60de0d0 JavaThread "Build operations" [_thread_blocked, id=9844, stack(0x000000f457000000,0x000000f457100000)]
  0x000002aad60e0e60 JavaThread "Build operations Thread 2" [_thread_blocked, id=15324, stack(0x000000f457100000,0x000000f457200000)]
  0x000002aad60deaf0 JavaThread "Build operations Thread 3" [_thread_blocked, id=17200, stack(0x000000f457200000,0x000000f457300000)]
  0x000002aad60e1370 JavaThread "Build operations Thread 4" [_thread_blocked, id=14684, stack(0x000000f457300000,0x000000f457400000)]
  0x000002aade0a5a20 JavaThread "Build operations Thread 5" [_thread_blocked, id=16828, stack(0x000000f457400000,0x000000f457500000)]
  0x000002aade0a31a0 JavaThread "Build operations Thread 6" [_thread_blocked, id=1124, stack(0x000000f457500000,0x000000f457600000)]
  0x000002aade0a40d0 JavaThread "Build operations Thread 7" [_thread_blocked, id=13184, stack(0x000000f457600000,0x000000f457700000)]
  0x000002aadb7a8cd0 JavaThread "Unconstrained build operations Thread 73" [_thread_blocked, id=17252, stack(0x000000f457b00000,0x000000f457c00000)]
  0x000002aadb7a82b0 JavaThread "Unconstrained build operations Thread 74" [_thread_blocked, id=18228, stack(0x000000f457c00000,0x000000f457d00000)]
  0x000002aadb7a91e0 JavaThread "Unconstrained build operations Thread 75" [_thread_blocked, id=16772, stack(0x000000f457d00000,0x000000f457e00000)]
  0x000002aadd7c32f0 JavaThread "Unconstrained build operations Thread 76" [_thread_blocked, id=11316, stack(0x000000f457e00000,0x000000f457f00000)]
  0x000002aadd7c2de0 JavaThread "Unconstrained build operations Thread 77" [_thread_blocked, id=17504, stack(0x000000f457f00000,0x000000f458000000)]
  0x000002aadd7c19a0 JavaThread "Unconstrained build operations Thread 78" [_thread_blocked, id=2784, stack(0x000000f458000000,0x000000f458100000)]
  0x000002aadd7c1eb0 JavaThread "Unconstrained build operations Thread 79" [_thread_blocked, id=6356, stack(0x000000f458100000,0x000000f458200000)]
  0x000002aadb7869c0 JavaThread "Unconstrained build operations Thread 80" [_thread_blocked, id=11304, stack(0x000000f44d900000,0x000000f44da00000)]
  0x000002aad94c26b0 JavaThread "WorkerExecutor Queue" [_thread_in_Java, id=17896, stack(0x000000f44db00000,0x000000f44dc00000)]
  0x000002aad9acfa70 JavaThread "WorkerExecutor Queue Thread 2" [_thread_in_Java, id=19260, stack(0x000000f453d00000,0x000000f453e00000)]
  0x000002aadd7c23c0 JavaThread "WorkerExecutor Queue Thread 3" [_thread_in_native_trans, id=19336, stack(0x000000f458200000,0x000000f458300000)]
  0x000002aad94c5440 JavaThread "Build operations Thread 8" [_thread_blocked, id=19348, stack(0x000000f458400000,0x000000f458500000)]
  0x000002aad9d23020 JavaThread "C2 CompilerThread1" daemon [_thread_in_native, id=19356, stack(0x000000f44da00000,0x000000f44db00000)]
  0x000002aad9d23570 JavaThread "C2 CompilerThread2" daemon [_thread_in_native, id=19360, stack(0x000000f453c00000,0x000000f453d00000)]
  0x000002aadd7c28d0 JavaThread "WorkerExecutor Queue Thread 4" [_thread_in_Java, id=19372, stack(0x000000f458500000,0x000000f458600000)]
  0x000002aadc1e1fd0 JavaThread "WorkerExecutor Queue Thread 5" [_thread_in_Java, id=19376, stack(0x000000f458600000,0x000000f458700000)]
  0x000002aadc1e24e0 JavaThread "WorkerExecutor Queue Thread 6" [_thread_in_Java, id=19380, stack(0x000000f458700000,0x000000f458800000)]
  0x000002aadc1e29f0 JavaThread "WorkerExecutor Queue Thread 7" [_thread_in_Java, id=19384, stack(0x000000f458800000,0x000000f458900000)]
  0x000002aad9ace630 JavaThread "WorkerExecutor Queue Thread 8" [_thread_in_native, id=19388, stack(0x000000f458900000,0x000000f458a00000)]

Other Threads:
  0x000002aad1747400 VMThread "VM Thread" [stack: 0x000000f44e200000,0x000000f44e300000] [id=17436]
  0x000002aad1a2d410 WatcherThread [stack: 0x000000f44ee00000,0x000000f44ef00000] [id=15148]
  0x000002aab2b6fb40 GCTaskThread "GC Thread#0" [stack: 0x000000f44dd00000,0x000000f44de00000] [id=15144]
  0x000002aad65f2410 GCTaskThread "GC Thread#1" [stack: 0x000000f44f100000,0x000000f44f200000] [id=13852]
  0x000002aad17658f0 GCTaskThread "GC Thread#2" [stack: 0x000000f44f200000,0x000000f44f300000] [id=14584]
  0x000002aad607ba40 GCTaskThread "GC Thread#3" [stack: 0x000000f44f300000,0x000000f44f400000] [id=17176]
  0x000002aad658f5e0 GCTaskThread "GC Thread#4" [stack: 0x000000f44f400000,0x000000f44f500000] [id=18328]
  0x000002aad658f8a0 GCTaskThread "GC Thread#5" [stack: 0x000000f44f500000,0x000000f44f600000] [id=16456]
  0x000002aad6f14aa0 GCTaskThread "GC Thread#6" [stack: 0x000000f44ef00000,0x000000f44f000000] [id=17424]
  0x000002aad6f14d60 GCTaskThread "GC Thread#7" [stack: 0x000000f44f000000,0x000000f44f100000] [id=1812]
  0x000002aab2b81850 ConcurrentGCThread "G1 Main Marker" [stack: 0x000000f44de00000,0x000000f44df00000] [id=6332]
  0x000002aab2b827c0 ConcurrentGCThread "G1 Conc#0" [stack: 0x000000f44df00000,0x000000f44e000000] [id=6724]
  0x000002aad7ebd0b0 ConcurrentGCThread "G1 Conc#1" [stack: 0x000000f450000000,0x000000f450100000] [id=16452]
  0x000002aab2bbda60 ConcurrentGCThread "G1 Refine#0" [stack: 0x000000f44e000000,0x000000f44e100000] [id=10836]
  0x000002aad9f5c950 ConcurrentGCThread "G1 Refine#1" [stack: 0x000000f452000000,0x000000f452100000] [id=16520]
  0x000002aadd0aff90 ConcurrentGCThread "G1 Refine#2" [stack: 0x000000f457700000,0x000000f457800000] [id=15036]
  0x000002aadd0af3d0 ConcurrentGCThread "G1 Refine#3" [stack: 0x000000f457800000,0x000000f457900000] [id=5088]
  0x000002aadd0ae810 ConcurrentGCThread "G1 Refine#4" [stack: 0x000000f457900000,0x000000f457a00000] [id=18280]
  0x000002aadd0afca0 ConcurrentGCThread "G1 Refine#5" [stack: 0x000000f457a00000,0x000000f457b00000] [id=16468]
  0x000002aab2bbe240 ConcurrentGCThread "G1 Service" [stack: 0x000000f44e100000,0x000000f44e200000] [id=18324]

Threads with active compile tasks:
C2 CompilerThread0   150208 35943 %     4       com.android.tools.r8.ir.regalloc.b::a @ 291 (982 bytes)
C2 CompilerThread1   150208 35972 %     4       com.android.tools.r8.ir.regalloc.b::j @ 571 (1048 bytes)
C2 CompilerThread2   150208 35975 %     4       com.android.tools.r8.internal.Bl::a @ 272 (3503 bytes)

VM state: not at safepoint (normal execution)

VM Mutex/Monitor currently owned by a thread: None

Heap address: 0x0000000700000000, size: 4096 MB, Compressed Oops mode: Zero based, Oop shift amount: 3

CDS archive(s) not mapped
Compressed class space mapped at: 0x0000000800000000-0x0000000840000000, reserved size: 1073741824
Narrow klass base: 0x0000000800000000, Narrow klass shift: 0, Narrow klass range: 0x40000000

GC Precious Log:
 CPUs: 8 total, 8 available
 Memory: 16292M
 Large Page Support: Disabled
 NUMA Support: Disabled
 Compressed Oops: Enabled (Zero based)
 Heap Region Size: 2M
 Heap Min Capacity: 8M
 Heap Initial Capacity: 256M
 Heap Max Capacity: 4G
 Pre-touch: Disabled
 Parallel Workers: 8
 Concurrent Workers: 2
 Concurrent Refinement Workers: 8
 Periodic GC: Disabled

Heap:
 garbage-first heap   total 1476608K, used 948289K [0x0000000700000000, 0x0000000800000000)
  region size 2048K, 120 young (245760K), 29 survivors (59392K)
 Metaspace       used 172732K, committed 174080K, reserved 1245184K
  class space    used 22905K, committed 23488K, reserved 1048576K

Heap Regions: E=young(eden), S=young(survivor), O=old, HS=humongous(starts), HC=humongous(continues), CS=collection set, F=free, OA=open archive, CA=closed archive, TAMS=top-at-mark-start (previous, next)
|   0|0x0000000700000000, 0x0000000700200000, 0x0000000700200000|100%|HS|  |TAMS 0x0000000700200000, 0x0000000700000000| Complete 
|   1|0x0000000700200000, 0x0000000700400000, 0x0000000700400000|100%|HC|  |TAMS 0x0000000700400000, 0x0000000700200000| Complete 
|   2|0x0000000700400000, 0x0000000700600000, 0x0000000700600000|100%| O|  |TAMS 0x0000000700600000, 0x0000000700400000| Untracked 
|   3|0x0000000700600000, 0x0000000700800000, 0x0000000700800000|100%| O|  |TAMS 0x0000000700800000, 0x0000000700600000| Untracked 
|   4|0x0000000700800000, 0x0000000700a00000, 0x0000000700a00000|100%| O|  |TAMS 0x0000000700a00000, 0x0000000700800000| Untracked 
|   5|0x0000000700a00000, 0x0000000700c00000, 0x0000000700c00000|100%| O|  |TAMS 0x0000000700c00000, 0x0000000700a00000| Untracked 
|   6|0x0000000700c00000, 0x0000000700e00000, 0x0000000700e00000|100%| O|  |TAMS 0x0000000700e00000, 0x0000000700c00000| Untracked 
|   7|0x0000000700e00000, 0x0000000701000000, 0x0000000701000000|100%| O|  |TAMS 0x0000000701000000, 0x0000000700e00000| Untracked 
|   8|0x0000000701000000, 0x0000000701200000, 0x0000000701200000|100%| O|  |TAMS 0x0000000701200000, 0x0000000701000000| Untracked 
|   9|0x0000000701200000, 0x0000000701400000, 0x0000000701400000|100%| O|  |TAMS 0x0000000701400000, 0x0000000701200000| Untracked 
|  10|0x0000000701400000, 0x0000000701600000, 0x0000000701600000|100%| O|  |TAMS 0x0000000701600000, 0x0000000701400000| Untracked 
|  11|0x0000000701600000, 0x0000000701800000, 0x0000000701800000|100%| O|  |TAMS 0x0000000701800000, 0x0000000701600000| Untracked 
|  12|0x0000000701800000, 0x0000000701a00000, 0x0000000701a00000|100%| O|  |TAMS 0x0000000701a00000, 0x0000000701800000| Untracked 
|  13|0x0000000701a00000, 0x0000000701c00000, 0x0000000701c00000|100%| O|  |TAMS 0x0000000701c00000, 0x0000000701a00000| Untracked 
|  14|0x0000000701c00000, 0x0000000701e00000, 0x0000000701e00000|100%| O|  |TAMS 0x0000000701e00000, 0x0000000701c00000| Untracked 
|  15|0x0000000701e00000, 0x0000000702000000, 0x0000000702000000|100%| O|  |TAMS 0x0000000702000000, 0x0000000701e00000| Untracked 
|  16|0x0000000702000000, 0x0000000702200000, 0x0000000702200000|100%| O|  |TAMS 0x0000000702200000, 0x0000000702000000| Untracked 
|  17|0x0000000702200000, 0x0000000702400000, 0x0000000702400000|100%| O|  |TAMS 0x0000000702400000, 0x0000000702200000| Untracked 
|  18|0x0000000702400000, 0x0000000702600000, 0x0000000702600000|100%| O|  |TAMS 0x0000000702600000, 0x0000000702400000| Untracked 
|  19|0x0000000702600000, 0x0000000702800000, 0x0000000702800000|100%| O|  |TAMS 0x0000000702800000, 0x0000000702600000| Untracked 
|  20|0x0000000702800000, 0x0000000702a00000, 0x0000000702a00000|100%| O|  |TAMS 0x0000000702a00000, 0x0000000702800000| Untracked 
|  21|0x0000000702a00000, 0x0000000702c00000, 0x0000000702c00000|100%| O|  |TAMS 0x0000000702c00000, 0x0000000702a00000| Untracked 
|  22|0x0000000702c00000, 0x0000000702e00000, 0x0000000702e00000|100%| O|  |TAMS 0x0000000702e00000, 0x0000000702c00000| Untracked 
|  23|0x0000000702e00000, 0x0000000703000000, 0x0000000703000000|100%|HS|  |TAMS 0x0000000703000000, 0x0000000702e00000| Complete 
|  24|0x0000000703000000, 0x0000000703200000, 0x0000000703200000|100%| O|  |TAMS 0x0000000703200000, 0x0000000703000000| Untracked 
|  25|0x0000000703200000, 0x0000000703400000, 0x0000000703400000|100%| O|  |TAMS 0x0000000703400000, 0x0000000703200000| Untracked 
|  26|0x0000000703400000, 0x0000000703600000, 0x0000000703600000|100%| O|  |TAMS 0x0000000703600000, 0x0000000703400000| Untracked 
|  27|0x0000000703600000, 0x0000000703800000, 0x0000000703800000|100%| O|  |TAMS 0x0000000703800000, 0x0000000703600000| Untracked 
|  28|0x0000000703800000, 0x0000000703a00000, 0x0000000703a00000|100%| O|  |TAMS 0x0000000703a00000, 0x0000000703800000| Untracked 
|  29|0x0000000703a00000, 0x0000000703c00000, 0x0000000703c00000|100%| O|  |TAMS 0x0000000703c00000, 0x0000000703a00000| Untracked 
|  30|0x0000000703c00000, 0x0000000703e00000, 0x0000000703e00000|100%| O|  |TAMS 0x0000000703e00000, 0x0000000703c00000| Untracked 
|  31|0x0000000703e00000, 0x0000000704000000, 0x0000000704000000|100%| O|  |TAMS 0x0000000704000000, 0x0000000703e00000| Untracked 
|  32|0x0000000704000000, 0x0000000704200000, 0x0000000704200000|100%| O|  |TAMS 0x0000000704200000, 0x0000000704000000| Untracked 
|  33|0x0000000704200000, 0x0000000704400000, 0x0000000704400000|100%| O|  |TAMS 0x0000000704400000, 0x0000000704200000| Untracked 
|  34|0x0000000704400000, 0x0000000704600000, 0x0000000704600000|100%| O|  |TAMS 0x0000000704600000, 0x0000000704400000| Untracked 
|  35|0x0000000704600000, 0x0000000704800000, 0x0000000704800000|100%| O|  |TAMS 0x0000000704800000, 0x0000000704600000| Untracked 
|  36|0x0000000704800000, 0x0000000704a00000, 0x0000000704a00000|100%| O|  |TAMS 0x0000000704a00000, 0x0000000704800000| Untracked 
|  37|0x0000000704a00000, 0x0000000704c00000, 0x0000000704c00000|100%| O|  |TAMS 0x0000000704c00000, 0x0000000704a00000| Untracked 
|  38|0x0000000704c00000, 0x0000000704e00000, 0x0000000704e00000|100%|HS|  |TAMS 0x0000000704e00000, 0x0000000704c00000| Complete 
|  39|0x0000000704e00000, 0x0000000705000000, 0x0000000705000000|100%| O|  |TAMS 0x0000000705000000, 0x0000000704e00000| Untracked 
|  40|0x0000000705000000, 0x0000000705200000, 0x0000000705200000|100%| O|  |TAMS 0x0000000705200000, 0x0000000705000000| Untracked 
|  41|0x0000000705200000, 0x0000000705400000, 0x0000000705400000|100%| O|  |TAMS 0x0000000705400000, 0x0000000705200000| Untracked 
|  42|0x0000000705400000, 0x0000000705600000, 0x0000000705600000|100%| O|  |TAMS 0x0000000705600000, 0x0000000705400000| Untracked 
|  43|0x0000000705600000, 0x0000000705800000, 0x0000000705800000|100%| O|  |TAMS 0x0000000705800000, 0x0000000705600000| Untracked 
|  44|0x0000000705800000, 0x0000000705a00000, 0x0000000705a00000|100%| O|  |TAMS 0x0000000705a00000, 0x0000000705800000| Untracked 
|  45|0x0000000705a00000, 0x0000000705c00000, 0x0000000705c00000|100%| O|  |TAMS 0x0000000705c00000, 0x0000000705a00000| Untracked 
|  46|0x0000000705c00000, 0x0000000705e00000, 0x0000000705e00000|100%| O|  |TAMS 0x0000000705e00000, 0x0000000705c00000| Untracked 
|  47|0x0000000705e00000, 0x0000000706000000, 0x0000000706000000|100%| O|  |TAMS 0x0000000706000000, 0x0000000705e00000| Untracked 
|  48|0x0000000706000000, 0x0000000706200000, 0x0000000706200000|100%|HS|  |TAMS 0x0000000706000000, 0x0000000706000000| Complete 
|  49|0x0000000706200000, 0x0000000706400000, 0x0000000706400000|100%| O|  |TAMS 0x0000000706400000, 0x0000000706200000| Untracked 
|  50|0x0000000706400000, 0x0000000706600000, 0x0000000706600000|100%| O|  |TAMS 0x0000000706600000, 0x0000000706400000| Untracked 
|  51|0x0000000706600000, 0x0000000706800000, 0x0000000706800000|100%| O|  |TAMS 0x0000000706800000, 0x0000000706600000| Untracked 
|  52|0x0000000706800000, 0x0000000706a00000, 0x0000000706a00000|100%| O|  |TAMS 0x0000000706a00000, 0x0000000706800000| Untracked 
|  53|0x0000000706a00000, 0x0000000706c00000, 0x0000000706c00000|100%| O|  |TAMS 0x0000000706c00000, 0x0000000706a00000| Untracked 
|  54|0x0000000706c00000, 0x0000000706e00000, 0x0000000706e00000|100%| O|  |TAMS 0x0000000706e00000, 0x0000000706c00000| Untracked 
|  55|0x0000000706e00000, 0x0000000707000000, 0x0000000707000000|100%| O|  |TAMS 0x0000000707000000, 0x0000000706e00000| Untracked 
|  56|0x0000000707000000, 0x0000000707200000, 0x0000000707200000|100%| O|  |TAMS 0x0000000707200000, 0x0000000707000000| Untracked 
|  57|0x0000000707200000, 0x0000000707400000, 0x0000000707400000|100%| O|  |TAMS 0x0000000707400000, 0x0000000707200000| Untracked 
|  58|0x0000000707400000, 0x0000000707600000, 0x0000000707600000|100%| O|  |TAMS 0x0000000707600000, 0x0000000707400000| Untracked 
|  59|0x0000000707600000, 0x0000000707800000, 0x0000000707800000|100%| O|  |TAMS 0x0000000707800000, 0x0000000707600000| Untracked 
|  60|0x0000000707800000, 0x0000000707a00000, 0x0000000707a00000|100%| O|  |TAMS 0x0000000707a00000, 0x0000000707800000| Untracked 
|  61|0x0000000707a00000, 0x0000000707c00000, 0x0000000707c00000|100%| O|  |TAMS 0x0000000707c00000, 0x0000000707a00000| Untracked 
|  62|0x0000000707c00000, 0x0000000707e00000, 0x0000000707e00000|100%| O|  |TAMS 0x0000000707e00000, 0x0000000707c00000| Untracked 
|  63|0x0000000707e00000, 0x0000000708000000, 0x0000000708000000|100%| O|  |TAMS 0x0000000708000000, 0x0000000707e00000| Untracked 
|  64|0x0000000708000000, 0x0000000708200000, 0x0000000708200000|100%| O|  |TAMS 0x0000000708200000, 0x0000000708000000| Untracked 
|  65|0x0000000708200000, 0x0000000708400000, 0x0000000708400000|100%| O|  |TAMS 0x0000000708400000, 0x0000000708200000| Untracked 
|  66|0x0000000708400000, 0x0000000708600000, 0x0000000708600000|100%| O|  |TAMS 0x0000000708600000, 0x0000000708400000| Untracked 
|  67|0x0000000708600000, 0x0000000708800000, 0x0000000708800000|100%|HS|  |TAMS 0x0000000708800000, 0x0000000708600000| Complete 
|  68|0x0000000708800000, 0x0000000708a00000, 0x0000000708a00000|100%| O|  |TAMS 0x0000000708a00000, 0x0000000708800000| Untracked 
|  69|0x0000000708a00000, 0x0000000708c00000, 0x0000000708c00000|100%| O|  |TAMS 0x0000000708c00000, 0x0000000708a00000| Untracked 
|  70|0x0000000708c00000, 0x0000000708e00000, 0x0000000708e00000|100%| O|  |TAMS 0x0000000708e00000, 0x0000000708c00000| Untracked 
|  71|0x0000000708e00000, 0x0000000709000000, 0x0000000709000000|100%| O|  |TAMS 0x0000000709000000, 0x0000000708e00000| Untracked 
|  72|0x0000000709000000, 0x0000000709200000, 0x0000000709200000|100%| O|  |TAMS 0x0000000709200000, 0x0000000709000000| Untracked 
|  73|0x0000000709200000, 0x0000000709400000, 0x0000000709400000|100%| O|  |TAMS 0x0000000709400000, 0x0000000709200000| Untracked 
|  74|0x0000000709400000, 0x0000000709600000, 0x0000000709600000|100%| O|  |TAMS 0x0000000709600000, 0x0000000709400000| Untracked 
|  75|0x0000000709600000, 0x0000000709800000, 0x0000000709800000|100%| O|  |TAMS 0x0000000709800000, 0x0000000709600000| Untracked 
|  76|0x0000000709800000, 0x0000000709a00000, 0x0000000709a00000|100%| O|  |TAMS 0x0000000709a00000, 0x0000000709800000| Untracked 
|  77|0x0000000709a00000, 0x0000000709c00000, 0x0000000709c00000|100%| O|  |TAMS 0x0000000709c00000, 0x0000000709a00000| Untracked 
|  78|0x0000000709c00000, 0x0000000709e00000, 0x0000000709e00000|100%| O|  |TAMS 0x0000000709e00000, 0x0000000709c00000| Untracked 
|  79|0x0000000709e00000, 0x000000070a000000, 0x000000070a000000|100%| O|  |TAMS 0x000000070a000000, 0x0000000709e00000| Untracked 
|  80|0x000000070a000000, 0x000000070a200000, 0x000000070a200000|100%| O|  |TAMS 0x000000070a200000, 0x000000070a000000| Untracked 
|  81|0x000000070a200000, 0x000000070a400000, 0x000000070a400000|100%| O|  |TAMS 0x000000070a400000, 0x000000070a200000| Untracked 
|  82|0x000000070a400000, 0x000000070a600000, 0x000000070a600000|100%| O|  |TAMS 0x000000070a600000, 0x000000070a400000| Untracked 
|  83|0x000000070a600000, 0x000000070a800000, 0x000000070a800000|100%| O|  |TAMS 0x000000070a800000, 0x000000070a600000| Untracked 
|  84|0x000000070a800000, 0x000000070aa00000, 0x000000070aa00000|100%| O|  |TAMS 0x000000070aa00000, 0x000000070a800000| Untracked 
|  85|0x000000070aa00000, 0x000000070ac00000, 0x000000070ac00000|100%| O|  |TAMS 0x000000070ac00000, 0x000000070aa00000| Untracked 
|  86|0x000000070ac00000, 0x000000070ae00000, 0x000000070ae00000|100%| O|  |TAMS 0x000000070ae00000, 0x000000070ac00000| Untracked 
|  87|0x000000070ae00000, 0x000000070b000000, 0x000000070b000000|100%| O|  |TAMS 0x000000070b000000, 0x000000070ae00000| Untracked 
|  88|0x000000070b000000, 0x000000070b200000, 0x000000070b200000|100%| O|  |TAMS 0x000000070b200000, 0x000000070b000000| Untracked 
|  89|0x000000070b200000, 0x000000070b400000, 0x000000070b400000|100%| O|  |TAMS 0x000000070b400000, 0x000000070b200000| Untracked 
|  90|0x000000070b400000, 0x000000070b600000, 0x000000070b600000|100%| O|  |TAMS 0x000000070b600000, 0x000000070b400000| Untracked 
|  91|0x000000070b600000, 0x000000070b800000, 0x000000070b800000|100%| O|  |TAMS 0x000000070b800000, 0x000000070b600000| Untracked 
|  92|0x000000070b800000, 0x000000070ba00000, 0x000000070ba00000|100%| O|  |TAMS 0x000000070ba00000, 0x000000070b800000| Untracked 
|  93|0x000000070ba00000, 0x000000070bc00000, 0x000000070bc00000|100%| O|  |TAMS 0x000000070bc00000, 0x000000070ba00000| Untracked 
|  94|0x000000070bc00000, 0x000000070be00000, 0x000000070be00000|100%| O|  |TAMS 0x000000070bc00000, 0x000000070bc00000| Untracked 
|  95|0x000000070be00000, 0x000000070c000000, 0x000000070c000000|100%| O|  |TAMS 0x000000070be00000, 0x000000070be00000| Untracked 
|  96|0x000000070c000000, 0x000000070c200000, 0x000000070c200000|100%| O|  |TAMS 0x000000070c000000, 0x000000070c000000| Untracked 
|  97|0x000000070c200000, 0x000000070c400000, 0x000000070c400000|100%| O|  |TAMS 0x000000070c400000, 0x000000070c200000| Untracked 
|  98|0x000000070c400000, 0x000000070c600000, 0x000000070c600000|100%| O|  |TAMS 0x000000070c600000, 0x000000070c400000| Untracked 
|  99|0x000000070c600000, 0x000000070c800000, 0x000000070c800000|100%| O|  |TAMS 0x000000070c800000, 0x000000070c600000| Untracked 
| 100|0x000000070c800000, 0x000000070ca00000, 0x000000070ca00000|100%| O|  |TAMS 0x000000070c800000, 0x000000070c800000| Untracked 
| 101|0x000000070ca00000, 0x000000070cc00000, 0x000000070cc00000|100%| O|  |TAMS 0x000000070ca00000, 0x000000070ca00000| Untracked 
| 102|0x000000070cc00000, 0x000000070ce00000, 0x000000070ce00000|100%| O|  |TAMS 0x000000070cc00000, 0x000000070cc00000| Untracked 
| 103|0x000000070ce00000, 0x000000070d000000, 0x000000070d000000|100%| O|  |TAMS 0x000000070ce00000, 0x000000070ce00000| Untracked 
| 104|0x000000070d000000, 0x000000070d200000, 0x000000070d200000|100%| O|  |TAMS 0x000000070d000000, 0x000000070d000000| Untracked 
| 105|0x000000070d200000, 0x000000070d400000, 0x000000070d400000|100%| O|  |TAMS 0x000000070d400000, 0x000000070d200000| Untracked 
| 106|0x000000070d400000, 0x000000070d600000, 0x000000070d600000|100%| O|  |TAMS 0x000000070d600000, 0x000000070d400000| Untracked 
| 107|0x000000070d600000, 0x000000070d800000, 0x000000070d800000|100%| O|  |TAMS 0x000000070d800000, 0x000000070d600000| Untracked 
| 108|0x000000070d800000, 0x000000070da00000, 0x000000070da00000|100%| O|  |TAMS 0x000000070d800000, 0x000000070d800000| Untracked 
| 109|0x000000070da00000, 0x000000070dc00000, 0x000000070dc00000|100%| O|  |TAMS 0x000000070dc00000, 0x000000070da00000| Untracked 
| 110|0x000000070dc00000, 0x000000070de00000, 0x000000070de00000|100%| O|  |TAMS 0x000000070de00000, 0x000000070dc00000| Untracked 
| 111|0x000000070de00000, 0x000000070e000000, 0x000000070e000000|100%| O|  |TAMS 0x000000070e000000, 0x000000070de00000| Untracked 
| 112|0x000000070e000000, 0x000000070e200000, 0x000000070e200000|100%| O|  |TAMS 0x000000070e000000, 0x000000070e000000| Untracked 
| 113|0x000000070e200000, 0x000000070e400000, 0x000000070e400000|100%| O|  |TAMS 0x000000070e200000, 0x000000070e200000| Untracked 
| 114|0x000000070e400000, 0x000000070e600000, 0x000000070e600000|100%| O|  |TAMS 0x000000070e400000, 0x000000070e400000| Untracked 
| 115|0x000000070e600000, 0x000000070e800000, 0x000000070e800000|100%| O|  |TAMS 0x000000070e600000, 0x000000070e600000| Untracked 
| 116|0x000000070e800000, 0x000000070ea00000, 0x000000070ea00000|100%| O|  |TAMS 0x000000070e800000, 0x000000070e800000| Untracked 
| 117|0x000000070ea00000, 0x000000070ec00000, 0x000000070ec00000|100%| O|  |TAMS 0x000000070ea00000, 0x000000070ea00000| Untracked 
| 118|0x000000070ec00000, 0x000000070ee00000, 0x000000070ee00000|100%| O|  |TAMS 0x000000070ec00000, 0x000000070ec00000| Untracked 
| 119|0x000000070ee00000, 0x000000070f000000, 0x000000070f000000|100%| O|  |TAMS 0x000000070ee00000, 0x000000070ee00000| Untracked 
| 120|0x000000070f000000, 0x000000070f200000, 0x000000070f200000|100%| O|  |TAMS 0x000000070f000000, 0x000000070f000000| Untracked 
| 121|0x000000070f200000, 0x000000070f400000, 0x000000070f400000|100%| O|  |TAMS 0x000000070f200000, 0x000000070f200000| Untracked 
| 122|0x000000070f400000, 0x000000070f600000, 0x000000070f600000|100%| O|  |TAMS 0x000000070f400000, 0x000000070f400000| Untracked 
| 123|0x000000070f600000, 0x000000070f800000, 0x000000070f800000|100%| O|  |TAMS 0x000000070f600000, 0x000000070f600000| Untracked 
| 124|0x000000070f800000, 0x000000070fa00000, 0x000000070fa00000|100%| O|  |TAMS 0x000000070f800000, 0x000000070f800000| Untracked 
| 125|0x000000070fa00000, 0x000000070fc00000, 0x000000070fc00000|100%| O|  |TAMS 0x000000070fa00000, 0x000000070fa00000| Untracked 
| 126|0x000000070fc00000, 0x000000070fe00000, 0x000000070fe00000|100%| O|  |TAMS 0x000000070fc00000, 0x000000070fc00000| Untracked 
| 127|0x000000070fe00000, 0x0000000710000000, 0x0000000710000000|100%| O|  |TAMS 0x000000070fe00000, 0x000000070fe00000| Untracked 
| 128|0x0000000710000000, 0x0000000710200000, 0x0000000710200000|100%| O|  |TAMS 0x0000000710000000, 0x0000000710000000| Untracked 
| 129|0x0000000710200000, 0x0000000710400000, 0x0000000710400000|100%| O|  |TAMS 0x0000000710200000, 0x0000000710200000| Untracked 
| 130|0x0000000710400000, 0x0000000710600000, 0x0000000710600000|100%| O|  |TAMS 0x0000000710400000, 0x0000000710400000| Untracked 
| 131|0x0000000710600000, 0x0000000710800000, 0x0000000710800000|100%| O|  |TAMS 0x0000000710600000, 0x0000000710600000| Untracked 
| 132|0x0000000710800000, 0x0000000710a00000, 0x0000000710a00000|100%| O|  |TAMS 0x0000000710800000, 0x0000000710800000| Untracked 
| 133|0x0000000710a00000, 0x0000000710c00000, 0x0000000710c00000|100%| O|  |TAMS 0x0000000710a00000, 0x0000000710a00000| Untracked 
| 134|0x0000000710c00000, 0x0000000710e00000, 0x0000000710e00000|100%| O|  |TAMS 0x0000000710c00000, 0x0000000710c00000| Untracked 
| 135|0x0000000710e00000, 0x0000000711000000, 0x0000000711000000|100%| O|  |TAMS 0x0000000710e00000, 0x0000000710e00000| Untracked 
| 136|0x0000000711000000, 0x0000000711200000, 0x0000000711200000|100%| O|  |TAMS 0x0000000711000000, 0x0000000711000000| Untracked 
| 137|0x0000000711200000, 0x0000000711400000, 0x0000000711400000|100%| O|  |TAMS 0x0000000711200000, 0x0000000711200000| Untracked 
| 138|0x0000000711400000, 0x0000000711600000, 0x0000000711600000|100%| O|  |TAMS 0x0000000711400000, 0x0000000711400000| Untracked 
| 139|0x0000000711600000, 0x0000000711800000, 0x0000000711800000|100%| O|  |TAMS 0x0000000711600000, 0x0000000711600000| Untracked 
| 140|0x0000000711800000, 0x0000000711a00000, 0x0000000711a00000|100%| O|  |TAMS 0x0000000711800000, 0x0000000711800000| Untracked 
| 141|0x0000000711a00000, 0x0000000711c00000, 0x0000000711c00000|100%| O|  |TAMS 0x0000000711a00000, 0x0000000711a00000| Untracked 
| 142|0x0000000711c00000, 0x0000000711e00000, 0x0000000711e00000|100%| O|  |TAMS 0x0000000711c00000, 0x0000000711c00000| Untracked 
| 143|0x0000000711e00000, 0x0000000712000000, 0x0000000712000000|100%| O|  |TAMS 0x0000000711e00000, 0x0000000711e00000| Untracked 
| 144|0x0000000712000000, 0x0000000712200000, 0x0000000712200000|100%| O|  |TAMS 0x0000000712000000, 0x0000000712000000| Untracked 
| 145|0x0000000712200000, 0x0000000712400000, 0x0000000712400000|100%| O|  |TAMS 0x0000000712200000, 0x0000000712200000| Untracked 
| 146|0x0000000712400000, 0x0000000712600000, 0x0000000712600000|100%| O|  |TAMS 0x0000000712400000, 0x0000000712400000| Untracked 
| 147|0x0000000712600000, 0x0000000712800000, 0x0000000712800000|100%| O|  |TAMS 0x0000000712600000, 0x0000000712600000| Untracked 
| 148|0x0000000712800000, 0x0000000712a00000, 0x0000000712a00000|100%| O|  |TAMS 0x0000000712800000, 0x0000000712800000| Untracked 
| 149|0x0000000712a00000, 0x0000000712c00000, 0x0000000712c00000|100%| O|  |TAMS 0x0000000712a00000, 0x0000000712a00000| Untracked 
| 150|0x0000000712c00000, 0x0000000712e00000, 0x0000000712e00000|100%| O|  |TAMS 0x0000000712c00000, 0x0000000712c00000| Untracked 
| 151|0x0000000712e00000, 0x0000000713000000, 0x0000000713000000|100%| O|  |TAMS 0x0000000712e00000, 0x0000000712e00000| Untracked 
| 152|0x0000000713000000, 0x0000000713200000, 0x0000000713200000|100%|HS|  |TAMS 0x0000000713000000, 0x0000000713000000| Complete 
| 153|0x0000000713200000, 0x0000000713400000, 0x0000000713400000|100%| O|  |TAMS 0x0000000713200000, 0x0000000713200000| Untracked 
| 154|0x0000000713400000, 0x0000000713600000, 0x0000000713600000|100%| O|  |TAMS 0x0000000713400000, 0x0000000713400000| Untracked 
| 155|0x0000000713600000, 0x0000000713800000, 0x0000000713800000|100%| O|  |TAMS 0x0000000713600000, 0x0000000713600000| Untracked 
| 156|0x0000000713800000, 0x0000000713a00000, 0x0000000713a00000|100%| O|  |TAMS 0x0000000713800000, 0x0000000713800000| Untracked 
| 157|0x0000000713a00000, 0x0000000713c00000, 0x0000000713c00000|100%| O|  |TAMS 0x0000000713a00000, 0x0000000713a00000| Untracked 
| 158|0x0000000713c00000, 0x0000000713e00000, 0x0000000713e00000|100%| O|  |TAMS 0x0000000713c00000, 0x0000000713c00000| Untracked 
| 159|0x0000000713e00000, 0x0000000714000000, 0x0000000714000000|100%| O|  |TAMS 0x0000000713e00000, 0x0000000713e00000| Untracked 
| 160|0x0000000714000000, 0x0000000714200000, 0x0000000714200000|100%| O|  |TAMS 0x0000000714000000, 0x0000000714000000| Untracked 
| 161|0x0000000714200000, 0x0000000714400000, 0x0000000714400000|100%| O|  |TAMS 0x0000000714200000, 0x0000000714200000| Untracked 
| 162|0x0000000714400000, 0x0000000714600000, 0x0000000714600000|100%| O|  |TAMS 0x0000000714400000, 0x0000000714400000| Untracked 
| 163|0x0000000714600000, 0x0000000714800000, 0x0000000714800000|100%| O|  |TAMS 0x0000000714600000, 0x0000000714600000| Untracked 
| 164|0x0000000714800000, 0x0000000714a00000, 0x0000000714a00000|100%| O|  |TAMS 0x0000000714800000, 0x0000000714800000| Untracked 
| 165|0x0000000714a00000, 0x0000000714c00000, 0x0000000714c00000|100%| O|  |TAMS 0x0000000714a00000, 0x0000000714a00000| Untracked 
| 166|0x0000000714c00000, 0x0000000714e00000, 0x0000000714e00000|100%| O|  |TAMS 0x0000000714c00000, 0x0000000714c00000| Untracked 
| 167|0x0000000714e00000, 0x0000000715000000, 0x0000000715000000|100%| O|  |TAMS 0x0000000714e00000, 0x0000000714e00000| Untracked 
| 168|0x0000000715000000, 0x0000000715200000, 0x0000000715200000|100%| O|  |TAMS 0x0000000715000000, 0x0000000715000000| Untracked 
| 169|0x0000000715200000, 0x0000000715400000, 0x0000000715400000|100%| O|  |TAMS 0x0000000715200000, 0x0000000715200000| Untracked 
| 170|0x0000000715400000, 0x0000000715600000, 0x0000000715600000|100%| O|  |TAMS 0x0000000715400000, 0x0000000715400000| Untracked 
| 171|0x0000000715600000, 0x0000000715800000, 0x0000000715800000|100%| O|  |TAMS 0x0000000715600000, 0x0000000715600000| Untracked 
| 172|0x0000000715800000, 0x0000000715a00000, 0x0000000715a00000|100%| O|  |TAMS 0x0000000715800000, 0x0000000715800000| Untracked 
| 173|0x0000000715a00000, 0x0000000715c00000, 0x0000000715c00000|100%| O|  |TAMS 0x0000000715a00000, 0x0000000715a00000| Untracked 
| 174|0x0000000715c00000, 0x0000000715e00000, 0x0000000715e00000|100%| O|  |TAMS 0x0000000715c00000, 0x0000000715c00000| Untracked 
| 175|0x0000000715e00000, 0x0000000716000000, 0x0000000716000000|100%| O|  |TAMS 0x0000000715e00000, 0x0000000715e00000| Untracked 
| 176|0x0000000716000000, 0x0000000716200000, 0x0000000716200000|100%| O|  |TAMS 0x0000000716000000, 0x0000000716000000| Untracked 
| 177|0x0000000716200000, 0x0000000716400000, 0x0000000716400000|100%| O|  |TAMS 0x0000000716200000, 0x0000000716200000| Untracked 
| 178|0x0000000716400000, 0x0000000716600000, 0x0000000716600000|100%| O|  |TAMS 0x0000000716400000, 0x0000000716400000| Untracked 
| 179|0x0000000716600000, 0x0000000716800000, 0x0000000716800000|100%| O|  |TAMS 0x0000000716600000, 0x0000000716600000| Untracked 
| 180|0x0000000716800000, 0x0000000716a00000, 0x0000000716a00000|100%| O|  |TAMS 0x0000000716800000, 0x0000000716800000| Untracked 
| 181|0x0000000716a00000, 0x0000000716c00000, 0x0000000716c00000|100%| O|  |TAMS 0x0000000716a00000, 0x0000000716a00000| Untracked 
| 182|0x0000000716c00000, 0x0000000716e00000, 0x0000000716e00000|100%| O|  |TAMS 0x0000000716c00000, 0x0000000716c00000| Untracked 
| 183|0x0000000716e00000, 0x0000000717000000, 0x0000000717000000|100%| O|  |TAMS 0x0000000716e00000, 0x0000000716e00000| Untracked 
| 184|0x0000000717000000, 0x0000000717200000, 0x0000000717200000|100%| O|  |TAMS 0x0000000717000000, 0x0000000717000000| Untracked 
| 185|0x0000000717200000, 0x0000000717400000, 0x0000000717400000|100%| O|  |TAMS 0x0000000717200000, 0x0000000717200000| Untracked 
| 186|0x0000000717400000, 0x0000000717600000, 0x0000000717600000|100%| O|  |TAMS 0x0000000717400000, 0x0000000717400000| Untracked 
| 187|0x0000000717600000, 0x0000000717800000, 0x0000000717800000|100%| O|  |TAMS 0x0000000717600000, 0x0000000717600000| Untracked 
| 188|0x0000000717800000, 0x0000000717a00000, 0x0000000717a00000|100%| O|  |TAMS 0x0000000717800000, 0x0000000717800000| Untracked 
| 189|0x0000000717a00000, 0x0000000717c00000, 0x0000000717c00000|100%| O|  |TAMS 0x0000000717a00000, 0x0000000717a00000| Untracked 
| 190|0x0000000717c00000, 0x0000000717e00000, 0x0000000717e00000|100%| O|  |TAMS 0x0000000717c00000, 0x0000000717c00000| Untracked 
| 191|0x0000000717e00000, 0x0000000718000000, 0x0000000718000000|100%| O|  |TAMS 0x0000000717e00000, 0x0000000717e00000| Untracked 
| 192|0x0000000718000000, 0x0000000718200000, 0x0000000718200000|100%| O|  |TAMS 0x0000000718000000, 0x0000000718000000| Untracked 
| 193|0x0000000718200000, 0x0000000718400000, 0x0000000718400000|100%| O|  |TAMS 0x0000000718200000, 0x0000000718200000| Untracked 
| 194|0x0000000718400000, 0x0000000718600000, 0x0000000718600000|100%| O|  |TAMS 0x0000000718400000, 0x0000000718400000| Untracked 
| 195|0x0000000718600000, 0x0000000718800000, 0x0000000718800000|100%| O|  |TAMS 0x0000000718600000, 0x0000000718600000| Untracked 
| 196|0x0000000718800000, 0x0000000718a00000, 0x0000000718a00000|100%| O|  |TAMS 0x0000000718800000, 0x0000000718800000| Untracked 
| 197|0x0000000718a00000, 0x0000000718c00000, 0x0000000718c00000|100%| O|  |TAMS 0x0000000718a00000, 0x0000000718a00000| Untracked 
| 198|0x0000000718c00000, 0x0000000718e00000, 0x0000000718e00000|100%| O|  |TAMS 0x0000000718c00000, 0x0000000718c00000| Untracked 
| 199|0x0000000718e00000, 0x0000000719000000, 0x0000000719000000|100%| O|  |TAMS 0x0000000718e00000, 0x0000000718e00000| Untracked 
| 200|0x0000000719000000, 0x0000000719200000, 0x0000000719200000|100%| O|  |TAMS 0x0000000719000000, 0x0000000719000000| Untracked 
| 201|0x0000000719200000, 0x0000000719400000, 0x0000000719400000|100%| O|  |TAMS 0x0000000719200000, 0x0000000719200000| Untracked 
| 202|0x0000000719400000, 0x0000000719600000, 0x0000000719600000|100%| O|  |TAMS 0x0000000719400000, 0x0000000719400000| Untracked 
| 203|0x0000000719600000, 0x0000000719800000, 0x0000000719800000|100%| O|  |TAMS 0x0000000719600000, 0x0000000719600000| Untracked 
| 204|0x0000000719800000, 0x0000000719a00000, 0x0000000719a00000|100%| O|  |TAMS 0x0000000719800000, 0x0000000719800000| Untracked 
| 205|0x0000000719a00000, 0x0000000719c00000, 0x0000000719c00000|100%| O|  |TAMS 0x0000000719a00000, 0x0000000719a00000| Untracked 
| 206|0x0000000719c00000, 0x0000000719e00000, 0x0000000719e00000|100%| O|  |TAMS 0x0000000719c00000, 0x0000000719c00000| Untracked 
| 207|0x0000000719e00000, 0x000000071a000000, 0x000000071a000000|100%| O|  |TAMS 0x0000000719e00000, 0x0000000719e00000| Untracked 
| 208|0x000000071a000000, 0x000000071a200000, 0x000000071a200000|100%|HS|  |TAMS 0x000000071a000000, 0x000000071a000000| Complete 
| 209|0x000000071a200000, 0x000000071a400000, 0x000000071a400000|100%|HC|  |TAMS 0x000000071a200000, 0x000000071a200000| Complete 
| 210|0x000000071a400000, 0x000000071a600000, 0x000000071a600000|100%|HC|  |TAMS 0x000000071a400000, 0x000000071a400000| Complete 
| 211|0x000000071a600000, 0x000000071a800000, 0x000000071a800000|100%|HC|  |TAMS 0x000000071a600000, 0x000000071a600000| Complete 
| 212|0x000000071a800000, 0x000000071aa00000, 0x000000071aa00000|100%| O|  |TAMS 0x000000071a800000, 0x000000071a800000| Untracked 
| 213|0x000000071aa00000, 0x000000071ac00000, 0x000000071ac00000|100%| O|  |TAMS 0x000000071aa00000, 0x000000071aa00000| Untracked 
| 214|0x000000071ac00000, 0x000000071ae00000, 0x000000071ae00000|100%| O|  |TAMS 0x000000071ac00000, 0x000000071ac00000| Untracked 
| 215|0x000000071ae00000, 0x000000071b000000, 0x000000071b000000|100%| O|  |TAMS 0x000000071ae00000, 0x000000071ae00000| Untracked 
| 216|0x000000071b000000, 0x000000071b200000, 0x000000071b200000|100%| O|  |TAMS 0x000000071b000000, 0x000000071b000000| Untracked 
| 217|0x000000071b200000, 0x000000071b400000, 0x000000071b400000|100%| O|  |TAMS 0x000000071b200000, 0x000000071b200000| Untracked 
| 218|0x000000071b400000, 0x000000071b600000, 0x000000071b600000|100%| O|  |TAMS 0x000000071b400000, 0x000000071b400000| Untracked 
| 219|0x000000071b600000, 0x000000071b800000, 0x000000071b800000|100%| O|  |TAMS 0x000000071b600000, 0x000000071b600000| Untracked 
| 220|0x000000071b800000, 0x000000071ba00000, 0x000000071ba00000|100%| O|  |TAMS 0x000000071b800000, 0x000000071b800000| Untracked 
| 221|0x000000071ba00000, 0x000000071bc00000, 0x000000071bc00000|100%| O|  |TAMS 0x000000071ba00000, 0x000000071ba00000| Untracked 
| 222|0x000000071bc00000, 0x000000071be00000, 0x000000071be00000|100%| O|  |TAMS 0x000000071bc00000, 0x000000071bc00000| Untracked 
| 223|0x000000071be00000, 0x000000071c000000, 0x000000071c000000|100%| O|  |TAMS 0x000000071be00000, 0x000000071be00000| Untracked 
| 224|0x000000071c000000, 0x000000071c200000, 0x000000071c200000|100%| O|  |TAMS 0x000000071c000000, 0x000000071c000000| Untracked 
| 225|0x000000071c200000, 0x000000071c400000, 0x000000071c400000|100%| O|  |TAMS 0x000000071c200000, 0x000000071c200000| Untracked 
| 226|0x000000071c400000, 0x000000071c600000, 0x000000071c600000|100%| O|  |TAMS 0x000000071c400000, 0x000000071c400000| Untracked 
| 227|0x000000071c600000, 0x000000071c800000, 0x000000071c800000|100%| O|  |TAMS 0x000000071c600000, 0x000000071c600000| Untracked 
| 228|0x000000071c800000, 0x000000071ca00000, 0x000000071ca00000|100%| O|  |TAMS 0x000000071c800000, 0x000000071c800000| Untracked 
| 229|0x000000071ca00000, 0x000000071cc00000, 0x000000071cc00000|100%| O|  |TAMS 0x000000071ca00000, 0x000000071ca00000| Untracked 
| 230|0x000000071cc00000, 0x000000071ce00000, 0x000000071ce00000|100%| O|  |TAMS 0x000000071cc00000, 0x000000071cc00000| Untracked 
| 231|0x000000071ce00000, 0x000000071d000000, 0x000000071d000000|100%| O|  |TAMS 0x000000071ce00000, 0x000000071ce00000| Untracked 
| 232|0x000000071d000000, 0x000000071d200000, 0x000000071d200000|100%| O|  |TAMS 0x000000071d000000, 0x000000071d000000| Untracked 
| 233|0x000000071d200000, 0x000000071d400000, 0x000000071d400000|100%| O|  |TAMS 0x000000071d200000, 0x000000071d200000| Untracked 
| 234|0x000000071d400000, 0x000000071d600000, 0x000000071d600000|100%| O|  |TAMS 0x000000071d400000, 0x000000071d400000| Untracked 
| 235|0x000000071d600000, 0x000000071d800000, 0x000000071d800000|100%| O|  |TAMS 0x000000071d600000, 0x000000071d600000| Untracked 
| 236|0x000000071d800000, 0x000000071da00000, 0x000000071da00000|100%| O|  |TAMS 0x000000071d800000, 0x000000071d800000| Untracked 
| 237|0x000000071da00000, 0x000000071dc00000, 0x000000071dc00000|100%| O|  |TAMS 0x000000071da00000, 0x000000071da00000| Untracked 
| 238|0x000000071dc00000, 0x000000071de00000, 0x000000071de00000|100%| O|  |TAMS 0x000000071dc00000, 0x000000071dc00000| Untracked 
| 239|0x000000071de00000, 0x000000071e000000, 0x000000071e000000|100%| O|  |TAMS 0x000000071de00000, 0x000000071de00000| Untracked 
| 240|0x000000071e000000, 0x000000071e200000, 0x000000071e200000|100%| O|  |TAMS 0x000000071e000000, 0x000000071e000000| Untracked 
| 241|0x000000071e200000, 0x000000071e400000, 0x000000071e400000|100%| O|  |TAMS 0x000000071e200000, 0x000000071e200000| Untracked 
| 242|0x000000071e400000, 0x000000071e600000, 0x000000071e600000|100%| O|  |TAMS 0x000000071e400000, 0x000000071e400000| Untracked 
| 243|0x000000071e600000, 0x000000071e800000, 0x000000071e800000|100%| O|  |TAMS 0x000000071e600000, 0x000000071e600000| Untracked 
| 244|0x000000071e800000, 0x000000071ea00000, 0x000000071ea00000|100%| O|  |TAMS 0x000000071e800000, 0x000000071e800000| Untracked 
| 245|0x000000071ea00000, 0x000000071ec00000, 0x000000071ec00000|100%| O|  |TAMS 0x000000071ea00000, 0x000000071ea00000| Untracked 
| 246|0x000000071ec00000, 0x000000071ee00000, 0x000000071ee00000|100%| O|  |TAMS 0x000000071ec00000, 0x000000071ec00000| Untracked 
| 247|0x000000071ee00000, 0x000000071f000000, 0x000000071f000000|100%| O|  |TAMS 0x000000071ee00000, 0x000000071ee00000| Untracked 
| 248|0x000000071f000000, 0x000000071f200000, 0x000000071f200000|100%| O|  |TAMS 0x000000071f000000, 0x000000071f000000| Untracked 
| 249|0x000000071f200000, 0x000000071f400000, 0x000000071f400000|100%| O|  |TAMS 0x000000071f200000, 0x000000071f200000| Untracked 
| 250|0x000000071f400000, 0x000000071f600000, 0x000000071f600000|100%| O|  |TAMS 0x000000071f400000, 0x000000071f400000| Untracked 
| 251|0x000000071f600000, 0x000000071f800000, 0x000000071f800000|100%| O|  |TAMS 0x000000071f600000, 0x000000071f600000| Untracked 
| 252|0x000000071f800000, 0x000000071fa00000, 0x000000071fa00000|100%| O|  |TAMS 0x000000071f800000, 0x000000071f800000| Untracked 
| 253|0x000000071fa00000, 0x000000071fc00000, 0x000000071fc00000|100%| O|  |TAMS 0x000000071fa00000, 0x000000071fa00000| Untracked 
| 254|0x000000071fc00000, 0x000000071fe00000, 0x000000071fe00000|100%| O|  |TAMS 0x000000071fc00000, 0x000000071fc00000| Untracked 
| 255|0x000000071fe00000, 0x0000000720000000, 0x0000000720000000|100%| O|  |TAMS 0x000000071fe00000, 0x000000071fe00000| Untracked 
| 256|0x0000000720000000, 0x0000000720200000, 0x0000000720200000|100%| O|  |TAMS 0x0000000720000000, 0x0000000720000000| Untracked 
| 257|0x0000000720200000, 0x0000000720400000, 0x0000000720400000|100%| O|  |TAMS 0x0000000720200000, 0x0000000720200000| Untracked 
| 258|0x0000000720400000, 0x0000000720600000, 0x0000000720600000|100%| O|  |TAMS 0x0000000720400000, 0x0000000720400000| Untracked 
| 259|0x0000000720600000, 0x0000000720800000, 0x0000000720800000|100%| O|  |TAMS 0x0000000720600000, 0x0000000720600000| Untracked 
| 260|0x0000000720800000, 0x0000000720a00000, 0x0000000720a00000|100%| O|  |TAMS 0x0000000720800000, 0x0000000720800000| Untracked 
| 261|0x0000000720a00000, 0x0000000720c00000, 0x0000000720c00000|100%| O|  |TAMS 0x0000000720a00000, 0x0000000720a00000| Untracked 
| 262|0x0000000720c00000, 0x0000000720e00000, 0x0000000720e00000|100%| O|  |TAMS 0x0000000720c00000, 0x0000000720c00000| Untracked 
| 263|0x0000000720e00000, 0x0000000721000000, 0x0000000721000000|100%| O|  |TAMS 0x0000000720e00000, 0x0000000720e00000| Untracked 
| 264|0x0000000721000000, 0x0000000721200000, 0x0000000721200000|100%| O|  |TAMS 0x0000000721000000, 0x0000000721000000| Untracked 
| 265|0x0000000721200000, 0x0000000721400000, 0x0000000721400000|100%| O|  |TAMS 0x0000000721200000, 0x0000000721200000| Untracked 
| 266|0x0000000721400000, 0x0000000721600000, 0x0000000721600000|100%| O|  |TAMS 0x0000000721400000, 0x0000000721400000| Untracked 
| 267|0x0000000721600000, 0x0000000721800000, 0x0000000721800000|100%| O|  |TAMS 0x0000000721600000, 0x0000000721600000| Untracked 
| 268|0x0000000721800000, 0x0000000721a00000, 0x0000000721a00000|100%| O|  |TAMS 0x0000000721800000, 0x0000000721800000| Untracked 
| 269|0x0000000721a00000, 0x0000000721c00000, 0x0000000721c00000|100%| O|  |TAMS 0x0000000721a00000, 0x0000000721a00000| Untracked 
| 270|0x0000000721c00000, 0x0000000721e00000, 0x0000000721e00000|100%| O|  |TAMS 0x0000000721c00000, 0x0000000721c00000| Untracked 
| 271|0x0000000721e00000, 0x0000000722000000, 0x0000000722000000|100%| O|  |TAMS 0x0000000721e00000, 0x0000000721e00000| Untracked 
| 272|0x0000000722000000, 0x0000000722200000, 0x0000000722200000|100%| O|  |TAMS 0x0000000722000000, 0x0000000722000000| Untracked 
| 273|0x0000000722200000, 0x0000000722400000, 0x0000000722400000|100%| O|  |TAMS 0x0000000722200000, 0x0000000722200000| Untracked 
| 274|0x0000000722400000, 0x0000000722600000, 0x0000000722600000|100%| O|  |TAMS 0x0000000722400000, 0x0000000722400000| Untracked 
| 275|0x0000000722600000, 0x0000000722800000, 0x0000000722800000|100%| O|  |TAMS 0x0000000722600000, 0x0000000722600000| Untracked 
| 276|0x0000000722800000, 0x0000000722a00000, 0x0000000722a00000|100%| O|  |TAMS 0x0000000722800000, 0x0000000722800000| Untracked 
| 277|0x0000000722a00000, 0x0000000722c00000, 0x0000000722c00000|100%| O|  |TAMS 0x0000000722a00000, 0x0000000722a00000| Untracked 
| 278|0x0000000722c00000, 0x0000000722e00000, 0x0000000722e00000|100%| O|  |TAMS 0x0000000722c00000, 0x0000000722c00000| Untracked 
| 279|0x0000000722e00000, 0x0000000723000000, 0x0000000723000000|100%| O|  |TAMS 0x0000000722e00000, 0x0000000722e00000| Untracked 
| 280|0x0000000723000000, 0x0000000723200000, 0x0000000723200000|100%| O|  |TAMS 0x0000000723000000, 0x0000000723000000| Untracked 
| 281|0x0000000723200000, 0x0000000723400000, 0x0000000723400000|100%| O|  |TAMS 0x0000000723200000, 0x0000000723200000| Untracked 
| 282|0x0000000723400000, 0x0000000723600000, 0x0000000723600000|100%| O|  |TAMS 0x0000000723400000, 0x0000000723400000| Untracked 
| 283|0x0000000723600000, 0x0000000723800000, 0x0000000723800000|100%| O|  |TAMS 0x0000000723600000, 0x0000000723600000| Untracked 
| 284|0x0000000723800000, 0x0000000723a00000, 0x0000000723a00000|100%| O|  |TAMS 0x0000000723800000, 0x0000000723800000| Untracked 
| 285|0x0000000723a00000, 0x0000000723c00000, 0x0000000723c00000|100%| O|  |TAMS 0x0000000723a00000, 0x0000000723a00000| Untracked 
| 286|0x0000000723c00000, 0x0000000723e00000, 0x0000000723e00000|100%| O|  |TAMS 0x0000000723c00000, 0x0000000723c00000| Untracked 
| 287|0x0000000723e00000, 0x0000000724000000, 0x0000000724000000|100%| O|  |TAMS 0x0000000723e00000, 0x0000000723e00000| Untracked 
| 288|0x0000000724000000, 0x0000000724200000, 0x0000000724200000|100%| O|  |TAMS 0x0000000724000000, 0x0000000724000000| Untracked 
| 289|0x0000000724200000, 0x0000000724400000, 0x0000000724400000|100%| O|  |TAMS 0x0000000724200000, 0x0000000724200000| Untracked 
| 290|0x0000000724400000, 0x0000000724600000, 0x0000000724600000|100%| O|  |TAMS 0x0000000724400000, 0x0000000724400000| Untracked 
| 291|0x0000000724600000, 0x0000000724800000, 0x0000000724800000|100%| O|  |TAMS 0x0000000724600000, 0x0000000724600000| Untracked 
| 292|0x0000000724800000, 0x0000000724a00000, 0x0000000724a00000|100%| O|  |TAMS 0x0000000724800000, 0x0000000724800000| Untracked 
| 293|0x0000000724a00000, 0x0000000724c00000, 0x0000000724c00000|100%| O|  |TAMS 0x0000000724a00000, 0x0000000724a00000| Untracked 
| 294|0x0000000724c00000, 0x0000000724e00000, 0x0000000724e00000|100%| O|  |TAMS 0x0000000724c00000, 0x0000000724c00000| Untracked 
| 295|0x0000000724e00000, 0x0000000725000000, 0x0000000725000000|100%| O|  |TAMS 0x0000000724e00000, 0x0000000724e00000| Untracked 
| 296|0x0000000725000000, 0x0000000725200000, 0x0000000725200000|100%| O|  |TAMS 0x0000000725000000, 0x0000000725000000| Untracked 
| 297|0x0000000725200000, 0x0000000725400000, 0x0000000725400000|100%| O|  |TAMS 0x0000000725200000, 0x0000000725200000| Untracked 
| 298|0x0000000725400000, 0x0000000725600000, 0x0000000725600000|100%| O|  |TAMS 0x0000000725400000, 0x0000000725400000| Untracked 
| 299|0x0000000725600000, 0x0000000725800000, 0x0000000725800000|100%| O|  |TAMS 0x0000000725600000, 0x0000000725600000| Untracked 
| 300|0x0000000725800000, 0x0000000725a00000, 0x0000000725a00000|100%| O|  |TAMS 0x0000000725800000, 0x0000000725800000| Untracked 
| 301|0x0000000725a00000, 0x0000000725c00000, 0x0000000725c00000|100%| O|  |TAMS 0x0000000725a00000, 0x0000000725a00000| Untracked 
| 302|0x0000000725c00000, 0x0000000725e00000, 0x0000000725e00000|100%| O|  |TAMS 0x0000000725c00000, 0x0000000725c00000| Untracked 
| 303|0x0000000725e00000, 0x0000000726000000, 0x0000000726000000|100%| O|  |TAMS 0x0000000725e00000, 0x0000000725e00000| Untracked 
| 304|0x0000000726000000, 0x0000000726200000, 0x0000000726200000|100%| O|  |TAMS 0x0000000726000000, 0x0000000726000000| Untracked 
| 305|0x0000000726200000, 0x0000000726400000, 0x0000000726400000|100%| O|  |TAMS 0x0000000726200000, 0x0000000726200000| Untracked 
| 306|0x0000000726400000, 0x0000000726600000, 0x0000000726600000|100%| O|  |TAMS 0x0000000726400000, 0x0000000726400000| Untracked 
| 307|0x0000000726600000, 0x0000000726800000, 0x0000000726800000|100%| O|  |TAMS 0x0000000726600000, 0x0000000726600000| Untracked 
| 308|0x0000000726800000, 0x0000000726a00000, 0x0000000726a00000|100%| O|  |TAMS 0x0000000726800000, 0x0000000726800000| Untracked 
| 309|0x0000000726a00000, 0x0000000726c00000, 0x0000000726c00000|100%| O|  |TAMS 0x0000000726a00000, 0x0000000726a00000| Untracked 
| 310|0x0000000726c00000, 0x0000000726e00000, 0x0000000726e00000|100%| O|  |TAMS 0x0000000726c00000, 0x0000000726c00000| Untracked 
| 311|0x0000000726e00000, 0x0000000727000000, 0x0000000727000000|100%| O|  |TAMS 0x0000000726e00000, 0x0000000726e00000| Untracked 
| 312|0x0000000727000000, 0x0000000727200000, 0x0000000727200000|100%| O|  |TAMS 0x0000000727000000, 0x0000000727000000| Untracked 
| 313|0x0000000727200000, 0x0000000727400000, 0x0000000727400000|100%| O|  |TAMS 0x0000000727200000, 0x0000000727200000| Untracked 
| 314|0x0000000727400000, 0x0000000727600000, 0x0000000727600000|100%| O|  |TAMS 0x0000000727400000, 0x0000000727400000| Untracked 
| 315|0x0000000727600000, 0x0000000727800000, 0x0000000727800000|100%| O|  |TAMS 0x0000000727600000, 0x0000000727600000| Untracked 
| 316|0x0000000727800000, 0x0000000727a00000, 0x0000000727a00000|100%| O|  |TAMS 0x0000000727800000, 0x0000000727800000| Untracked 
| 317|0x0000000727a00000, 0x0000000727c00000, 0x0000000727c00000|100%| O|  |TAMS 0x0000000727a00000, 0x0000000727a00000| Untracked 
| 318|0x0000000727c00000, 0x0000000727e00000, 0x0000000727e00000|100%| O|  |TAMS 0x0000000727c00000, 0x0000000727c00000| Untracked 
| 319|0x0000000727e00000, 0x0000000728000000, 0x0000000728000000|100%| O|  |TAMS 0x0000000727e00000, 0x0000000727e00000| Untracked 
| 320|0x0000000728000000, 0x0000000728200000, 0x0000000728200000|100%| O|  |TAMS 0x0000000728000000, 0x0000000728000000| Untracked 
| 321|0x0000000728200000, 0x0000000728400000, 0x0000000728400000|100%| O|  |TAMS 0x0000000728200000, 0x0000000728200000| Untracked 
| 322|0x0000000728400000, 0x0000000728600000, 0x0000000728600000|100%| O|  |TAMS 0x0000000728400000, 0x0000000728400000| Untracked 
| 323|0x0000000728600000, 0x0000000728800000, 0x0000000728800000|100%| O|  |TAMS 0x0000000728600000, 0x0000000728600000| Untracked 
| 324|0x0000000728800000, 0x0000000728a00000, 0x0000000728a00000|100%| O|  |TAMS 0x0000000728800000, 0x0000000728800000| Untracked 
| 325|0x0000000728a00000, 0x0000000728c00000, 0x0000000728c00000|100%| O|  |TAMS 0x0000000728a00000, 0x0000000728a00000| Untracked 
| 326|0x0000000728c00000, 0x0000000728e00000, 0x0000000728e00000|100%| O|  |TAMS 0x0000000728c00000, 0x0000000728c00000| Untracked 
| 327|0x0000000728e00000, 0x0000000729000000, 0x0000000729000000|100%| O|  |TAMS 0x0000000728e00000, 0x0000000728e00000| Untracked 
| 328|0x0000000729000000, 0x0000000729200000, 0x0000000729200000|100%| O|  |TAMS 0x0000000729000000, 0x0000000729000000| Untracked 
| 329|0x0000000729200000, 0x0000000729400000, 0x0000000729400000|100%| O|  |TAMS 0x0000000729200000, 0x0000000729200000| Untracked 
| 330|0x0000000729400000, 0x0000000729600000, 0x0000000729600000|100%| O|  |TAMS 0x0000000729400000, 0x0000000729400000| Untracked 
| 331|0x0000000729600000, 0x0000000729800000, 0x0000000729800000|100%| O|  |TAMS 0x0000000729600000, 0x0000000729600000| Untracked 
| 332|0x0000000729800000, 0x0000000729a00000, 0x0000000729a00000|100%| O|  |TAMS 0x0000000729800000, 0x0000000729800000| Untracked 
| 333|0x0000000729a00000, 0x0000000729c00000, 0x0000000729c00000|100%| O|  |TAMS 0x0000000729a00000, 0x0000000729a00000| Untracked 
| 334|0x0000000729c00000, 0x0000000729e00000, 0x0000000729e00000|100%| O|  |TAMS 0x0000000729c00000, 0x0000000729c00000| Untracked 
| 335|0x0000000729e00000, 0x000000072a000000, 0x000000072a000000|100%| O|  |TAMS 0x0000000729e00000, 0x0000000729e00000| Untracked 
| 336|0x000000072a000000, 0x000000072a200000, 0x000000072a200000|100%| O|  |TAMS 0x000000072a000000, 0x000000072a000000| Untracked 
| 337|0x000000072a200000, 0x000000072a400000, 0x000000072a400000|100%| O|  |TAMS 0x000000072a200000, 0x000000072a200000| Untracked 
| 338|0x000000072a400000, 0x000000072a600000, 0x000000072a600000|100%| O|  |TAMS 0x000000072a400000, 0x000000072a400000| Untracked 
| 339|0x000000072a600000, 0x000000072a800000, 0x000000072a800000|100%| O|  |TAMS 0x000000072a600000, 0x000000072a600000| Untracked 
| 340|0x000000072a800000, 0x000000072aa00000, 0x000000072aa00000|100%| O|  |TAMS 0x000000072a800000, 0x000000072a800000| Untracked 
| 341|0x000000072aa00000, 0x000000072ac00000, 0x000000072ac00000|100%| O|  |TAMS 0x000000072aa00000, 0x000000072aa00000| Untracked 
| 342|0x000000072ac00000, 0x000000072ae00000, 0x000000072ae00000|100%| O|  |TAMS 0x000000072ac00000, 0x000000072ac00000| Untracked 
| 343|0x000000072ae00000, 0x000000072b000000, 0x000000072b000000|100%| O|  |TAMS 0x000000072ae00000, 0x000000072ae00000| Untracked 
| 344|0x000000072b000000, 0x000000072b110608, 0x000000072b200000| 53%| O|  |TAMS 0x000000072b000000, 0x000000072b000000| Untracked 
| 345|0x000000072b200000, 0x000000072b200000, 0x000000072b400000|  0%| F|  |TAMS 0x000000072b200000, 0x000000072b200000| Untracked 
| 346|0x000000072b400000, 0x000000072b400000, 0x000000072b600000|  0%| F|  |TAMS 0x000000072b400000, 0x000000072b400000| Untracked 
| 347|0x000000072b600000, 0x000000072b600000, 0x000000072b800000|  0%| F|  |TAMS 0x000000072b600000, 0x000000072b600000| Untracked 
| 348|0x000000072b800000, 0x000000072b800000, 0x000000072ba00000|  0%| F|  |TAMS 0x000000072b800000, 0x000000072b800000| Untracked 
| 349|0x000000072ba00000, 0x000000072ba00000, 0x000000072bc00000|  0%| F|  |TAMS 0x000000072ba00000, 0x000000072ba00000| Untracked 
| 350|0x000000072bc00000, 0x000000072bc00000, 0x000000072be00000|  0%| F|  |TAMS 0x000000072bc00000, 0x000000072bc00000| Untracked 
| 351|0x000000072be00000, 0x000000072be00000, 0x000000072c000000|  0%| F|  |TAMS 0x000000072be00000, 0x000000072be00000| Untracked 
| 352|0x000000072c000000, 0x000000072c000000, 0x000000072c200000|  0%| F|  |TAMS 0x000000072c000000, 0x000000072c000000| Untracked 
| 353|0x000000072c200000, 0x000000072c200000, 0x000000072c400000|  0%| F|  |TAMS 0x000000072c200000, 0x000000072c200000| Untracked 
| 354|0x000000072c400000, 0x000000072c400000, 0x000000072c600000|  0%| F|  |TAMS 0x000000072c400000, 0x000000072c400000| Untracked 
| 355|0x000000072c600000, 0x000000072c600000, 0x000000072c800000|  0%| F|  |TAMS 0x000000072c600000, 0x000000072c600000| Untracked 
| 356|0x000000072c800000, 0x000000072c800000, 0x000000072ca00000|  0%| F|  |TAMS 0x000000072c800000, 0x000000072c800000| Untracked 
| 357|0x000000072ca00000, 0x000000072ca00000, 0x000000072cc00000|  0%| F|  |TAMS 0x000000072ca00000, 0x000000072ca00000| Untracked 
| 358|0x000000072cc00000, 0x000000072cc00000, 0x000000072ce00000|  0%| F|  |TAMS 0x000000072cc00000, 0x000000072cc00000| Untracked 
| 359|0x000000072ce00000, 0x000000072ce00000, 0x000000072d000000|  0%| F|  |TAMS 0x000000072ce00000, 0x000000072ce00000| Untracked 
| 360|0x000000072d000000, 0x000000072d000000, 0x000000072d200000|  0%| F|  |TAMS 0x000000072d000000, 0x000000072d000000| Untracked 
| 361|0x000000072d200000, 0x000000072d200000, 0x000000072d400000|  0%| F|  |TAMS 0x000000072d200000, 0x000000072d200000| Untracked 
| 362|0x000000072d400000, 0x000000072d400000, 0x000000072d600000|  0%| F|  |TAMS 0x000000072d400000, 0x000000072d400000| Untracked 
| 363|0x000000072d600000, 0x000000072d600000, 0x000000072d800000|  0%| F|  |TAMS 0x000000072d600000, 0x000000072d600000| Untracked 
| 364|0x000000072d800000, 0x000000072d800000, 0x000000072da00000|  0%| F|  |TAMS 0x000000072d800000, 0x000000072d800000| Untracked 
| 365|0x000000072da00000, 0x000000072da00000, 0x000000072dc00000|  0%| F|  |TAMS 0x000000072da00000, 0x000000072da00000| Untracked 
| 366|0x000000072dc00000, 0x000000072dc00000, 0x000000072de00000|  0%| F|  |TAMS 0x000000072dc00000, 0x000000072dc00000| Untracked 
| 367|0x000000072de00000, 0x000000072de00000, 0x000000072e000000|  0%| F|  |TAMS 0x000000072de00000, 0x000000072de00000| Untracked 
| 368|0x000000072e000000, 0x000000072e000000, 0x000000072e200000|  0%| F|  |TAMS 0x000000072e000000, 0x000000072e000000| Untracked 
| 369|0x000000072e200000, 0x000000072e200000, 0x000000072e400000|  0%| F|  |TAMS 0x000000072e200000, 0x000000072e200000| Untracked 
| 370|0x000000072e400000, 0x000000072e400000, 0x000000072e600000|  0%| F|  |TAMS 0x000000072e400000, 0x000000072e400000| Untracked 
| 371|0x000000072e600000, 0x000000072e600000, 0x000000072e800000|  0%| F|  |TAMS 0x000000072e600000, 0x000000072e600000| Untracked 
| 372|0x000000072e800000, 0x000000072e800000, 0x000000072ea00000|  0%| F|  |TAMS 0x000000072e800000, 0x000000072e800000| Untracked 
| 373|0x000000072ea00000, 0x000000072ea00000, 0x000000072ec00000|  0%| F|  |TAMS 0x000000072ea00000, 0x000000072ea00000| Untracked 
| 374|0x000000072ec00000, 0x000000072ec00000, 0x000000072ee00000|  0%| F|  |TAMS 0x000000072ec00000, 0x000000072ec00000| Untracked 
| 375|0x000000072ee00000, 0x000000072ee00000, 0x000000072f000000|  0%| F|  |TAMS 0x000000072ee00000, 0x000000072ee00000| Untracked 
| 376|0x000000072f000000, 0x000000072f000000, 0x000000072f200000|  0%| F|  |TAMS 0x000000072f000000, 0x000000072f000000| Untracked 
| 377|0x000000072f200000, 0x000000072f200000, 0x000000072f400000|  0%| F|  |TAMS 0x000000072f200000, 0x000000072f200000| Untracked 
| 378|0x000000072f400000, 0x000000072f400000, 0x000000072f600000|  0%| F|  |TAMS 0x000000072f400000, 0x000000072f400000| Untracked 
| 379|0x000000072f600000, 0x000000072f600000, 0x000000072f800000|  0%| F|  |TAMS 0x000000072f600000, 0x000000072f600000| Untracked 
| 380|0x000000072f800000, 0x000000072f800000, 0x000000072fa00000|  0%| F|  |TAMS 0x000000072f800000, 0x000000072f800000| Untracked 
| 381|0x000000072fa00000, 0x000000072fa00000, 0x000000072fc00000|  0%| F|  |TAMS 0x000000072fa00000, 0x000000072fa00000| Untracked 
| 382|0x000000072fc00000, 0x000000072fc00000, 0x000000072fe00000|  0%| F|  |TAMS 0x000000072fc00000, 0x000000072fc00000| Untracked 
| 383|0x000000072fe00000, 0x000000072fe00000, 0x0000000730000000|  0%| F|  |TAMS 0x000000072fe00000, 0x000000072fe00000| Untracked 
| 384|0x0000000730000000, 0x0000000730000000, 0x0000000730200000|  0%| F|  |TAMS 0x0000000730000000, 0x0000000730000000| Untracked 
| 385|0x0000000730200000, 0x0000000730200000, 0x0000000730400000|  0%| F|  |TAMS 0x0000000730200000, 0x0000000730200000| Untracked 
| 386|0x0000000730400000, 0x0000000730400000, 0x0000000730600000|  0%| F|  |TAMS 0x0000000730400000, 0x0000000730400000| Untracked 
| 387|0x0000000730600000, 0x0000000730600000, 0x0000000730800000|  0%| F|  |TAMS 0x0000000730600000, 0x0000000730600000| Untracked 
| 388|0x0000000730800000, 0x0000000730800000, 0x0000000730a00000|  0%| F|  |TAMS 0x0000000730800000, 0x0000000730800000| Untracked 
| 389|0x0000000730a00000, 0x0000000730a00000, 0x0000000730c00000|  0%| F|  |TAMS 0x0000000730a00000, 0x0000000730a00000| Untracked 
| 390|0x0000000730c00000, 0x0000000730c00000, 0x0000000730e00000|  0%| F|  |TAMS 0x0000000730c00000, 0x0000000730c00000| Untracked 
| 391|0x0000000730e00000, 0x0000000730e00000, 0x0000000731000000|  0%| F|  |TAMS 0x0000000730e00000, 0x0000000730e00000| Untracked 
| 392|0x0000000731000000, 0x0000000731000000, 0x0000000731200000|  0%| F|  |TAMS 0x0000000731000000, 0x0000000731000000| Untracked 
| 393|0x0000000731200000, 0x0000000731200000, 0x0000000731400000|  0%| F|  |TAMS 0x0000000731200000, 0x0000000731200000| Untracked 
| 394|0x0000000731400000, 0x0000000731400000, 0x0000000731600000|  0%| F|  |TAMS 0x0000000731400000, 0x0000000731400000| Untracked 
| 395|0x0000000731600000, 0x0000000731600000, 0x0000000731800000|  0%| F|  |TAMS 0x0000000731600000, 0x0000000731600000| Untracked 
| 396|0x0000000731800000, 0x0000000731800000, 0x0000000731a00000|  0%| F|  |TAMS 0x0000000731800000, 0x0000000731800000| Untracked 
| 397|0x0000000731a00000, 0x0000000731a00000, 0x0000000731c00000|  0%| F|  |TAMS 0x0000000731a00000, 0x0000000731a00000| Untracked 
| 398|0x0000000731c00000, 0x0000000731c00000, 0x0000000731e00000|  0%| F|  |TAMS 0x0000000731c00000, 0x0000000731c00000| Untracked 
| 399|0x0000000731e00000, 0x0000000731e00000, 0x0000000732000000|  0%| F|  |TAMS 0x0000000731e00000, 0x0000000731e00000| Untracked 
| 400|0x0000000732000000, 0x0000000732000000, 0x0000000732200000|  0%| F|  |TAMS 0x0000000732000000, 0x0000000732000000| Untracked 
| 401|0x0000000732200000, 0x0000000732200000, 0x0000000732400000|  0%| F|  |TAMS 0x0000000732200000, 0x0000000732200000| Untracked 
| 402|0x0000000732400000, 0x0000000732400000, 0x0000000732600000|  0%| F|  |TAMS 0x0000000732400000, 0x0000000732400000| Untracked 
| 403|0x0000000732600000, 0x0000000732600000, 0x0000000732800000|  0%| F|  |TAMS 0x0000000732600000, 0x0000000732600000| Untracked 
| 404|0x0000000732800000, 0x0000000732800000, 0x0000000732a00000|  0%| F|  |TAMS 0x0000000732800000, 0x0000000732800000| Untracked 
| 405|0x0000000732a00000, 0x0000000732a00000, 0x0000000732c00000|  0%| F|  |TAMS 0x0000000732a00000, 0x0000000732a00000| Untracked 
| 406|0x0000000732c00000, 0x0000000732c00000, 0x0000000732e00000|  0%| F|  |TAMS 0x0000000732c00000, 0x0000000732c00000| Untracked 
| 407|0x0000000732e00000, 0x0000000732e00000, 0x0000000733000000|  0%| F|  |TAMS 0x0000000732e00000, 0x0000000732e00000| Untracked 
| 408|0x0000000733000000, 0x0000000733000000, 0x0000000733200000|  0%| F|  |TAMS 0x0000000733000000, 0x0000000733000000| Untracked 
| 409|0x0000000733200000, 0x0000000733200000, 0x0000000733400000|  0%| F|  |TAMS 0x0000000733200000, 0x0000000733200000| Untracked 
| 410|0x0000000733400000, 0x0000000733400000, 0x0000000733600000|  0%| F|  |TAMS 0x0000000733400000, 0x0000000733400000| Untracked 
| 411|0x0000000733600000, 0x0000000733600000, 0x0000000733800000|  0%| F|  |TAMS 0x0000000733600000, 0x0000000733600000| Untracked 
| 412|0x0000000733800000, 0x0000000733800000, 0x0000000733a00000|  0%| F|  |TAMS 0x0000000733800000, 0x0000000733800000| Untracked 
| 413|0x0000000733a00000, 0x0000000733a00000, 0x0000000733c00000|  0%| F|  |TAMS 0x0000000733a00000, 0x0000000733a00000| Untracked 
| 414|0x0000000733c00000, 0x0000000733c00000, 0x0000000733e00000|  0%| F|  |TAMS 0x0000000733c00000, 0x0000000733c00000| Untracked 
| 415|0x0000000733e00000, 0x0000000733e00000, 0x0000000734000000|  0%| F|  |TAMS 0x0000000733e00000, 0x0000000733e00000| Untracked 
| 416|0x0000000734000000, 0x0000000734000000, 0x0000000734200000|  0%| F|  |TAMS 0x0000000734000000, 0x0000000734000000| Untracked 
| 417|0x0000000734200000, 0x0000000734200000, 0x0000000734400000|  0%| F|  |TAMS 0x0000000734200000, 0x0000000734200000| Untracked 
| 418|0x0000000734400000, 0x0000000734400000, 0x0000000734600000|  0%| F|  |TAMS 0x0000000734400000, 0x0000000734400000| Untracked 
| 419|0x0000000734600000, 0x0000000734600000, 0x0000000734800000|  0%| F|  |TAMS 0x0000000734600000, 0x0000000734600000| Untracked 
| 420|0x0000000734800000, 0x0000000734800000, 0x0000000734a00000|  0%| F|  |TAMS 0x0000000734800000, 0x0000000734800000| Untracked 
| 421|0x0000000734a00000, 0x0000000734a00000, 0x0000000734c00000|  0%| F|  |TAMS 0x0000000734a00000, 0x0000000734a00000| Untracked 
| 422|0x0000000734c00000, 0x0000000734c00000, 0x0000000734e00000|  0%| F|  |TAMS 0x0000000734c00000, 0x0000000734c00000| Untracked 
| 423|0x0000000734e00000, 0x0000000734e00000, 0x0000000735000000|  0%| F|  |TAMS 0x0000000734e00000, 0x0000000734e00000| Untracked 
| 424|0x0000000735000000, 0x0000000735000000, 0x0000000735200000|  0%| F|  |TAMS 0x0000000735000000, 0x0000000735000000| Untracked 
| 425|0x0000000735200000, 0x0000000735200000, 0x0000000735400000|  0%| F|  |TAMS 0x0000000735200000, 0x0000000735200000| Untracked 
| 426|0x0000000735400000, 0x0000000735400000, 0x0000000735600000|  0%| F|  |TAMS 0x0000000735400000, 0x0000000735400000| Untracked 
| 427|0x0000000735600000, 0x0000000735600000, 0x0000000735800000|  0%| F|  |TAMS 0x0000000735600000, 0x0000000735600000| Untracked 
| 428|0x0000000735800000, 0x0000000735800000, 0x0000000735a00000|  0%| F|  |TAMS 0x0000000735800000, 0x0000000735800000| Untracked 
| 429|0x0000000735a00000, 0x0000000735a00000, 0x0000000735c00000|  0%| F|  |TAMS 0x0000000735a00000, 0x0000000735a00000| Untracked 
| 430|0x0000000735c00000, 0x0000000735c00000, 0x0000000735e00000|  0%| F|  |TAMS 0x0000000735c00000, 0x0000000735c00000| Untracked 
| 431|0x0000000735e00000, 0x0000000735e00000, 0x0000000736000000|  0%| F|  |TAMS 0x0000000735e00000, 0x0000000735e00000| Untracked 
| 432|0x0000000736000000, 0x0000000736000000, 0x0000000736200000|  0%| F|  |TAMS 0x0000000736000000, 0x0000000736000000| Untracked 
| 433|0x0000000736200000, 0x0000000736200000, 0x0000000736400000|  0%| F|  |TAMS 0x0000000736200000, 0x0000000736200000| Untracked 
| 434|0x0000000736400000, 0x0000000736400000, 0x0000000736600000|  0%| F|  |TAMS 0x0000000736400000, 0x0000000736400000| Untracked 
| 435|0x0000000736600000, 0x0000000736600000, 0x0000000736800000|  0%| F|  |TAMS 0x0000000736600000, 0x0000000736600000| Untracked 
| 436|0x0000000736800000, 0x0000000736800000, 0x0000000736a00000|  0%| F|  |TAMS 0x0000000736800000, 0x0000000736800000| Untracked 
| 437|0x0000000736a00000, 0x0000000736a00000, 0x0000000736c00000|  0%| F|  |TAMS 0x0000000736a00000, 0x0000000736a00000| Untracked 
| 438|0x0000000736c00000, 0x0000000736c00000, 0x0000000736e00000|  0%| F|  |TAMS 0x0000000736c00000, 0x0000000736c00000| Untracked 
| 439|0x0000000736e00000, 0x0000000736e00000, 0x0000000737000000|  0%| F|  |TAMS 0x0000000736e00000, 0x0000000736e00000| Untracked 
| 440|0x0000000737000000, 0x0000000737000000, 0x0000000737200000|  0%| F|  |TAMS 0x0000000737000000, 0x0000000737000000| Untracked 
| 441|0x0000000737200000, 0x0000000737200000, 0x0000000737400000|  0%| F|  |TAMS 0x0000000737200000, 0x0000000737200000| Untracked 
| 442|0x0000000737400000, 0x0000000737500000, 0x0000000737600000| 50%| S|CS|TAMS 0x0000000737400000, 0x0000000737400000| Complete 
| 443|0x0000000737600000, 0x0000000737800000, 0x0000000737800000|100%| S|CS|TAMS 0x0000000737600000, 0x0000000737600000| Complete 
| 444|0x0000000737800000, 0x0000000737a00000, 0x0000000737a00000|100%| S|CS|TAMS 0x0000000737800000, 0x0000000737800000| Complete 
| 445|0x0000000737a00000, 0x0000000737c00000, 0x0000000737c00000|100%| S|CS|TAMS 0x0000000737a00000, 0x0000000737a00000| Complete 
| 446|0x0000000737c00000, 0x0000000737e00000, 0x0000000737e00000|100%| S|CS|TAMS 0x0000000737c00000, 0x0000000737c00000| Complete 
| 447|0x0000000737e00000, 0x0000000738000000, 0x0000000738000000|100%| S|CS|TAMS 0x0000000737e00000, 0x0000000737e00000| Complete 
| 448|0x0000000738000000, 0x0000000738200000, 0x0000000738200000|100%| S|CS|TAMS 0x0000000738000000, 0x0000000738000000| Complete 
| 449|0x0000000738200000, 0x0000000738400000, 0x0000000738400000|100%| S|CS|TAMS 0x0000000738200000, 0x0000000738200000| Complete 
| 450|0x0000000738400000, 0x0000000738600000, 0x0000000738600000|100%| S|CS|TAMS 0x0000000738400000, 0x0000000738400000| Complete 
| 451|0x0000000738600000, 0x0000000738800000, 0x0000000738800000|100%| S|CS|TAMS 0x0000000738600000, 0x0000000738600000| Complete 
| 452|0x0000000738800000, 0x0000000738a00000, 0x0000000738a00000|100%| S|CS|TAMS 0x0000000738800000, 0x0000000738800000| Complete 
| 453|0x0000000738a00000, 0x0000000738c00000, 0x0000000738c00000|100%| S|CS|TAMS 0x0000000738a00000, 0x0000000738a00000| Complete 
| 454|0x0000000738c00000, 0x0000000738e00000, 0x0000000738e00000|100%| S|CS|TAMS 0x0000000738c00000, 0x0000000738c00000| Complete 
| 455|0x0000000738e00000, 0x0000000739000000, 0x0000000739000000|100%| S|CS|TAMS 0x0000000738e00000, 0x0000000738e00000| Complete 
| 456|0x0000000739000000, 0x0000000739200000, 0x0000000739200000|100%| S|CS|TAMS 0x0000000739000000, 0x0000000739000000| Complete 
| 457|0x0000000739200000, 0x0000000739400000, 0x0000000739400000|100%| S|CS|TAMS 0x0000000739200000, 0x0000000739200000| Complete 
| 458|0x0000000739400000, 0x0000000739600000, 0x0000000739600000|100%| S|CS|TAMS 0x0000000739400000, 0x0000000739400000| Complete 
| 459|0x0000000739600000, 0x0000000739800000, 0x0000000739800000|100%| S|CS|TAMS 0x0000000739600000, 0x0000000739600000| Complete 
| 460|0x0000000739800000, 0x0000000739a00000, 0x0000000739a00000|100%| S|CS|TAMS 0x0000000739800000, 0x0000000739800000| Complete 
| 461|0x0000000739a00000, 0x0000000739c00000, 0x0000000739c00000|100%| S|CS|TAMS 0x0000000739a00000, 0x0000000739a00000| Complete 
| 462|0x0000000739c00000, 0x0000000739e00000, 0x0000000739e00000|100%| S|CS|TAMS 0x0000000739c00000, 0x0000000739c00000| Complete 
| 463|0x0000000739e00000, 0x000000073a000000, 0x000000073a000000|100%| S|CS|TAMS 0x0000000739e00000, 0x0000000739e00000| Complete 
| 464|0x000000073a000000, 0x000000073a200000, 0x000000073a200000|100%| S|CS|TAMS 0x000000073a000000, 0x000000073a000000| Complete 
| 465|0x000000073a200000, 0x000000073a400000, 0x000000073a400000|100%| S|CS|TAMS 0x000000073a200000, 0x000000073a200000| Complete 
| 466|0x000000073a400000, 0x000000073a600000, 0x000000073a600000|100%| S|CS|TAMS 0x000000073a400000, 0x000000073a400000| Complete 
| 467|0x000000073a600000, 0x000000073a800000, 0x000000073a800000|100%| S|CS|TAMS 0x000000073a600000, 0x000000073a600000| Complete 
| 468|0x000000073a800000, 0x000000073aa00000, 0x000000073aa00000|100%| S|CS|TAMS 0x000000073a800000, 0x000000073a800000| Complete 
| 469|0x000000073aa00000, 0x000000073ac00000, 0x000000073ac00000|100%| S|CS|TAMS 0x000000073aa00000, 0x000000073aa00000| Complete 
| 470|0x000000073ac00000, 0x000000073ae00000, 0x000000073ae00000|100%| S|CS|TAMS 0x000000073ac00000, 0x000000073ac00000| Complete 
| 471|0x000000073ae00000, 0x000000073ae00000, 0x000000073b000000|  0%| F|  |TAMS 0x000000073ae00000, 0x000000073ae00000| Untracked 
| 472|0x000000073b000000, 0x000000073b000000, 0x000000073b200000|  0%| F|  |TAMS 0x000000073b000000, 0x000000073b000000| Untracked 
| 473|0x000000073b200000, 0x000000073b200000, 0x000000073b400000|  0%| F|  |TAMS 0x000000073b200000, 0x000000073b200000| Untracked 
| 474|0x000000073b400000, 0x000000073b400000, 0x000000073b600000|  0%| F|  |TAMS 0x000000073b400000, 0x000000073b400000| Untracked 
| 475|0x000000073b600000, 0x000000073b600000, 0x000000073b800000|  0%| F|  |TAMS 0x000000073b600000, 0x000000073b600000| Untracked 
| 476|0x000000073b800000, 0x000000073b800000, 0x000000073ba00000|  0%| F|  |TAMS 0x000000073b800000, 0x000000073b800000| Untracked 
| 477|0x000000073ba00000, 0x000000073ba00000, 0x000000073bc00000|  0%| F|  |TAMS 0x000000073ba00000, 0x000000073ba00000| Untracked 
| 478|0x000000073bc00000, 0x000000073bc00000, 0x000000073be00000|  0%| F|  |TAMS 0x000000073bc00000, 0x000000073bc00000| Untracked 
| 479|0x000000073be00000, 0x000000073be00000, 0x000000073c000000|  0%| F|  |TAMS 0x000000073be00000, 0x000000073be00000| Untracked 
| 480|0x000000073c000000, 0x000000073c000000, 0x000000073c200000|  0%| F|  |TAMS 0x000000073c000000, 0x000000073c000000| Untracked 
| 481|0x000000073c200000, 0x000000073c200000, 0x000000073c400000|  0%| F|  |TAMS 0x000000073c200000, 0x000000073c200000| Untracked 
| 482|0x000000073c400000, 0x000000073c400000, 0x000000073c600000|  0%| F|  |TAMS 0x000000073c400000, 0x000000073c400000| Untracked 
| 483|0x000000073c600000, 0x000000073c600000, 0x000000073c800000|  0%| F|  |TAMS 0x000000073c600000, 0x000000073c600000| Untracked 
| 484|0x000000073c800000, 0x000000073c800000, 0x000000073ca00000|  0%| F|  |TAMS 0x000000073c800000, 0x000000073c800000| Untracked 
| 485|0x000000073ca00000, 0x000000073ca00000, 0x000000073cc00000|  0%| F|  |TAMS 0x000000073ca00000, 0x000000073ca00000| Untracked 
| 486|0x000000073cc00000, 0x000000073cc00000, 0x000000073ce00000|  0%| F|  |TAMS 0x000000073cc00000, 0x000000073cc00000| Untracked 
| 487|0x000000073ce00000, 0x000000073ce00000, 0x000000073d000000|  0%| F|  |TAMS 0x000000073ce00000, 0x000000073ce00000| Untracked 
| 488|0x000000073d000000, 0x000000073d000000, 0x000000073d200000|  0%| F|  |TAMS 0x000000073d000000, 0x000000073d000000| Untracked 
| 489|0x000000073d200000, 0x000000073d200000, 0x000000073d400000|  0%| F|  |TAMS 0x000000073d200000, 0x000000073d200000| Untracked 
| 490|0x000000073d400000, 0x000000073d400000, 0x000000073d600000|  0%| F|  |TAMS 0x000000073d400000, 0x000000073d400000| Untracked 
| 491|0x000000073d600000, 0x000000073d600000, 0x000000073d800000|  0%| F|  |TAMS 0x000000073d600000, 0x000000073d600000| Untracked 
| 492|0x000000073d800000, 0x000000073d800000, 0x000000073da00000|  0%| F|  |TAMS 0x000000073d800000, 0x000000073d800000| Untracked 
| 493|0x000000073da00000, 0x000000073da00000, 0x000000073dc00000|  0%| F|  |TAMS 0x000000073da00000, 0x000000073da00000| Untracked 
| 494|0x000000073dc00000, 0x000000073dc00000, 0x000000073de00000|  0%| F|  |TAMS 0x000000073dc00000, 0x000000073dc00000| Untracked 
| 495|0x000000073de00000, 0x000000073de00000, 0x000000073e000000|  0%| F|  |TAMS 0x000000073de00000, 0x000000073de00000| Untracked 
| 496|0x000000073e000000, 0x000000073e000000, 0x000000073e200000|  0%| F|  |TAMS 0x000000073e000000, 0x000000073e000000| Untracked 
| 497|0x000000073e200000, 0x000000073e200000, 0x000000073e400000|  0%| F|  |TAMS 0x000000073e200000, 0x000000073e200000| Untracked 
| 498|0x000000073e400000, 0x000000073e400000, 0x000000073e600000|  0%| F|  |TAMS 0x000000073e400000, 0x000000073e400000| Untracked 
| 499|0x000000073e600000, 0x000000073e600000, 0x000000073e800000|  0%| F|  |TAMS 0x000000073e600000, 0x000000073e600000| Untracked 
| 500|0x000000073e800000, 0x000000073e800000, 0x000000073ea00000|  0%| F|  |TAMS 0x000000073e800000, 0x000000073e800000| Untracked 
| 501|0x000000073ea00000, 0x000000073ea00000, 0x000000073ec00000|  0%| F|  |TAMS 0x000000073ea00000, 0x000000073ea00000| Untracked 
| 502|0x000000073ec00000, 0x000000073ec00000, 0x000000073ee00000|  0%| F|  |TAMS 0x000000073ec00000, 0x000000073ec00000| Untracked 
| 503|0x000000073ee00000, 0x000000073ee00000, 0x000000073f000000|  0%| F|  |TAMS 0x000000073ee00000, 0x000000073ee00000| Untracked 
| 504|0x000000073f000000, 0x000000073f000000, 0x000000073f200000|  0%| F|  |TAMS 0x000000073f000000, 0x000000073f000000| Untracked 
| 505|0x000000073f200000, 0x000000073f200000, 0x000000073f400000|  0%| F|  |TAMS 0x000000073f200000, 0x000000073f200000| Untracked 
| 506|0x000000073f400000, 0x000000073f400000, 0x000000073f600000|  0%| F|  |TAMS 0x000000073f400000, 0x000000073f400000| Untracked 
| 507|0x000000073f600000, 0x000000073f600000, 0x000000073f800000|  0%| F|  |TAMS 0x000000073f600000, 0x000000073f600000| Untracked 
| 508|0x000000073f800000, 0x000000073f800000, 0x000000073fa00000|  0%| F|  |TAMS 0x000000073f800000, 0x000000073f800000| Untracked 
| 509|0x000000073fa00000, 0x000000073fa00000, 0x000000073fc00000|  0%| F|  |TAMS 0x000000073fa00000, 0x000000073fa00000| Untracked 
| 510|0x000000073fc00000, 0x000000073fc00000, 0x000000073fe00000|  0%| F|  |TAMS 0x000000073fc00000, 0x000000073fc00000| Untracked 
| 511|0x000000073fe00000, 0x000000073fe00000, 0x0000000740000000|  0%| F|  |TAMS 0x000000073fe00000, 0x000000073fe00000| Untracked 
| 512|0x0000000740000000, 0x0000000740000000, 0x0000000740200000|  0%| F|  |TAMS 0x0000000740000000, 0x0000000740000000| Untracked 
| 513|0x0000000740200000, 0x0000000740200000, 0x0000000740400000|  0%| F|  |TAMS 0x0000000740200000, 0x0000000740200000| Untracked 
| 514|0x0000000740400000, 0x0000000740400000, 0x0000000740600000|  0%| F|  |TAMS 0x0000000740400000, 0x0000000740400000| Untracked 
| 515|0x0000000740600000, 0x0000000740600000, 0x0000000740800000|  0%| F|  |TAMS 0x0000000740600000, 0x0000000740600000| Untracked 
| 516|0x0000000740800000, 0x0000000740800000, 0x0000000740a00000|  0%| F|  |TAMS 0x0000000740800000, 0x0000000740800000| Untracked 
| 517|0x0000000740a00000, 0x0000000740a00000, 0x0000000740c00000|  0%| F|  |TAMS 0x0000000740a00000, 0x0000000740a00000| Untracked 
| 518|0x0000000740c00000, 0x0000000740c00000, 0x0000000740e00000|  0%| F|  |TAMS 0x0000000740c00000, 0x0000000740c00000| Untracked 
| 519|0x0000000740e00000, 0x0000000740e00000, 0x0000000741000000|  0%| F|  |TAMS 0x0000000740e00000, 0x0000000740e00000| Untracked 
| 520|0x0000000741000000, 0x0000000741000000, 0x0000000741200000|  0%| F|  |TAMS 0x0000000741000000, 0x0000000741000000| Untracked 
| 521|0x0000000741200000, 0x0000000741200000, 0x0000000741400000|  0%| F|  |TAMS 0x0000000741200000, 0x0000000741200000| Untracked 
| 522|0x0000000741400000, 0x0000000741400000, 0x0000000741600000|  0%| F|  |TAMS 0x0000000741400000, 0x0000000741400000| Untracked 
| 523|0x0000000741600000, 0x0000000741600000, 0x0000000741800000|  0%| F|  |TAMS 0x0000000741600000, 0x0000000741600000| Untracked 
| 524|0x0000000741800000, 0x0000000741800000, 0x0000000741a00000|  0%| F|  |TAMS 0x0000000741800000, 0x0000000741800000| Untracked 
| 525|0x0000000741a00000, 0x0000000741a00000, 0x0000000741c00000|  0%| F|  |TAMS 0x0000000741a00000, 0x0000000741a00000| Untracked 
| 526|0x0000000741c00000, 0x0000000741c00000, 0x0000000741e00000|  0%| F|  |TAMS 0x0000000741c00000, 0x0000000741c00000| Untracked 
| 527|0x0000000741e00000, 0x0000000741e00000, 0x0000000742000000|  0%| F|  |TAMS 0x0000000741e00000, 0x0000000741e00000| Untracked 
| 528|0x0000000742000000, 0x0000000742000000, 0x0000000742200000|  0%| F|  |TAMS 0x0000000742000000, 0x0000000742000000| Untracked 
| 529|0x0000000742200000, 0x0000000742200000, 0x0000000742400000|  0%| F|  |TAMS 0x0000000742200000, 0x0000000742200000| Untracked 
| 530|0x0000000742400000, 0x0000000742400000, 0x0000000742600000|  0%| F|  |TAMS 0x0000000742400000, 0x0000000742400000| Untracked 
| 531|0x0000000742600000, 0x0000000742600000, 0x0000000742800000|  0%| F|  |TAMS 0x0000000742600000, 0x0000000742600000| Untracked 
| 532|0x0000000742800000, 0x0000000742800000, 0x0000000742a00000|  0%| F|  |TAMS 0x0000000742800000, 0x0000000742800000| Untracked 
| 533|0x0000000742a00000, 0x0000000742a00000, 0x0000000742c00000|  0%| F|  |TAMS 0x0000000742a00000, 0x0000000742a00000| Untracked 
| 534|0x0000000742c00000, 0x0000000742c00000, 0x0000000742e00000|  0%| F|  |TAMS 0x0000000742c00000, 0x0000000742c00000| Untracked 
| 535|0x0000000742e00000, 0x0000000742e00000, 0x0000000743000000|  0%| F|  |TAMS 0x0000000742e00000, 0x0000000742e00000| Untracked 
| 536|0x0000000743000000, 0x0000000743000000, 0x0000000743200000|  0%| F|  |TAMS 0x0000000743000000, 0x0000000743000000| Untracked 
| 537|0x0000000743200000, 0x0000000743200000, 0x0000000743400000|  0%| F|  |TAMS 0x0000000743200000, 0x0000000743200000| Untracked 
| 538|0x0000000743400000, 0x0000000743400000, 0x0000000743600000|  0%| F|  |TAMS 0x0000000743400000, 0x0000000743400000| Untracked 
| 539|0x0000000743600000, 0x0000000743600000, 0x0000000743800000|  0%| F|  |TAMS 0x0000000743600000, 0x0000000743600000| Untracked 
| 540|0x0000000743800000, 0x0000000743800000, 0x0000000743a00000|  0%| F|  |TAMS 0x0000000743800000, 0x0000000743800000| Untracked 
| 541|0x0000000743a00000, 0x0000000743a00000, 0x0000000743c00000|  0%| F|  |TAMS 0x0000000743a00000, 0x0000000743a00000| Untracked 
| 542|0x0000000743c00000, 0x0000000743c00000, 0x0000000743e00000|  0%| F|  |TAMS 0x0000000743c00000, 0x0000000743c00000| Untracked 
| 543|0x0000000743e00000, 0x0000000743e00000, 0x0000000744000000|  0%| F|  |TAMS 0x0000000743e00000, 0x0000000743e00000| Untracked 
| 544|0x0000000744000000, 0x0000000744000000, 0x0000000744200000|  0%| F|  |TAMS 0x0000000744000000, 0x0000000744000000| Untracked 
| 545|0x0000000744200000, 0x0000000744200000, 0x0000000744400000|  0%| F|  |TAMS 0x0000000744200000, 0x0000000744200000| Untracked 
| 546|0x0000000744400000, 0x0000000744400000, 0x0000000744600000|  0%| F|  |TAMS 0x0000000744400000, 0x0000000744400000| Untracked 
| 547|0x0000000744600000, 0x0000000744600000, 0x0000000744800000|  0%| F|  |TAMS 0x0000000744600000, 0x0000000744600000| Untracked 
| 548|0x0000000744800000, 0x0000000744800000, 0x0000000744a00000|  0%| F|  |TAMS 0x0000000744800000, 0x0000000744800000| Untracked 
| 549|0x0000000744a00000, 0x0000000744a00000, 0x0000000744c00000|  0%| F|  |TAMS 0x0000000744a00000, 0x0000000744a00000| Untracked 
| 550|0x0000000744c00000, 0x0000000744c00000, 0x0000000744e00000|  0%| F|  |TAMS 0x0000000744c00000, 0x0000000744c00000| Untracked 
| 551|0x0000000744e00000, 0x0000000744e00000, 0x0000000745000000|  0%| F|  |TAMS 0x0000000744e00000, 0x0000000744e00000| Untracked 
| 552|0x0000000745000000, 0x0000000745000000, 0x0000000745200000|  0%| F|  |TAMS 0x0000000745000000, 0x0000000745000000| Untracked 
| 553|0x0000000745200000, 0x0000000745200000, 0x0000000745400000|  0%| F|  |TAMS 0x0000000745200000, 0x0000000745200000| Untracked 
| 554|0x0000000745400000, 0x0000000745400000, 0x0000000745600000|  0%| F|  |TAMS 0x0000000745400000, 0x0000000745400000| Untracked 
| 555|0x0000000745600000, 0x0000000745600000, 0x0000000745800000|  0%| F|  |TAMS 0x0000000745600000, 0x0000000745600000| Untracked 
| 556|0x0000000745800000, 0x0000000745800000, 0x0000000745a00000|  0%| F|  |TAMS 0x0000000745800000, 0x0000000745800000| Untracked 
| 557|0x0000000745a00000, 0x0000000745a00000, 0x0000000745c00000|  0%| F|  |TAMS 0x0000000745a00000, 0x0000000745a00000| Untracked 
| 558|0x0000000745c00000, 0x0000000745c00000, 0x0000000745e00000|  0%| F|  |TAMS 0x0000000745c00000, 0x0000000745c00000| Untracked 
| 559|0x0000000745e00000, 0x0000000745e00000, 0x0000000746000000|  0%| F|  |TAMS 0x0000000745e00000, 0x0000000745e00000| Untracked 
| 560|0x0000000746000000, 0x0000000746000000, 0x0000000746200000|  0%| F|  |TAMS 0x0000000746000000, 0x0000000746000000| Untracked 
| 561|0x0000000746200000, 0x0000000746200000, 0x0000000746400000|  0%| F|  |TAMS 0x0000000746200000, 0x0000000746200000| Untracked 
| 562|0x0000000746400000, 0x0000000746400000, 0x0000000746600000|  0%| F|  |TAMS 0x0000000746400000, 0x0000000746400000| Untracked 
| 563|0x0000000746600000, 0x0000000746600000, 0x0000000746800000|  0%| F|  |TAMS 0x0000000746600000, 0x0000000746600000| Untracked 
| 564|0x0000000746800000, 0x0000000746800000, 0x0000000746a00000|  0%| F|  |TAMS 0x0000000746800000, 0x0000000746800000| Untracked 
| 565|0x0000000746a00000, 0x0000000746a00000, 0x0000000746c00000|  0%| F|  |TAMS 0x0000000746a00000, 0x0000000746a00000| Untracked 
| 566|0x0000000746c00000, 0x0000000746c00000, 0x0000000746e00000|  0%| F|  |TAMS 0x0000000746c00000, 0x0000000746c00000| Untracked 
| 567|0x0000000746e00000, 0x0000000746e00000, 0x0000000747000000|  0%| F|  |TAMS 0x0000000746e00000, 0x0000000746e00000| Untracked 
| 568|0x0000000747000000, 0x0000000747000000, 0x0000000747200000|  0%| F|  |TAMS 0x0000000747000000, 0x0000000747000000| Untracked 
| 569|0x0000000747200000, 0x0000000747200000, 0x0000000747400000|  0%| F|  |TAMS 0x0000000747200000, 0x0000000747200000| Untracked 
| 570|0x0000000747400000, 0x0000000747400000, 0x0000000747600000|  0%| F|  |TAMS 0x0000000747400000, 0x0000000747400000| Untracked 
| 571|0x0000000747600000, 0x0000000747600000, 0x0000000747800000|  0%| F|  |TAMS 0x0000000747600000, 0x0000000747600000| Untracked 
| 572|0x0000000747800000, 0x0000000747800000, 0x0000000747a00000|  0%| F|  |TAMS 0x0000000747800000, 0x0000000747800000| Untracked 
| 573|0x0000000747a00000, 0x0000000747a00000, 0x0000000747c00000|  0%| F|  |TAMS 0x0000000747a00000, 0x0000000747a00000| Untracked 
| 574|0x0000000747c00000, 0x0000000747c00000, 0x0000000747e00000|  0%| F|  |TAMS 0x0000000747c00000, 0x0000000747c00000| Untracked 
| 575|0x0000000747e00000, 0x0000000747e00000, 0x0000000748000000|  0%| F|  |TAMS 0x0000000747e00000, 0x0000000747e00000| Untracked 
| 576|0x0000000748000000, 0x0000000748000000, 0x0000000748200000|  0%| F|  |TAMS 0x0000000748000000, 0x0000000748000000| Untracked 
| 577|0x0000000748200000, 0x0000000748200000, 0x0000000748400000|  0%| F|  |TAMS 0x0000000748200000, 0x0000000748200000| Untracked 
| 578|0x0000000748400000, 0x0000000748400000, 0x0000000748600000|  0%| F|  |TAMS 0x0000000748400000, 0x0000000748400000| Untracked 
| 579|0x0000000748600000, 0x0000000748600000, 0x0000000748800000|  0%| F|  |TAMS 0x0000000748600000, 0x0000000748600000| Untracked 
| 580|0x0000000748800000, 0x0000000748800000, 0x0000000748a00000|  0%| F|  |TAMS 0x0000000748800000, 0x0000000748800000| Untracked 
| 581|0x0000000748a00000, 0x0000000748a00000, 0x0000000748c00000|  0%| F|  |TAMS 0x0000000748a00000, 0x0000000748a00000| Untracked 
| 582|0x0000000748c00000, 0x0000000748c00000, 0x0000000748e00000|  0%| F|  |TAMS 0x0000000748c00000, 0x0000000748c00000| Untracked 
| 583|0x0000000748e00000, 0x0000000748e00000, 0x0000000749000000|  0%| F|  |TAMS 0x0000000748e00000, 0x0000000748e00000| Untracked 
| 584|0x0000000749000000, 0x0000000749000000, 0x0000000749200000|  0%| F|  |TAMS 0x0000000749000000, 0x0000000749000000| Untracked 
| 585|0x0000000749200000, 0x0000000749200000, 0x0000000749400000|  0%| F|  |TAMS 0x0000000749200000, 0x0000000749200000| Untracked 
| 586|0x0000000749400000, 0x0000000749400000, 0x0000000749600000|  0%| F|  |TAMS 0x0000000749400000, 0x0000000749400000| Untracked 
| 587|0x0000000749600000, 0x0000000749600000, 0x0000000749800000|  0%| F|  |TAMS 0x0000000749600000, 0x0000000749600000| Untracked 
| 588|0x0000000749800000, 0x0000000749800000, 0x0000000749a00000|  0%| F|  |TAMS 0x0000000749800000, 0x0000000749800000| Untracked 
| 589|0x0000000749a00000, 0x0000000749a00000, 0x0000000749c00000|  0%| F|  |TAMS 0x0000000749a00000, 0x0000000749a00000| Untracked 
| 590|0x0000000749c00000, 0x0000000749c00000, 0x0000000749e00000|  0%| F|  |TAMS 0x0000000749c00000, 0x0000000749c00000| Untracked 
| 591|0x0000000749e00000, 0x0000000749e00000, 0x000000074a000000|  0%| F|  |TAMS 0x0000000749e00000, 0x0000000749e00000| Untracked 
| 592|0x000000074a000000, 0x000000074a000000, 0x000000074a200000|  0%| F|  |TAMS 0x000000074a000000, 0x000000074a000000| Untracked 
| 593|0x000000074a200000, 0x000000074a200000, 0x000000074a400000|  0%| F|  |TAMS 0x000000074a200000, 0x000000074a200000| Untracked 
| 594|0x000000074a400000, 0x000000074a400000, 0x000000074a600000|  0%| F|  |TAMS 0x000000074a400000, 0x000000074a400000| Untracked 
| 595|0x000000074a600000, 0x000000074a600000, 0x000000074a800000|  0%| F|  |TAMS 0x000000074a600000, 0x000000074a600000| Untracked 
| 596|0x000000074a800000, 0x000000074a800000, 0x000000074aa00000|  0%| F|  |TAMS 0x000000074a800000, 0x000000074a800000| Untracked 
| 597|0x000000074aa00000, 0x000000074aa00000, 0x000000074ac00000|  0%| F|  |TAMS 0x000000074aa00000, 0x000000074aa00000| Untracked 
| 598|0x000000074ac00000, 0x000000074ac00000, 0x000000074ae00000|  0%| F|  |TAMS 0x000000074ac00000, 0x000000074ac00000| Untracked 
| 599|0x000000074ae00000, 0x000000074ae00000, 0x000000074b000000|  0%| F|  |TAMS 0x000000074ae00000, 0x000000074ae00000| Untracked 
| 600|0x000000074b000000, 0x000000074b000000, 0x000000074b200000|  0%| F|  |TAMS 0x000000074b000000, 0x000000074b000000| Untracked 
| 601|0x000000074b200000, 0x000000074b200000, 0x000000074b400000|  0%| F|  |TAMS 0x000000074b200000, 0x000000074b200000| Untracked 
| 602|0x000000074b400000, 0x000000074b400000, 0x000000074b600000|  0%| F|  |TAMS 0x000000074b400000, 0x000000074b400000| Untracked 
| 603|0x000000074b600000, 0x000000074b600000, 0x000000074b800000|  0%| F|  |TAMS 0x000000074b600000, 0x000000074b600000| Untracked 
| 604|0x000000074b800000, 0x000000074b800000, 0x000000074ba00000|  0%| F|  |TAMS 0x000000074b800000, 0x000000074b800000| Untracked 
| 605|0x000000074ba00000, 0x000000074ba00000, 0x000000074bc00000|  0%| F|  |TAMS 0x000000074ba00000, 0x000000074ba00000| Untracked 
| 606|0x000000074bc00000, 0x000000074bc00000, 0x000000074be00000|  0%| F|  |TAMS 0x000000074bc00000, 0x000000074bc00000| Untracked 
| 607|0x000000074be00000, 0x000000074be00000, 0x000000074c000000|  0%| F|  |TAMS 0x000000074be00000, 0x000000074be00000| Untracked 
| 608|0x000000074c000000, 0x000000074c000000, 0x000000074c200000|  0%| F|  |TAMS 0x000000074c000000, 0x000000074c000000| Untracked 
| 609|0x000000074c200000, 0x000000074c200000, 0x000000074c400000|  0%| F|  |TAMS 0x000000074c200000, 0x000000074c200000| Untracked 
| 610|0x000000074c400000, 0x000000074c400000, 0x000000074c600000|  0%| F|  |TAMS 0x000000074c400000, 0x000000074c400000| Untracked 
| 611|0x000000074c600000, 0x000000074c600000, 0x000000074c800000|  0%| F|  |TAMS 0x000000074c600000, 0x000000074c600000| Untracked 
| 612|0x000000074c800000, 0x000000074c800000, 0x000000074ca00000|  0%| F|  |TAMS 0x000000074c800000, 0x000000074c800000| Untracked 
| 613|0x000000074ca00000, 0x000000074ca00000, 0x000000074cc00000|  0%| F|  |TAMS 0x000000074ca00000, 0x000000074ca00000| Untracked 
| 614|0x000000074cc00000, 0x000000074cc00000, 0x000000074ce00000|  0%| F|  |TAMS 0x000000074cc00000, 0x000000074cc00000| Untracked 
| 615|0x000000074ce00000, 0x000000074ce00000, 0x000000074d000000|  0%| F|  |TAMS 0x000000074ce00000, 0x000000074ce00000| Untracked 
| 616|0x000000074d000000, 0x000000074d000000, 0x000000074d200000|  0%| F|  |TAMS 0x000000074d000000, 0x000000074d000000| Untracked 
| 617|0x000000074d200000, 0x000000074d200000, 0x000000074d400000|  0%| F|  |TAMS 0x000000074d200000, 0x000000074d200000| Untracked 
| 618|0x000000074d400000, 0x000000074d400000, 0x000000074d600000|  0%| F|  |TAMS 0x000000074d400000, 0x000000074d400000| Untracked 
| 619|0x000000074d600000, 0x000000074d600000, 0x000000074d800000|  0%| F|  |TAMS 0x000000074d600000, 0x000000074d600000| Untracked 
| 620|0x000000074d800000, 0x000000074d800000, 0x000000074da00000|  0%| F|  |TAMS 0x000000074d800000, 0x000000074d800000| Untracked 
| 621|0x000000074da00000, 0x000000074da00000, 0x000000074dc00000|  0%| F|  |TAMS 0x000000074da00000, 0x000000074da00000| Untracked 
| 622|0x000000074dc00000, 0x000000074dd00800, 0x000000074de00000| 50%| E|  |TAMS 0x000000074dc00000, 0x000000074dc00000| Complete 
| 623|0x000000074de00000, 0x000000074e000000, 0x000000074e000000|100%| E|CS|TAMS 0x000000074de00000, 0x000000074de00000| Complete 
| 624|0x000000074e000000, 0x000000074e200000, 0x000000074e200000|100%| E|CS|TAMS 0x000000074e000000, 0x000000074e000000| Complete 
| 625|0x000000074e200000, 0x000000074e400000, 0x000000074e400000|100%| E|CS|TAMS 0x000000074e200000, 0x000000074e200000| Complete 
| 626|0x000000074e400000, 0x000000074e600000, 0x000000074e600000|100%| E|CS|TAMS 0x000000074e400000, 0x000000074e400000| Complete 
| 627|0x000000074e600000, 0x000000074e800000, 0x000000074e800000|100%| E|CS|TAMS 0x000000074e600000, 0x000000074e600000| Complete 
| 628|0x000000074e800000, 0x000000074ea00000, 0x000000074ea00000|100%| E|CS|TAMS 0x000000074e800000, 0x000000074e800000| Complete 
| 629|0x000000074ea00000, 0x000000074ec00000, 0x000000074ec00000|100%| E|CS|TAMS 0x000000074ea00000, 0x000000074ea00000| Complete 
| 630|0x000000074ec00000, 0x000000074ee00000, 0x000000074ee00000|100%| E|CS|TAMS 0x000000074ec00000, 0x000000074ec00000| Complete 
| 631|0x000000074ee00000, 0x000000074f000000, 0x000000074f000000|100%| E|CS|TAMS 0x000000074ee00000, 0x000000074ee00000| Complete 
| 632|0x000000074f000000, 0x000000074f200000, 0x000000074f200000|100%| E|CS|TAMS 0x000000074f000000, 0x000000074f000000| Complete 
| 633|0x000000074f200000, 0x000000074f400000, 0x000000074f400000|100%| E|CS|TAMS 0x000000074f200000, 0x000000074f200000| Complete 
| 634|0x000000074f400000, 0x000000074f600000, 0x000000074f600000|100%| E|CS|TAMS 0x000000074f400000, 0x000000074f400000| Complete 
| 635|0x000000074f600000, 0x000000074f800000, 0x000000074f800000|100%| E|CS|TAMS 0x000000074f600000, 0x000000074f600000| Complete 
| 636|0x000000074f800000, 0x000000074fa00000, 0x000000074fa00000|100%| E|CS|TAMS 0x000000074f800000, 0x000000074f800000| Complete 
| 637|0x000000074fa00000, 0x000000074fc00000, 0x000000074fc00000|100%| E|CS|TAMS 0x000000074fa00000, 0x000000074fa00000| Complete 
| 638|0x000000074fc00000, 0x000000074fe00000, 0x000000074fe00000|100%| E|CS|TAMS 0x000000074fc00000, 0x000000074fc00000| Complete 
| 639|0x000000074fe00000, 0x0000000750000000, 0x0000000750000000|100%| E|CS|TAMS 0x000000074fe00000, 0x000000074fe00000| Complete 
| 640|0x0000000750000000, 0x0000000750200000, 0x0000000750200000|100%| E|CS|TAMS 0x0000000750000000, 0x0000000750000000| Complete 
| 641|0x0000000750200000, 0x0000000750400000, 0x0000000750400000|100%| E|CS|TAMS 0x0000000750200000, 0x0000000750200000| Complete 
| 642|0x0000000750400000, 0x0000000750600000, 0x0000000750600000|100%| E|CS|TAMS 0x0000000750400000, 0x0000000750400000| Complete 
| 643|0x0000000750600000, 0x0000000750800000, 0x0000000750800000|100%| E|CS|TAMS 0x0000000750600000, 0x0000000750600000| Complete 
| 644|0x0000000750800000, 0x0000000750a00000, 0x0000000750a00000|100%| E|CS|TAMS 0x0000000750800000, 0x0000000750800000| Complete 
| 645|0x0000000750a00000, 0x0000000750c00000, 0x0000000750c00000|100%| E|CS|TAMS 0x0000000750a00000, 0x0000000750a00000| Complete 
| 646|0x0000000750c00000, 0x0000000750e00000, 0x0000000750e00000|100%| E|CS|TAMS 0x0000000750c00000, 0x0000000750c00000| Complete 
| 647|0x0000000750e00000, 0x0000000751000000, 0x0000000751000000|100%| E|CS|TAMS 0x0000000750e00000, 0x0000000750e00000| Complete 
| 648|0x0000000751000000, 0x0000000751200000, 0x0000000751200000|100%| E|CS|TAMS 0x0000000751000000, 0x0000000751000000| Complete 
| 649|0x0000000751200000, 0x0000000751400000, 0x0000000751400000|100%| E|CS|TAMS 0x0000000751200000, 0x0000000751200000| Complete 
| 650|0x0000000751400000, 0x0000000751600000, 0x0000000751600000|100%| E|CS|TAMS 0x0000000751400000, 0x0000000751400000| Complete 
| 651|0x0000000751600000, 0x0000000751800000, 0x0000000751800000|100%| E|CS|TAMS 0x0000000751600000, 0x0000000751600000| Complete 
| 652|0x0000000751800000, 0x0000000751a00000, 0x0000000751a00000|100%| E|CS|TAMS 0x0000000751800000, 0x0000000751800000| Complete 
| 653|0x0000000751a00000, 0x0000000751c00000, 0x0000000751c00000|100%| E|CS|TAMS 0x0000000751a00000, 0x0000000751a00000| Complete 
| 654|0x0000000751c00000, 0x0000000751e00000, 0x0000000751e00000|100%| E|CS|TAMS 0x0000000751c00000, 0x0000000751c00000| Complete 
| 655|0x0000000751e00000, 0x0000000752000000, 0x0000000752000000|100%| E|CS|TAMS 0x0000000751e00000, 0x0000000751e00000| Complete 
| 656|0x0000000752000000, 0x0000000752200000, 0x0000000752200000|100%| E|CS|TAMS 0x0000000752000000, 0x0000000752000000| Complete 
| 657|0x0000000752200000, 0x0000000752400000, 0x0000000752400000|100%| E|CS|TAMS 0x0000000752200000, 0x0000000752200000| Complete 
| 658|0x0000000752400000, 0x0000000752600000, 0x0000000752600000|100%| E|CS|TAMS 0x0000000752400000, 0x0000000752400000| Complete 
| 659|0x0000000752600000, 0x0000000752800000, 0x0000000752800000|100%| E|CS|TAMS 0x0000000752600000, 0x0000000752600000| Complete 
| 660|0x0000000752800000, 0x0000000752a00000, 0x0000000752a00000|100%| E|CS|TAMS 0x0000000752800000, 0x0000000752800000| Complete 
| 661|0x0000000752a00000, 0x0000000752c00000, 0x0000000752c00000|100%| E|CS|TAMS 0x0000000752a00000, 0x0000000752a00000| Complete 
| 662|0x0000000752c00000, 0x0000000752e00000, 0x0000000752e00000|100%| E|CS|TAMS 0x0000000752c00000, 0x0000000752c00000| Complete 
| 663|0x0000000752e00000, 0x0000000753000000, 0x0000000753000000|100%| E|CS|TAMS 0x0000000752e00000, 0x0000000752e00000| Complete 
| 664|0x0000000753000000, 0x0000000753200000, 0x0000000753200000|100%| E|CS|TAMS 0x0000000753000000, 0x0000000753000000| Complete 
| 665|0x0000000753200000, 0x0000000753400000, 0x0000000753400000|100%| E|CS|TAMS 0x0000000753200000, 0x0000000753200000| Complete 
| 666|0x0000000753400000, 0x0000000753600000, 0x0000000753600000|100%| E|CS|TAMS 0x0000000753400000, 0x0000000753400000| Complete 
| 667|0x0000000753600000, 0x0000000753800000, 0x0000000753800000|100%| E|CS|TAMS 0x0000000753600000, 0x0000000753600000| Complete 
| 668|0x0000000753800000, 0x0000000753a00000, 0x0000000753a00000|100%| E|CS|TAMS 0x0000000753800000, 0x0000000753800000| Complete 
| 669|0x0000000753a00000, 0x0000000753c00000, 0x0000000753c00000|100%| E|CS|TAMS 0x0000000753a00000, 0x0000000753a00000| Complete 
| 670|0x0000000753c00000, 0x0000000753e00000, 0x0000000753e00000|100%| E|CS|TAMS 0x0000000753c00000, 0x0000000753c00000| Complete 
| 671|0x0000000753e00000, 0x0000000754000000, 0x0000000754000000|100%| E|CS|TAMS 0x0000000753e00000, 0x0000000753e00000| Complete 
| 672|0x0000000754000000, 0x0000000754200000, 0x0000000754200000|100%| E|CS|TAMS 0x0000000754000000, 0x0000000754000000| Complete 
| 673|0x0000000754200000, 0x0000000754400000, 0x0000000754400000|100%| E|CS|TAMS 0x0000000754200000, 0x0000000754200000| Complete 
| 674|0x0000000754400000, 0x0000000754600000, 0x0000000754600000|100%| E|CS|TAMS 0x0000000754400000, 0x0000000754400000| Complete 
| 675|0x0000000754600000, 0x0000000754800000, 0x0000000754800000|100%| E|CS|TAMS 0x0000000754600000, 0x0000000754600000| Complete 
| 676|0x0000000754800000, 0x0000000754a00000, 0x0000000754a00000|100%| E|CS|TAMS 0x0000000754800000, 0x0000000754800000| Complete 
| 677|0x0000000754a00000, 0x0000000754c00000, 0x0000000754c00000|100%| E|CS|TAMS 0x0000000754a00000, 0x0000000754a00000| Complete 
| 678|0x0000000754c00000, 0x0000000754e00000, 0x0000000754e00000|100%| E|CS|TAMS 0x0000000754c00000, 0x0000000754c00000| Complete 
| 679|0x0000000754e00000, 0x0000000755000000, 0x0000000755000000|100%| E|CS|TAMS 0x0000000754e00000, 0x0000000754e00000| Complete 
| 680|0x0000000755000000, 0x0000000755200000, 0x0000000755200000|100%| E|CS|TAMS 0x0000000755000000, 0x0000000755000000| Complete 
| 681|0x0000000755200000, 0x0000000755400000, 0x0000000755400000|100%| E|CS|TAMS 0x0000000755200000, 0x0000000755200000| Complete 
| 682|0x0000000755400000, 0x0000000755600000, 0x0000000755600000|100%| E|CS|TAMS 0x0000000755400000, 0x0000000755400000| Complete 
| 683|0x0000000755600000, 0x0000000755800000, 0x0000000755800000|100%| E|CS|TAMS 0x0000000755600000, 0x0000000755600000| Complete 
| 684|0x0000000755800000, 0x0000000755a00000, 0x0000000755a00000|100%| E|CS|TAMS 0x0000000755800000, 0x0000000755800000| Complete 
| 685|0x0000000755a00000, 0x0000000755c00000, 0x0000000755c00000|100%| E|CS|TAMS 0x0000000755a00000, 0x0000000755a00000| Complete 
| 686|0x0000000755c00000, 0x0000000755e00000, 0x0000000755e00000|100%| E|CS|TAMS 0x0000000755c00000, 0x0000000755c00000| Complete 
| 687|0x0000000755e00000, 0x0000000756000000, 0x0000000756000000|100%| E|CS|TAMS 0x0000000755e00000, 0x0000000755e00000| Complete 
| 688|0x0000000756000000, 0x0000000756200000, 0x0000000756200000|100%| E|CS|TAMS 0x0000000756000000, 0x0000000756000000| Complete 
| 689|0x0000000756200000, 0x0000000756400000, 0x0000000756400000|100%| E|CS|TAMS 0x0000000756200000, 0x0000000756200000| Complete 
| 690|0x0000000756400000, 0x0000000756600000, 0x0000000756600000|100%| E|CS|TAMS 0x0000000756400000, 0x0000000756400000| Complete 
| 691|0x0000000756600000, 0x0000000756800000, 0x0000000756800000|100%| E|CS|TAMS 0x0000000756600000, 0x0000000756600000| Complete 
| 692|0x0000000756800000, 0x0000000756a00000, 0x0000000756a00000|100%| E|CS|TAMS 0x0000000756800000, 0x0000000756800000| Complete 
| 693|0x0000000756a00000, 0x0000000756c00000, 0x0000000756c00000|100%| E|CS|TAMS 0x0000000756a00000, 0x0000000756a00000| Complete 
| 694|0x0000000756c00000, 0x0000000756e00000, 0x0000000756e00000|100%| E|CS|TAMS 0x0000000756c00000, 0x0000000756c00000| Complete 
| 695|0x0000000756e00000, 0x0000000757000000, 0x0000000757000000|100%| E|CS|TAMS 0x0000000756e00000, 0x0000000756e00000| Complete 
| 696|0x0000000757000000, 0x0000000757200000, 0x0000000757200000|100%| E|CS|TAMS 0x0000000757000000, 0x0000000757000000| Complete 
| 697|0x0000000757200000, 0x0000000757400000, 0x0000000757400000|100%| E|CS|TAMS 0x0000000757200000, 0x0000000757200000| Complete 
| 698|0x0000000757400000, 0x0000000757600000, 0x0000000757600000|100%| E|CS|TAMS 0x0000000757400000, 0x0000000757400000| Complete 
| 699|0x0000000757600000, 0x0000000757800000, 0x0000000757800000|100%| E|CS|TAMS 0x0000000757600000, 0x0000000757600000| Complete 
| 700|0x0000000757800000, 0x0000000757a00000, 0x0000000757a00000|100%| E|CS|TAMS 0x0000000757800000, 0x0000000757800000| Complete 
| 701|0x0000000757a00000, 0x0000000757c00000, 0x0000000757c00000|100%| E|CS|TAMS 0x0000000757a00000, 0x0000000757a00000| Complete 
| 702|0x0000000757c00000, 0x0000000757e00000, 0x0000000757e00000|100%| E|CS|TAMS 0x0000000757c00000, 0x0000000757c00000| Complete 
| 703|0x0000000757e00000, 0x0000000758000000, 0x0000000758000000|100%| E|CS|TAMS 0x0000000757e00000, 0x0000000757e00000| Complete 
| 704|0x0000000758000000, 0x0000000758200000, 0x0000000758200000|100%| E|CS|TAMS 0x0000000758000000, 0x0000000758000000| Complete 
| 705|0x0000000758200000, 0x0000000758400000, 0x0000000758400000|100%| E|CS|TAMS 0x0000000758200000, 0x0000000758200000| Complete 
| 706|0x0000000758400000, 0x0000000758600000, 0x0000000758600000|100%| E|CS|TAMS 0x0000000758400000, 0x0000000758400000| Complete 
| 707|0x0000000758600000, 0x0000000758800000, 0x0000000758800000|100%| E|CS|TAMS 0x0000000758600000, 0x0000000758600000| Complete 
| 708|0x0000000758800000, 0x0000000758a00000, 0x0000000758a00000|100%| E|CS|TAMS 0x0000000758800000, 0x0000000758800000| Complete 
| 709|0x0000000758a00000, 0x0000000758c00000, 0x0000000758c00000|100%| E|CS|TAMS 0x0000000758a00000, 0x0000000758a00000| Complete 
| 710|0x0000000758c00000, 0x0000000758e00000, 0x0000000758e00000|100%| E|CS|TAMS 0x0000000758c00000, 0x0000000758c00000| Complete 
| 711|0x0000000758e00000, 0x0000000759000000, 0x0000000759000000|100%| E|CS|TAMS 0x0000000758e00000, 0x0000000758e00000| Complete 
| 712|0x0000000759000000, 0x0000000759200000, 0x0000000759200000|100%| E|CS|TAMS 0x0000000759000000, 0x0000000759000000| Complete 
| 713|0x0000000759200000, 0x0000000759400000, 0x0000000759400000|100%| E|CS|TAMS 0x0000000759200000, 0x0000000759200000| Complete 
| 714|0x0000000759400000, 0x0000000759600000, 0x0000000759600000|100%| E|CS|TAMS 0x0000000759400000, 0x0000000759400000| Complete 
| 715|0x0000000759600000, 0x0000000759800000, 0x0000000759800000|100%| E|CS|TAMS 0x0000000759600000, 0x0000000759600000| Complete 
| 716|0x0000000759800000, 0x0000000759a00000, 0x0000000759a00000|100%| E|CS|TAMS 0x0000000759800000, 0x0000000759800000| Complete 
| 717|0x0000000759a00000, 0x0000000759c00000, 0x0000000759c00000|100%| E|CS|TAMS 0x0000000759a00000, 0x0000000759a00000| Complete 
| 718|0x0000000759c00000, 0x0000000759e00000, 0x0000000759e00000|100%| E|CS|TAMS 0x0000000759c00000, 0x0000000759c00000| Complete 
| 719|0x0000000759e00000, 0x000000075a000000, 0x000000075a000000|100%| E|CS|TAMS 0x0000000759e00000, 0x0000000759e00000| Complete 
|2047|0x00000007ffe00000, 0x0000000800000000, 0x0000000800000000|100%| E|CS|TAMS 0x00000007ffe00000, 0x00000007ffe00000| Complete 

Card table byte_map: [0x000002aac5b10000,0x000002aac6310000] _byte_map_base: 0x000002aac2310000

Marking Bits (Prev, Next): (CMBitMap*) 0x000002aab2b70f20, (CMBitMap*) 0x000002aab2b70f60
 Prev Bits: [0x000002aac6b10000, 0x000002aacab10000)
 Next Bits: [0x000002aacab10000, 0x000002aaceb10000)

Polling page: 0x000002aab0a50000

Metaspace:

Usage:
  Non-class:    146.31 MB used.
      Class:     22.37 MB used.
       Both:    168.68 MB used.

Virtual space:
  Non-class space:      192.00 MB reserved,     147.06 MB ( 77%) committed,  3 nodes.
      Class space:        1.00 GB reserved,      22.94 MB (  2%) committed,  1 nodes.
             Both:        1.19 GB reserved,     170.00 MB ( 14%) committed. 

Chunk freelists:
   Non-Class:  12.67 MB
       Class:  9.08 MB
        Both:  21.75 MB

MaxMetaspaceSize: unlimited
CompressedClassSpaceSize: 1.00 GB
Initial GC threshold: 21.00 MB
Current GC threshold: 226.50 MB
CDS: off
MetaspaceReclaimPolicy: balanced
 - commit_granule_bytes: 65536.
 - commit_granule_words: 8192.
 - virtual_space_node_default_size: 8388608.
 - enlarge_chunks_in_place: 1.
 - new_chunks_are_fully_committed: 0.
 - uncommit_free_chunks: 1.
 - use_allocation_guard: 0.
 - handle_deallocations: 1.


Internal statistics:

num_allocs_failed_limit: 9.
num_arena_births: 2112.
num_arena_deaths: 0.
num_vsnodes_births: 4.
num_vsnodes_deaths: 0.
num_space_committed: 2719.
num_space_uncommitted: 0.
num_chunks_returned_to_freelist: 9.
num_chunks_taken_from_freelist: 9171.
num_chunk_merges: 6.
num_chunk_splits: 5971.
num_chunks_enlarged: 3955.
num_inconsistent_stats: 0.

CodeHeap 'non-profiled nmethods': size=120000Kb used=20594Kb max_used=20594Kb free=99405Kb
 bounds [0x000002aabdab0000, 0x000002aabeed0000, 0x000002aac4fe0000]
CodeHeap 'profiled nmethods': size=120000Kb used=60621Kb max_used=60662Kb free=59379Kb
 bounds [0x000002aab5fe0000, 0x000002aab9b20000, 0x000002aabd510000]
CodeHeap 'non-nmethods': size=5760Kb used=2539Kb max_used=2624Kb free=3220Kb
 bounds [0x000002aabd510000, 0x000002aabd7b0000, 0x000002aabdab0000]
 total_blobs=28898 nmethods=27814 adapters=993
 compilation: enabled
              stopped_count=0, restarted_count=0
 full_count=0

Compilation events (20 events):
Event: 149.775 Thread 0x000002aad179c130 35943 %     4       com.android.tools.r8.ir.regalloc.b::a @ 291 (982 bytes)
Event: 149.800 Thread 0x000002aad9d23020 nmethod 35908 0x000002aabeebfb10 code [0x000002aabeec04a0, 0x000002aabeec8fd0]
Event: 149.801 Thread 0x000002aad9d23020 35972 %     4       com.android.tools.r8.ir.regalloc.b::j @ 571 (1048 bytes)
Event: 149.915 Thread 0x000002aad17ad830 35985       2       com.android.tools.r8.internal.vV::g0 (77 bytes)
Event: 149.916 Thread 0x000002aad17ad830 nmethod 35985 0x000002aab8ffba10 code [0x000002aab8ffbbe0, 0x000002aab8ffbf68]
Event: 149.916 Thread 0x000002aad17ad830 35984       2       com.android.tools.r8.internal.At$$Lambda$3970/0x00000008016251a8::accept (8 bytes)
Event: 149.916 Thread 0x000002aad17ad830 nmethod 35984 0x000002aab930cd10 code [0x000002aab930cec0, 0x000002aab930d028]
Event: 149.936 Thread 0x000002aad17ad830 35986       2       com.android.tools.r8.internal.A7::a (98 bytes)
Event: 149.937 Thread 0x000002aad17ad830 nmethod 35986 0x000002aab8ffb290 code [0x000002aab8ffb480, 0x000002aab8ffb788]
Event: 149.944 Thread 0x000002aad17ad830 35987       2       com.android.tools.r8.internal.At$$Lambda$4073/0x000000080165f328::accept (16 bytes)
Event: 149.945 Thread 0x000002aad17ad830 nmethod 35987 0x000002aab8ffad90 code [0x000002aab8ffaf40, 0x000002aab8ffb0c8]
Event: 149.962 Thread 0x000002aad17ad830 35988       2       java.lang.Long::signum (12 bytes)
Event: 149.962 Thread 0x000002aad17ad830 nmethod 35988 0x000002aab930ca10 code [0x000002aab930cba0, 0x000002aab930cc98]
Event: 149.962 Thread 0x000002aad17ad830 35989       2       com.android.tools.r8.internal.Q5::Q (99 bytes)
Event: 149.963 Thread 0x000002aad17ad830 nmethod 35989 0x000002aab942cc90 code [0x000002aab942ce60, 0x000002aab942d0a8]
Event: 150.101 Thread 0x000002aad17ad830 35991       3       com.android.tools.r8.internal.w9::a (218 bytes)
Event: 150.104 Thread 0x000002aad17ad830 nmethod 35991 0x000002aab90c1f90 code [0x000002aab90c23a0, 0x000002aab90c43c8]
Event: 150.121 Thread 0x000002aad17ad830 35992       2       com.android.tools.r8.ir.optimize.info.w::y (8 bytes)
Event: 150.137 Thread 0x000002aad17ad830 nmethod 35992 0x000002aab942c910 code [0x000002aab942caa0, 0x000002aab942cbb8]
Event: 150.137 Thread 0x000002aad17ad830 35995       3       com.android.tools.r8.internal.A7::d (2001 bytes)

GC Heap History (20 events):
Event: 139.206 GC heap before
{Heap before GC invocations=79 (full 0):
 garbage-first heap   total 1261568K, used 1034240K [0x0000000700000000, 0x0000000800000000)
  region size 2048K, 205 young (419840K), 18 survivors (36864K)
 Metaspace       used 172015K, committed 173248K, reserved 1245184K
  class space    used 22861K, committed 23424K, reserved 1048576K
}
Event: 139.248 GC heap after
{Heap after GC invocations=80 (full 0):
 garbage-first heap   total 1476608K, used 656215K [0x0000000700000000, 0x0000000800000000)
  region size 2048K, 11 young (22528K), 11 survivors (22528K)
 Metaspace       used 172015K, committed 173248K, reserved 1245184K
  class space    used 22861K, committed 23424K, reserved 1048576K
}
Event: 140.527 GC heap before
{Heap before GC invocations=80 (full 0):
 garbage-first heap   total 1476608K, used 1213271K [0x0000000700000000, 0x0000000800000000)
  region size 2048K, 283 young (579584K), 11 survivors (22528K)
 Metaspace       used 172146K, committed 173504K, reserved 1245184K
  class space    used 22870K, committed 23488K, reserved 1048576K
}
Event: 140.565 GC heap after
{Heap after GC invocations=81 (full 0):
 garbage-first heap   total 1476608K, used 674716K [0x0000000700000000, 0x0000000800000000)
  region size 2048K, 20 young (40960K), 20 survivors (40960K)
 Metaspace       used 172146K, committed 173504K, reserved 1245184K
  class space    used 22870K, committed 23488K, reserved 1048576K
}
Event: 141.749 GC heap before
{Heap before GC invocations=81 (full 0):
 garbage-first heap   total 1476608K, used 1223580K [0x0000000700000000, 0x0000000800000000)
  region size 2048K, 288 young (589824K), 20 survivors (40960K)
 Metaspace       used 172209K, committed 173568K, reserved 1245184K
  class space    used 22871K, committed 23488K, reserved 1048576K
}
Event: 141.817 GC heap after
{Heap after GC invocations=82 (full 0):
 garbage-first heap   total 1476608K, used 689545K [0x0000000700000000, 0x0000000800000000)
  region size 2048K, 21 young (43008K), 21 survivors (43008K)
 Metaspace       used 172209K, committed 173568K, reserved 1245184K
  class space    used 22871K, committed 23488K, reserved 1048576K
}
Event: 142.960 GC heap before
{Heap before GC invocations=82 (full 0):
 garbage-first heap   total 1476608K, used 1236361K [0x0000000700000000, 0x0000000800000000)
  region size 2048K, 288 young (589824K), 21 survivors (43008K)
 Metaspace       used 172246K, committed 173632K, reserved 1245184K
  class space    used 22872K, committed 23488K, reserved 1048576K
}
Event: 143.005 GC heap after
{Heap after GC invocations=83 (full 0):
 garbage-first heap   total 1476608K, used 692354K [0x0000000700000000, 0x0000000800000000)
  region size 2048K, 20 young (40960K), 20 survivors (40960K)
 Metaspace       used 172246K, committed 173632K, reserved 1245184K
  class space    used 22872K, committed 23488K, reserved 1048576K
}
Event: 144.081 GC heap before
{Heap before GC invocations=83 (full 0):
 garbage-first heap   total 1476608K, used 1247362K [0x0000000700000000, 0x0000000800000000)
  region size 2048K, 292 young (598016K), 20 survivors (40960K)
 Metaspace       used 172326K, committed 173696K, reserved 1245184K
  class space    used 22875K, committed 23488K, reserved 1048576K
}
Event: 144.125 GC heap after
{Heap after GC invocations=84 (full 0):
 garbage-first heap   total 1476608K, used 697330K [0x0000000700000000, 0x0000000800000000)
  region size 2048K, 22 young (45056K), 22 survivors (45056K)
 Metaspace       used 172326K, committed 173696K, reserved 1245184K
  class space    used 22875K, committed 23488K, reserved 1048576K
}
Event: 145.059 GC heap before
{Heap before GC invocations=84 (full 0):
 garbage-first heap   total 1476608K, used 1252338K [0x0000000700000000, 0x0000000800000000)
  region size 2048K, 293 young (600064K), 22 survivors (45056K)
 Metaspace       used 172351K, committed 173696K, reserved 1245184K
  class space    used 22875K, committed 23488K, reserved 1048576K
}
Event: 145.097 GC heap after
{Heap after GC invocations=85 (full 0):
 garbage-first heap   total 1476608K, used 694740K [0x0000000700000000, 0x0000000800000000)
  region size 2048K, 18 young (36864K), 18 survivors (36864K)
 Metaspace       used 172351K, committed 173696K, reserved 1245184K
  class space    used 22875K, committed 23488K, reserved 1048576K
}
Event: 146.064 GC heap before
{Heap before GC invocations=85 (full 0):
 garbage-first heap   total 1476608K, used 1253844K [0x0000000700000000, 0x0000000800000000)
  region size 2048K, 291 young (595968K), 18 survivors (36864K)
 Metaspace       used 172364K, committed 173696K, reserved 1245184K
  class space    used 22875K, committed 23488K, reserved 1048576K
}
Event: 146.113 GC heap after
{Heap after GC invocations=86 (full 0):
 garbage-first heap   total 1476608K, used 711800K [0x0000000700000000, 0x0000000800000000)
  region size 2048K, 26 young (53248K), 26 survivors (53248K)
 Metaspace       used 172364K, committed 173696K, reserved 1245184K
  class space    used 22875K, committed 23488K, reserved 1048576K
}
Event: 147.441 GC heap before
{Heap before GC invocations=86 (full 0):
 garbage-first heap   total 1476608K, used 1256568K [0x0000000700000000, 0x0000000800000000)
  region size 2048K, 292 young (598016K), 26 survivors (53248K)
 Metaspace       used 172621K, committed 173952K, reserved 1245184K
  class space    used 22903K, committed 23488K, reserved 1048576K
}
Event: 147.499 GC heap after
{Heap after GC invocations=87 (full 0):
 garbage-first heap   total 1476608K, used 718903K [0x0000000700000000, 0x0000000800000000)
  region size 2048K, 23 young (47104K), 23 survivors (47104K)
 Metaspace       used 172621K, committed 173952K, reserved 1245184K
  class space    used 22903K, committed 23488K, reserved 1048576K
}
Event: 148.622 GC heap before
{Heap before GC invocations=87 (full 0):
 garbage-first heap   total 1476608K, used 1263671K [0x0000000700000000, 0x0000000800000000)
  region size 2048K, 289 young (591872K), 23 survivors (47104K)
 Metaspace       used 172718K, committed 174016K, reserved 1245184K
  class space    used 22905K, committed 23488K, reserved 1048576K
}
Event: 148.682 GC heap after
{Heap after GC invocations=88 (full 0):
 garbage-first heap   total 1476608K, used 744516K [0x0000000700000000, 0x0000000800000000)
  region size 2048K, 27 young (55296K), 27 survivors (55296K)
 Metaspace       used 172718K, committed 174016K, reserved 1245184K
  class space    used 22905K, committed 23488K, reserved 1048576K
}
Event: 149.822 GC heap before
{Heap before GC invocations=88 (full 0):
 garbage-first heap   total 1476608K, used 1256516K [0x0000000700000000, 0x0000000800000000)
  region size 2048K, 277 young (567296K), 27 survivors (55296K)
 Metaspace       used 172729K, committed 174080K, reserved 1245184K
  class space    used 22905K, committed 23488K, reserved 1048576K
}
Event: 149.879 GC heap after
{Heap after GC invocations=89 (full 0):
 garbage-first heap   total 1476608K, used 763969K [0x0000000700000000, 0x0000000800000000)
  region size 2048K, 29 young (59392K), 29 survivors (59392K)
 Metaspace       used 172729K, committed 174080K, reserved 1245184K
  class space    used 22905K, committed 23488K, reserved 1048576K
}

Dll operation events (3 events):
Event: 0.021 Loaded shared library C:\Program Files\Android\Android Studio\jbr\bin\java.dll
Event: 0.283 Loaded shared library C:\Program Files\Android\Android Studio\jbr\bin\zip.dll
Event: 0.994 Loaded shared library C:\Program Files\Android\Android Studio\jbr\bin\verify.dll

Deoptimization events (20 events):
Event: 149.659 Thread 0x000002aadd7c28d0 DEOPT PACKING pc=0x000002aab945cb3e sp=0x000000f4585fbbc0
Event: 149.659 Thread 0x000002aadd7c28d0 DEOPT UNPACKING pc=0x000002aabd567143 sp=0x000000f4585fb4b8 mode 0
Event: 149.691 Thread 0x000002aad94c26b0 DEOPT PACKING pc=0x000002aab9529bb6 sp=0x000000f44dbfc050
Event: 149.691 Thread 0x000002aad94c26b0 DEOPT UNPACKING pc=0x000002aabd567143 sp=0x000000f44dbfb558 mode 0
Event: 149.692 Thread 0x000002aad94c26b0 DEOPT PACKING pc=0x000002aab93be7f8 sp=0x000000f44dbfbff0
Event: 149.692 Thread 0x000002aad94c26b0 DEOPT UNPACKING pc=0x000002aabd567143 sp=0x000000f44dbfb558 mode 0
Event: 149.768 Thread 0x000002aad9acfa70 DEOPT PACKING pc=0x000002aab9443fbc sp=0x000000f453dfbe80
Event: 149.768 Thread 0x000002aad9acfa70 DEOPT UNPACKING pc=0x000002aabd567143 sp=0x000000f453dfb498 mode 0
Event: 149.811 Thread 0x000002aadd7c28d0 DEOPT PACKING pc=0x000002aab945bd73 sp=0x000000f4585fbbc0
Event: 149.811 Thread 0x000002aadd7c28d0 DEOPT UNPACKING pc=0x000002aabd567143 sp=0x000000f4585fb4b8 mode 0
Event: 149.970 Thread 0x000002aadc1e1fd0 DEOPT PACKING pc=0x000002aab9443fbc sp=0x000000f4586fc270
Event: 149.970 Thread 0x000002aadc1e1fd0 DEOPT UNPACKING pc=0x000002aabd567143 sp=0x000000f4586fb888 mode 0
Event: 150.015 Thread 0x000002aadc1e1fd0 DEOPT PACKING pc=0x000002aab9529bb6 sp=0x000000f4586fc2b0
Event: 150.015 Thread 0x000002aadc1e1fd0 DEOPT UNPACKING pc=0x000002aabd567143 sp=0x000000f4586fb7b8 mode 0
Event: 150.057 Thread 0x000002aadd7c28d0 DEOPT PACKING pc=0x000002aab945bd73 sp=0x000000f4585fbbc0
Event: 150.057 Thread 0x000002aadd7c28d0 DEOPT UNPACKING pc=0x000002aabd567143 sp=0x000000f4585fb4b8 mode 0
Event: 150.121 Thread 0x000002aad94c26b0 Uncommon trap: trap_request=0xffffff45 fr.pc=0x000002aabed9d8b4 relative=0x0000000000006e34
Event: 150.121 Thread 0x000002aad94c26b0 Uncommon trap: reason=unstable_if action=reinterpret pc=0x000002aabed9d8b4 method=com.android.tools.r8.internal.A7.d(Lcom/android/tools/r8/internal/At;)Lcom/android/tools/r8/internal/v7; @ 371 c2
Event: 150.121 Thread 0x000002aad94c26b0 DEOPT PACKING pc=0x000002aabed9d8b4 sp=0x000000f44dbfc340
Event: 150.121 Thread 0x000002aad94c26b0 DEOPT UNPACKING pc=0x000002aabd5669a3 sp=0x000000f44dbfc318 mode 2

Classes unloaded (0 events):
No events

Classes redefined (0 events):
No events

Internal exceptions (20 events):
Event: 131.999 Thread 0x000002aadc1e1fd0 Exception <a 'java/lang/NoSuchMethodError'{0x0000000728688f98}: 'java.lang.Object java.lang.invoke.Invokers$Holder.linkToTargetMethod(java.lang.Object, java.lang.Object, java.lang.Object, java.lang.Object, java.lang.Object, java.lang.Object, java.lang.Object, java.lang.Object, java.lang.Object)'> (0x0000000728688f98) 
thrown [s\src\hotspot\share\interpreter\linkResolver.cpp, line 771]
Event: 132.143 Thread 0x000002aad94c26b0 Exception <a 'java/lang/NoSuchMethodError'{0x0000000725f7fc80}: 'java.lang.Object java.lang.invoke.DirectMethodHandle$Holder.invokeInterface(java.lang.Object, java.lang.Object, int)'> (0x0000000725f7fc80) 
thrown [s\src\hotspot\share\interpreter\linkResolver.cpp, line 771]
Event: 132.411 Thread 0x000002aad9ace630 Exception <a 'java/lang/NoSuchMethodError'{0x000000072c2a3e00}: 'void java.lang.invoke.DirectMethodHandle$Holder.invokeStatic(java.lang.Object, java.lang.Object, java.lang.Object, java.lang.Object, java.lang.Object, java.lang.Object, java.lang.Object)'> (0x000000072c2a3e00) 
thrown [s\src\hotspot\share\interpreter\linkResolver.cpp, line 771]
Event: 132.650 Thread 0x000002aadd7c28d0 Exception <a 'java/lang/IncompatibleClassChangeError'{0x0000000728b98538}: Found class java.lang.Object, but interface was expected> (0x0000000728b98538) 
thrown [s\src\hotspot\share\interpreter\linkResolver.cpp, line 838]
Event: 132.653 Thread 0x000002aadd7c28d0 Exception <a 'java/lang/NoSuchMethodError'{0x0000000728ba9c58}: 'void java.lang.invoke.DirectMethodHandle$Holder.invokeSpecialIFC(java.lang.Object, java.lang.Object, java.lang.Object, java.lang.Object)'> (0x0000000728ba9c58) 
thrown [s\src\hotspot\share\interpreter\linkResolver.cpp, line 771]
Event: 133.037 Thread 0x000002aadc1e1fd0 Exception <a 'java/lang/NoSuchMethodError'{0x000000072c03fce0}: 'void java.lang.invoke.DirectMethodHandle$Holder.invokeSpecial(java.lang.Object, java.lang.Object, java.lang.Object, int, java.lang.Object, java.lang.Object, java.lang.Object, java.lang.Object)'> (0x000000072c03fce0) 
thrown [s\src\hotspot\share\interpreter\linkResolver.cpp, line 771]
Event: 133.048 Thread 0x000002aadc1e1fd0 Exception <a 'java/lang/NoSuchMethodError'{0x000000072c1064b0}: 'void java.lang.invoke.DirectMethodHandle$Holder.invokeStatic(java.lang.Object, java.lang.Object, java.lang.Object, java.lang.Object, java.lang.Object, java.lang.Object, java.lang.Object, java.lang.Object)'> (0x000000072c1064b0) 
thrown [s\src\hotspot\share\interpreter\linkResolver.cpp, line 771]
Event: 133.213 Thread 0x000002aadd7c28d0 Exception <a 'java/lang/NoSuchMethodError'{0x0000000728d44c18}: 'java.lang.Object java.lang.invoke.DirectMethodHandle$Holder.invokeSpecial(java.lang.Object, java.lang.Object, int, java.lang.Object, java.lang.Object, java.lang.Object)'> (0x0000000728d44c18) 
thrown [s\src\hotspot\share\interpreter\linkResolver.cpp, line 771]
Event: 133.592 Thread 0x000002aadc1e1fd0 Exception <a 'java/lang/IncompatibleClassChangeError'{0x000000074b111e80}: Found class java.lang.Object, but interface was expected> (0x000000074b111e80) 
thrown [s\src\hotspot\share\interpreter\linkResolver.cpp, line 838]
Event: 133.814 Thread 0x000002aadc1e1fd0 Exception <a 'java/lang/NoSuchMethodError'{0x000000074827fbe8}: 'void java.lang.invoke.DirectMethodHandle$Holder.invokeSpecial(java.lang.Object, java.lang.Object, int)'> (0x000000074827fbe8) 
thrown [s\src\hotspot\share\interpreter\linkResolver.cpp, line 771]
Event: 134.806 Thread 0x000002aad9ace630 Implicit null exception at 0x000002aabe88d79c to 0x000002aabe88ea54
Event: 134.879 Thread 0x000002aadd7c28d0 Implicit null exception at 0x000002aabe67e0bc to 0x000002aabe681bc8
Event: 135.089 Thread 0x000002aadd7c28d0 Implicit null exception at 0x000002aabe414d10 to 0x000002aabe415d34
Event: 135.136 Thread 0x000002aadd7c28d0 Implicit null exception at 0x000002aabe6fab52 to 0x000002aabe6faca0
Event: 135.370 Thread 0x000002aadd7c28d0 Exception <a 'java/lang/NoSuchMethodError'{0x000000074b5af888}: 'java.lang.Object java.lang.invoke.DirectMethodHandle$Holder.newInvokeSpecial(java.lang.Object, int, java.lang.Object, java.lang.Object)'> (0x000000074b5af888) 
thrown [s\src\hotspot\share\interpreter\linkResolver.cpp, line 771]
Event: 135.414 Thread 0x000002aadd7c28d0 Implicit null exception at 0x000002aabe184ccf to 0x000002aabe184de8
Event: 135.597 Thread 0x000002aadd7c28d0 Exception <a 'java/lang/NoSuchMethodError'{0x00000007458e5988}: 'java.lang.Object java.lang.invoke.DirectMethodHandle$Holder.invokeVirtual(java.lang.Object, java.lang.Object, java.lang.Object, int)'> (0x00000007458e5988) 
thrown [s\src\hotspot\share\interpreter\linkResolver.cpp, line 771]
Event: 135.598 Thread 0x000002aadd7c28d0 Exception <a 'java/lang/NoSuchMethodError'{0x00000007458ecd68}: 'java.lang.Object java.lang.invoke.DirectMethodHandle$Holder.invokeVirtual(java.lang.Object, java.lang.Object, int, java.lang.Object, java.lang.Object, int)'> (0x00000007458ecd68) 
thrown [s\src\hotspot\share\interpreter\linkResolver.cpp, line 771]
Event: 135.694 Thread 0x000002aad9acfa70 Exception <a 'java/lang/NoSuchMethodError'{0x0000000741335b28}: 'int java.lang.invoke.DirectMethodHandle$Holder.invokeInterface(java.lang.Object, java.lang.Object, int)'> (0x0000000741335b28) 
thrown [s\src\hotspot\share\interpreter\linkResolver.cpp, line 771]
Event: 141.890 Thread 0x000002aadd7c28d0 Implicit null exception at 0x000002aabed8f784 to 0x000002aabed9580c

VM Operations (20 events):
Event: 144.080 Executing VM operation: G1CollectForAllocation
Event: 144.135 Executing VM operation: G1CollectForAllocation done
Event: 145.048 Executing VM operation: G1CollectForAllocation
Event: 145.098 Executing VM operation: G1CollectForAllocation done
Event: 145.206 Executing VM operation: HandshakeAllThreads
Event: 145.245 Executing VM operation: HandshakeAllThreads done
Event: 146.053 Executing VM operation: G1CollectForAllocation
Event: 146.118 Executing VM operation: G1CollectForAllocation done
Event: 147.122 Executing VM operation: Cleanup
Event: 147.153 Executing VM operation: Cleanup done
Event: 147.425 Executing VM operation: G1CollectForAllocation
Event: 147.500 Executing VM operation: G1CollectForAllocation done
Event: 148.503 Executing VM operation: Cleanup
Event: 148.533 Executing VM operation: Cleanup done
Event: 148.622 Executing VM operation: G1CollectForAllocation
Event: 148.686 Executing VM operation: G1CollectForAllocation done
Event: 148.968 Executing VM operation: HandshakeAllThreads
Event: 149.061 Executing VM operation: HandshakeAllThreads done
Event: 149.822 Executing VM operation: G1CollectForAllocation
Event: 149.883 Executing VM operation: G1CollectForAllocation done

Events (20 events):
Event: 145.313 Thread 0x000002aad17b6130 flushing nmethod 0x000002aab90c9510
Event: 145.314 Thread 0x000002aad17b6130 flushing nmethod 0x000002aab91c6990
Event: 145.314 Thread 0x000002aad17b6130 flushing nmethod 0x000002aab926d290
Event: 145.316 Thread 0x000002aad17b6130 flushing nmethod 0x000002aab933ba10
Event: 145.318 Thread 0x000002aad17b6130 flushing nmethod 0x000002aab95b9a90
Event: 145.319 Thread 0x000002aad17b6130 flushing nmethod 0x000002aab965ee10
Event: 145.321 Thread 0x000002aad17b6130 flushing nmethod 0x000002aab983ae90
Event: 145.321 Thread 0x000002aad17b6130 flushing nmethod 0x000002aab9879f10
Event: 145.321 Thread 0x000002aad17b6130 flushing nmethod 0x000002aab987ee10
Event: 145.321 Thread 0x000002aad17b6130 flushing nmethod 0x000002aab98ef290
Event: 145.322 Thread 0x000002aad17b6130 flushing nmethod 0x000002aab99e9a90
Event: 149.128 Thread 0x000002aad17b6130 flushing nmethod 0x000002aab8e02490
Event: 149.129 Thread 0x000002aad17b6130 flushing nmethod 0x000002aab8e99390
Event: 149.129 Thread 0x000002aad17b6130 flushing nmethod 0x000002aab8ec6210
Event: 149.137 Thread 0x000002aad17b6130 flushing nmethod 0x000002aab8ffad90
Event: 149.140 Thread 0x000002aad17b6130 flushing nmethod 0x000002aab90a3610
Event: 149.145 Thread 0x000002aad17b6130 flushing nmethod 0x000002aab930ca10
Event: 149.148 Thread 0x000002aad17b6130 flushing nmethod 0x000002aab942b410
Event: 149.155 Thread 0x000002aad17b6130 flushing nmethod 0x000002aab98b5910
Event: 149.155 Thread 0x000002aad17b6130 flushing nmethod 0x000002aab98f7690


Dynamic libraries:
0x00007ff6a1ce0000 - 0x00007ff6a1cea000 	C:\Program Files\Android\Android Studio\jbr\bin\java.exe
0x00007ffc52650000 - 0x00007ffc52848000 	C:\WINDOWS\SYSTEM32\ntdll.dll
0x00007ffc50e50000 - 0x00007ffc50f12000 	C:\WINDOWS\System32\KERNEL32.DLL
0x00007ffc50020000 - 0x00007ffc50316000 	C:\WINDOWS\System32\KERNELBASE.dll
0x00007ffc50570000 - 0x00007ffc50670000 	C:\WINDOWS\System32\ucrtbase.dll
0x00007ffc3f6e0000 - 0x00007ffc3f6f7000 	C:\Program Files\Android\Android Studio\jbr\bin\jli.dll
0x00007ffc3e310000 - 0x00007ffc3e32b000 	C:\Program Files\Android\Android Studio\jbr\bin\VCRUNTIME140.dll
0x00007ffc52380000 - 0x00007ffc52521000 	C:\WINDOWS\System32\USER32.dll
0x00007ffc3dcd0000 - 0x00007ffc3df6b000 	C:\WINDOWS\WinSxS\amd64_microsoft.windows.common-controls_6595b64144ccf1df_6.0.19041.6456_none_60b8a6cb71f64256\COMCTL32.dll
0x00007ffc503a0000 - 0x00007ffc503c2000 	C:\WINDOWS\System32\win32u.dll
0x00007ffc52210000 - 0x00007ffc522ae000 	C:\WINDOWS\System32\msvcrt.dll
0x00007ffc51710000 - 0x00007ffc5173b000 	C:\WINDOWS\System32\GDI32.dll
0x00007ffc4fe40000 - 0x00007ffc4ff59000 	C:\WINDOWS\System32\gdi32full.dll
0x00007ffc504d0000 - 0x00007ffc5056d000 	C:\WINDOWS\System32\msvcp_win.dll
0x00007ffc52530000 - 0x00007ffc5255f000 	C:\WINDOWS\System32\IMM32.DLL
0x00007ffc3fbd0000 - 0x00007ffc3fbdc000 	C:\Program Files\Android\Android Studio\jbr\bin\vcruntime140_1.dll
0x00007ffbae170000 - 0x00007ffbae1fd000 	C:\Program Files\Android\Android Studio\jbr\bin\msvcp140.dll
0x00007ffbc7300000 - 0x00007ffbc7f83000 	C:\Program Files\Android\Android Studio\jbr\bin\server\jvm.dll
0x00007ffc51ce0000 - 0x00007ffc51d91000 	C:\WINDOWS\System32\ADVAPI32.dll
0x00007ffc50d50000 - 0x00007ffc50def000 	C:\WINDOWS\System32\sechost.dll
0x00007ffc51820000 - 0x00007ffc51940000 	C:\WINDOWS\System32\RPCRT4.dll
0x00007ffc4ff60000 - 0x00007ffc4ff87000 	C:\WINDOWS\System32\bcrypt.dll
0x00007ffc4fb40000 - 0x00007ffc4fb8b000 	C:\WINDOWS\SYSTEM32\POWRPROF.dll
0x00007ffc3bc20000 - 0x00007ffc3bc47000 	C:\WINDOWS\SYSTEM32\WINMM.dll
0x00007ffc43550000 - 0x00007ffc4355a000 	C:\WINDOWS\SYSTEM32\VERSION.dll
0x00007ffc4cbc0000 - 0x00007ffc4cbc9000 	C:\WINDOWS\SYSTEM32\WSOCK32.dll
0x00007ffc51940000 - 0x00007ffc519ab000 	C:\WINDOWS\System32\ws2_32.DLL
0x00007ffc4fb20000 - 0x00007ffc4fb32000 	C:\WINDOWS\SYSTEM32\UMPDC.dll
0x00007ffc4e4f0000 - 0x00007ffc4e502000 	C:\WINDOWS\SYSTEM32\kernel.appcore.dll
0x00007ffc4cbb0000 - 0x00007ffc4cbba000 	C:\Program Files\Android\Android Studio\jbr\bin\jimage.dll
0x00007ffc3c3a0000 - 0x00007ffc3c5a1000 	C:\WINDOWS\SYSTEM32\DBGHELP.DLL
0x00007ffc37c40000 - 0x00007ffc37c74000 	C:\WINDOWS\SYSTEM32\dbgcore.DLL
0x00007ffc4ff90000 - 0x00007ffc50012000 	C:\WINDOWS\System32\bcryptPrimitives.dll
0x00007ffc4cba0000 - 0x00007ffc4cbae000 	C:\Program Files\Android\Android Studio\jbr\bin\instrument.dll
0x00007ffc3e740000 - 0x00007ffc3e765000 	C:\Program Files\Android\Android Studio\jbr\bin\java.dll
0x00007ffc3e720000 - 0x00007ffc3e738000 	C:\Program Files\Android\Android Studio\jbr\bin\zip.dll
0x00007ffc50f80000 - 0x00007ffc516f0000 	C:\WINDOWS\System32\SHELL32.dll
0x00007ffc4dd30000 - 0x00007ffc4e4d5000 	C:\WINDOWS\SYSTEM32\windows.storage.dll
0x00007ffc508d0000 - 0x00007ffc50c24000 	C:\WINDOWS\System32\combase.dll
0x00007ffc4f630000 - 0x00007ffc4f65b000 	C:\WINDOWS\SYSTEM32\Wldp.dll
0x00007ffc522b0000 - 0x00007ffc5237d000 	C:\WINDOWS\System32\OLEAUT32.dll
0x00007ffc52560000 - 0x00007ffc5260d000 	C:\WINDOWS\System32\SHCORE.dll
0x00007ffc51c80000 - 0x00007ffc51cdb000 	C:\WINDOWS\System32\shlwapi.dll
0x00007ffc4fc10000 - 0x00007ffc4fc34000 	C:\WINDOWS\SYSTEM32\profapi.dll
0x00007ffc3e520000 - 0x00007ffc3e539000 	C:\Program Files\Android\Android Studio\jbr\bin\net.dll
0x00007ffc478e0000 - 0x00007ffc479ea000 	C:\WINDOWS\SYSTEM32\WINHTTP.dll
0x00007ffc4f390000 - 0x00007ffc4f3fa000 	C:\WINDOWS\system32\mswsock.dll
0x00007ffc3e500000 - 0x00007ffc3e516000 	C:\Program Files\Android\Android Studio\jbr\bin\nio.dll
0x00007ffc4bca0000 - 0x00007ffc4bcb0000 	C:\Program Files\Android\Android Studio\jbr\bin\verify.dll
0x00007ffc3a200000 - 0x00007ffc3a227000 	C:\Users\a\.gradle\native\1def1411415f61bf3af743bc5b6707747c0891f09f0c88961ee8f79bc544acac\windows-amd64\native-platform.dll
0x00007ffc26e40000 - 0x00007ffc26eb8000 	C:\Users\a\.gradle\native\0.2.7\x86_64-windows-gnu\gradle-fileevents.dll
0x00007ffc4c6c0000 - 0x00007ffc4c6c9000 	C:\Program Files\Android\Android Studio\jbr\bin\management.dll
0x00007ffc4bd40000 - 0x00007ffc4bd4b000 	C:\Program Files\Android\Android Studio\jbr\bin\management_ext.dll
0x00007ffc51c70000 - 0x00007ffc51c78000 	C:\WINDOWS\System32\PSAPI.DLL
0x00007ffc4f070000 - 0x00007ffc4f0ab000 	C:\WINDOWS\SYSTEM32\IPHLPAPI.DLL
0x00007ffc51ab0000 - 0x00007ffc51ab8000 	C:\WINDOWS\System32\NSI.dll
0x00007ffc48800000 - 0x00007ffc48817000 	C:\WINDOWS\SYSTEM32\dhcpcsvc6.DLL
0x00007ffc4a400000 - 0x00007ffc4a41d000 	C:\WINDOWS\SYSTEM32\dhcpcsvc.DLL
0x00007ffc4f0b0000 - 0x00007ffc4f17a000 	C:\WINDOWS\SYSTEM32\DNSAPI.dll
0x00007ffc4f590000 - 0x00007ffc4f5a8000 	C:\WINDOWS\SYSTEM32\CRYPTSP.dll
0x00007ffc4ecb0000 - 0x00007ffc4ece8000 	C:\WINDOWS\system32\rsaenh.dll
0x00007ffc4fbd0000 - 0x00007ffc4fbfe000 	C:\WINDOWS\SYSTEM32\USERENV.dll
0x00007ffc4f580000 - 0x00007ffc4f58c000 	C:\WINDOWS\SYSTEM32\CRYPTBASE.dll
0x00007ffc4c0f0000 - 0x00007ffc4c0f7000 	C:\WINDOWS\system32\wshunix.dll
0x00007ffc3f260000 - 0x00007ffc3f26a000 	C:\Windows\System32\rasadhlp.dll
0x00007ffc3fc90000 - 0x00007ffc3fd10000 	C:\WINDOWS\System32\fwpuclnt.dll
0x00007ffc4ef00000 - 0x00007ffc4ef33000 	C:\WINDOWS\SYSTEM32\ntmarta.dll

dbghelp: loaded successfully - version: 4.0.5 - missing functions: none
symbol engine: initialized successfully - sym options: 0x614 - pdb path: .;C:\Program Files\Android\Android Studio\jbr\bin;C:\WINDOWS\SYSTEM32;C:\WINDOWS\WinSxS\amd64_microsoft.windows.common-controls_6595b64144ccf1df_6.0.19041.6456_none_60b8a6cb71f64256;C:\Program Files\Android\Android Studio\jbr\bin\server;C:\Users\a\.gradle\native\1def1411415f61bf3af743bc5b6707747c0891f09f0c88961ee8f79bc544acac\windows-amd64;C:\Users\a\.gradle\native\0.2.7\x86_64-windows-gnu

VM Arguments:
jvm_args: --add-opens=java.base/java.lang=ALL-UNNAMED --add-opens=java.base/java.lang.invoke=ALL-UNNAMED --add-opens=java.base/java.util=ALL-UNNAMED --add-opens=java.prefs/java.util.prefs=ALL-UNNAMED --add-exports=jdk.compiler/com.sun.tools.javac.api=ALL-UNNAMED --add-exports=jdk.compiler/com.sun.tools.javac.util=ALL-UNNAMED --add-opens=java.base/java.util=ALL-UNNAMED --add-opens=java.prefs/java.util.prefs=ALL-UNNAMED --add-opens=java.base/java.nio.charset=ALL-UNNAMED --add-opens=java.base/java.net=ALL-UNNAMED --add-opens=java.base/java.util.concurrent.atomic=ALL-UNNAMED --add-opens=java.xml/javax.xml.namespace=ALL-UNNAMED -Xmx4096m -Dfile.encoding=windows-1252 -Duser.country=AU -Duser.language=en -Duser.variant -javaagent:C:\Users\a\.gradle\wrapper\dists\gradle-8.14.3-bin\40dfek2kz346l18gf9ltjsnyd\gradle-8.14.3\lib\agents\gradle-instrumentation-agent-8.14.3.jar 
java_command: org.gradle.launcher.daemon.bootstrap.GradleDaemon 8.14.3
java_class_path (initial): C:\Users\a\.gradle\wrapper\dists\gradle-8.14.3-bin\40dfek2kz346l18gf9ltjsnyd\gradle-8.14.3\lib\gradle-daemon-main-8.14.3.jar
Launcher Type: SUN_STANDARD

[Global flags]
     intx CICompilerCount                          = 4                                         {product} {ergonomic}
     uint ConcGCThreads                            = 2                                         {product} {ergonomic}
     uint G1ConcRefinementThreads                  = 8                                         {product} {ergonomic}
   size_t G1HeapRegionSize                         = 2097152                                   {product} {ergonomic}
    uintx GCDrainStackTargetSize                   = 64                                        {product} {ergonomic}
   size_t InitialHeapSize                          = 268435456                                 {product} {ergonomic}
   size_t MarkStackSize                            = 4194304                                   {product} {ergonomic}
   size_t MaxHeapSize                              = 4294967296                                {product} {command line}
   size_t MaxNewSize                               = 2575302656                                {product} {ergonomic}
   size_t MinHeapDeltaBytes                        = 2097152                                   {product} {ergonomic}
   size_t MinHeapSize                              = 8388608                                   {product} {ergonomic}
    uintx NonNMethodCodeHeapSize                   = 5839372                                {pd product} {ergonomic}
    uintx NonProfiledCodeHeapSize                  = 122909434                              {pd product} {ergonomic}
    uintx ProfiledCodeHeapSize                     = 122909434                              {pd product} {ergonomic}
    uintx ReservedCodeCacheSize                    = 251658240                              {pd product} {ergonomic}
     bool SegmentedCodeCache                       = true                                      {product} {ergonomic}
   size_t SoftMaxHeapSize                          = 4294967296                             {manageable} {ergonomic}
     bool UseCompressedClassPointers               = true                           {product lp64_product} {ergonomic}
     bool UseCompressedOops                        = true                           {product lp64_product} {ergonomic}
     bool UseG1GC                                  = true                                      {product} {ergonomic}
     bool UseLargePagesIndividualAllocation        = false                                  {pd product} {ergonomic}

Logging:
Log output configuration:
 #0: stdout all=warning uptime,level,tags
 #1: stderr all=off uptime,level,tags

Environment Variables:
JAVA_HOME=C:\Program Files\Java\jdk-17
PATH=C:\Program Files\Java\jdk-17\bin;C:\Program Files\Common Files\Oracle\Java\javapath;C:\Program Files (x86)\Intel\iCLS Client\;C:\Program Files\Intel\iCLS Client\;C:\WINDOWS\system32;C:\WINDOWS;C:\WINDOWS\System32\Wbem;C:\WINDOWS\System32\WindowsPowerShell\v1.0\;C:\WINDOWS\System32\OpenSSH\;C:\Program Files\dotnet\;C:\Program Files\Git\cmd;C:\Program Files\Java\jdk-17\bin;C:\Users\a\Documents\gradle\gradle-7.5\bin;C:\Users\a\AppData\Local\Android\Sdk\emulator;C:\Users\a\AppData\Local\Android\Sdk\platform-tools;C:\Program Files\MongoDB\Server\8.0\bin;C:\Program Files\PuTTY\;C:\Program Files\Go\bin;C:\Program Files\nodejs\;C:\Program Files\GitHub CLI\;C:\protoc\bin;C:\Program Files\Memurai\;C:\Program Files (x86)\Tencent\??web?????\dll;C:\Users\a\AppData\Local\Programs\Python\Python313\Scripts\;C:\Users\a\AppData\Local\Programs\Python\Python313\;C:\Users\a\AppData\Local\Microsoft\WindowsApps;C:\Users\a\AppData\Local\Programs\Microsoft VS Code\bin;C:\flutter\bin;C:\Users\a\AppData\Local\Android\Sdk;C:\Program Files\Java\jdk-17;C:\maven\bin;C:\Users\a\go\bin;C:\Program Files (x86)\Nmap;C:\Users\a\AppData\Roaming\npm;C:\Users\a\AppData\Local\Pub\Cache\bin;C:\Gradle\bin;C:\Program Files\OpenSSL-Win64\bin;C:\protoc\bin;C:\etcd;
USERNAME=a
OS=Windows_NT
PROCESSOR_IDENTIFIER=Intel64 Family 6 Model 70 Stepping 1, GenuineIntel
TMP=C:\Users\a\AppData\Local\Temp
TEMP=C:\Users\a\AppData\Local\Temp



Periodic native trim disabled

JNI global refs:
JNI global refs: 30, weak refs: 231

JNI global refs memory usage: 843, weak refs: 2737

OOME stack traces (most recent first):
Classloader memory used:
Loader org.gradle.internal.classloader.VisitableURLClassLoader$InstrumentingVisitableURLClassLoader: 7087K
Loader org.gradle.internal.classloader.VisitableURLClassLoader                         : 5851K
Loader bootstrap                                                                       : 3941K
Loader org.gradle.initialization.MixInLegacyTypesClassLoader                           : 1611K
Loader jdk.internal.loader.ClassLoaders$AppClassLoader                                 : 1411K
Loader java.net.URLClassLoader                                                         : 1226K
Loader jdk.internal.reflect.DelegatingClassLoader                                      : 203K
Loader jdk.internal.loader.ClassLoaders$PlatformClassLoader                            : 145K
Loader org.gradle.groovy.scripts.internal.DefaultScriptCompilationHandler$ScriptClassLoader: 86308B
Loader org.gradle.internal.classloader.VisitableURLClassLoader                         : 28536B
Loader org.codehaus.groovy.runtime.callsite.CallSiteClassLoader                        : 1418B

Classes loaded by more than one classloader:
Class Program                                                                         : loaded 10 times (x 70B)
Class Build_gradle$1                                                                  : loaded 5 times (x 72B)
Class Build_gradle$2                                                                  : loaded 5 times (x 72B)
Class Build_gradle                                                                    : loaded 5 times (x 128B)
Class Build_gradle$1$1                                                                : loaded 5 times (x 76B)
Class org.gradle.kotlin.dsl.ImplementationConfigurationAccessorsKt                    : loaded 5 times (x 69B)
Class org.gradle.kotlin.dsl.Accessors7y9hz5zm5pocrb21isjhik2uhKt                      : loaded 5 times (x 69B)
Class Build_gradle$2$1                                                                : loaded 4 times (x 76B)
Class com.google.common.collect.ImmutableSet                                          : loaded 3 times (x 143B)
Class org.apache.commons.io.output.NullOutputStream                                   : loaded 3 times (x 83B)
Class com.google.common.base.Objects                                                  : loaded 3 times (x 69B)
Class com.google.common.collect.SortedMapDifference                                   : loaded 3 times (x 68B)
Class org.apache.commons.io.output.StringBuilderWriter                                : loaded 3 times (x 98B)
Class org.gradle.kotlin.dsl.ApiConfigurationAccessorsKt                               : loaded 3 times (x 69B)
Class org.apache.commons.io.output.QueueOutputStream                                  : loaded 3 times (x 85B)
Class com.google.common.collect.Sets                                                  : loaded 3 times (x 69B)
Class com.google.common.collect.Maps$ViewCachingAbstractMap                           : loaded 3 times (x 123B)
Class com.google.common.collect.AbstractMapEntry                                      : loaded 3 times (x 79B)
Class com.google.common.collect.AbstractIterator                                      : loaded 3 times (x 80B)
Class com.google.common.collect.Iterators$MergingIterator                             : loaded 3 times (x 79B)
Class com.google.common.base.CommonPattern                                            : loaded 3 times (x 72B)
Class org.gradle.kotlin.dsl.Accessors3b22zubz91h1vnit99qiq17ljKt                      : loaded 3 times (x 69B)
Class com.google.common.collect.Maps$EntryTransformer                                 : loaded 3 times (x 68B)
Class org.apache.commons.io.output.AbstractByteArrayOutputStream                      : loaded 3 times (x 100B)
Class com.google.common.collect.Maps$BiMapConverter                                   : loaded 3 times (x 88B)
Class com.google.common.base.Joiner$1                                                 : loaded 3 times (x 78B)
Class org.apache.commons.io.output.UnsynchronizedByteArrayOutputStream                : loaded 3 times (x 100B)
Class com.google.common.base.ExtraObjectsMethodsForWeb                                : loaded 3 times (x 69B)
Class com.google.common.collect.Iterators                                             : loaded 3 times (x 69B)
Class org.apache.commons.io.IOUtils                                                   : loaded 3 times (x 69B)
Class org.apache.commons.io.output.NullWriter                                         : loaded 3 times (x 97B)
Class org.apache.commons.io.CloseableURLConnection                                    : loaded 3 times (x 115B)
Class com.google.common.base.Joiner$2                                                 : loaded 3 times (x 77B)
Class com.google.common.base.Platform                                                 : loaded 3 times (x 69B)
Class Build_gradle$3                                                                  : loaded 3 times (x 76B)
Class com.google.common.collect.MapDifference                                         : loaded 3 times (x 68B)
Class com.google.common.collect.ImmutableEnumSet                                      : loaded 3 times (x 144B)
Class com.google.common.collect.Sets$1                                                : loaded 3 times (x 137B)
Class com.google.common.collect.TransformedIterator                                   : loaded 3 times (x 78B)
Class com.google.common.collect.Sets$3                                                : loaded 3 times (x 137B)
Class com.google.common.collect.Sets$ImprovedAbstractSet                              : loaded 3 times (x 133B)
Class org.apache.commons.io.output.AppendableWriter                                   : loaded 3 times (x 98B)
Class org.apache.commons.io.StandardLineSeparator                                     : loaded 3 times (x 77B)
Class com.google.common.collect.UnmodifiableListIterator                              : loaded 3 times (x 93B)
Class [Lorg.apache.commons.io.StandardLineSeparator;                                  : loaded 3 times (x 67B)
Class com.google.common.collect.AbstractIndexedListIterator                           : loaded 3 times (x 94B)
Class com.google.common.collect.Maps                                                  : loaded 3 times (x 69B)
Class com.google.common.primitives.IntsMethodsForWeb                                  : loaded 3 times (x 69B)
Class com.google.common.collect.CollectPreconditions                                  : loaded 3 times (x 69B)
Class com.google.common.collect.Iterators$9                                           : loaded 3 times (x 79B)
Class com.google.common.base.Function                                                 : loaded 3 times (x 68B)
Class com.google.common.base.Preconditions                                            : loaded 3 times (x 69B)
Class com.google.common.base.Joiner                                                   : loaded 3 times (x 77B)
Class com.google.common.collect.Iterators$5                                           : loaded 3 times (x 80B)
Class com.google.common.collect.Iterators$4                                           : loaded 3 times (x 80B)
Class com.google.common.collect.Lists$StringAsImmutableList                           : loaded 3 times (x 167B)
Class com.google.common.collect.ImmutableEntry                                        : loaded 3 times (x 80B)
Class com.google.common.collect.Iterators$1                                           : loaded 3 times (x 79B)
Class com.google.common.collect.ImmutableList                                         : loaded 3 times (x 166B)
Class Build_gradle$1$2                                                                : loaded 3 times (x 76B)
Class com.google.common.collect.Sets$2                                                : loaded 3 times (x 137B)
Class com.google.common.collect.ImmutableEnumMap                                      : loaded 3 times (x 123B)
Class com.google.common.collect.ImmutableCollection                                   : loaded 3 times (x 123B)
Class org.apache.commons.io.Charsets                                                  : loaded 3 times (x 69B)
Class com.google.common.collect.PeekingIterator                                       : loaded 3 times (x 68B)
Class com.google.common.collect.ForwardingObject                                      : loaded 3 times (x 70B)
Class com.google.common.collect.Sets$4                                                : loaded 3 times (x 137B)
Class com.google.common.base.JdkPattern                                               : loaded 3 times (x 73B)
Class org.apache.commons.io.output.ByteArrayOutputStream                              : loaded 3 times (x 100B)
Class com.google.common.base.Platform$JdkPatternCompiler                              : loaded 3 times (x 73B)
Class com.google.common.collect.UnmodifiableIterator                                  : loaded 3 times (x 78B)
Class com.google.common.base.Strings                                                  : loaded 3 times (x 69B)
Class org.apache.commons.io.output.ThresholdingOutputStream                           : loaded 3 times (x 92B)
Class com.google.common.collect.BiMap                                                 : loaded 3 times (x 68B)
Class com.google.common.collect.Lists                                                 : loaded 3 times (x 69B)
Class com.google.common.collect.Sets$SetView                                          : loaded 3 times (x 136B)
Class com.google.common.collect.Maps$KeySet                                           : loaded 3 times (x 135B)
Class com.google.common.base.PatternCompiler                                          : loaded 3 times (x 68B)
Class com.google.common.collect.Maps$8                                                : loaded 3 times (x 80B)
Class com.google.common.base.Predicate                                                : loaded 3 times (x 68B)
Class com.google.common.primitives.Ints                                               : loaded 3 times (x 69B)
Class com.google.common.base.Equivalence                                              : loaded 3 times (x 80B)
Class com.google.common.collect.Iterators$ArrayItr                                    : loaded 3 times (x 95B)
Class com.google.common.base.Converter                                                : loaded 3 times (x 88B)
Class com.google.common.collect.ImmutableMap                                          : loaded 3 times (x 118B)
Class com.google.common.collect.ImmutableMap$IteratorBasedImmutableMap                : loaded 3 times (x 123B)
Class org.gradle.internal.installation.GradleInstallation$1                           : loaded 2 times (x 73B)
Class com.google.common.collect.Maps$FilteredEntryMap                                 : loaded 2 times (x 126B)
Class com.google.common.cache.LocalCache$AbstractReferenceEntry                       : loaded 2 times (x 105B)
Class org.objectweb.asm.Type                                                          : loaded 2 times (x 70B)
Class com.sun.xml.bind.v2.runtime.reflect.PrimitiveArrayListerFloat                   : loaded 2 times (x 74B)
Class com.google.common.util.concurrent.AbstractFuture$Failure                        : loaded 2 times (x 70B)
Class com.sun.xml.bind.v2.runtime.Location                                            : loaded 2 times (x 68B)
Class [Lcom.google.gson.FieldNamingPolicy;                                            : loaded 2 times (x 67B)
Class com.google.common.base.CharMatcher$BitSetMatcher                                : loaded 2 times (x 110B)
Class com.sun.xml.bind.v2.runtime.property.ArrayERProperty$ReceiverImpl               : loaded 2 times (x 73B)
Class [Ljavax.xml.bind.annotation.XmlAccessType;                                      : loaded 2 times (x 67B)
Class org.gradle.api.internal.DefaultClassPathProvider                                : loaded 2 times (x 74B)
Class kotlin.ranges.IntProgression                                                    : loaded 2 times (x 79B)
Class com.google.common.cache.LocalCache$Segment                                      : loaded 2 times (x 152B)
Class com.google.common.io.Files$FileByteSource                                       : loaded 2 times (x 83B)
Class com.sun.xml.bind.v2.model.annotation.Quick                                      : loaded 2 times (x 86B)
Class kotlin.jvm.internal.CallableReference                                           : loaded 2 times (x 104B)
Class com.sun.xml.bind.v2.model.impl.RuntimeBuiltinLeafInfoImpl$StringImplImpl        : loaded 2 times (x 134B)
Class com.sun.xml.bind.v2.util.TypeCast                                               : loaded 2 times (x 69B)
Class [Lkotlin.LazyThreadSafetyMode;                                                  : loaded 2 times (x 67B)
Class com.android.tools.build.jetifier.core.rule.RewriteRule$JsonData                 : loaded 2 times (x 70B)
Class com.sun.xml.bind.v2.model.impl.ModelBuilder$1                                   : loaded 2 times (x 74B)
Class kotlin.Lazy                                                                     : loaded 2 times (x 68B)
Class com.google.common.collect.ImmutableSet$EmptySetBuilderImpl                      : loaded 2 times (x 74B)
Class kotlin.comparisons.ComparisonsKt                                                : loaded 2 times (x 69B)
Class kotlin.io.FilesKt                                                               : loaded 2 times (x 69B)
Class kotlin.collections.CollectionsKt__CollectionsKt                                 : loaded 2 times (x 69B)
Class com.google.gson.FieldNamingPolicy$1                                             : loaded 2 times (x 81B)
Class com.sun.xml.bind.v2.model.annotation.XmlTransientQuick                          : loaded 2 times (x 88B)
Class com.google.gson.FieldNamingPolicy$2                                             : loaded 2 times (x 81B)
Class com.sun.xml.bind.v2.model.annotation.XmlSchemaQuick                             : loaded 2 times (x 93B)
Class com.sun.xml.bind.api.Bridge                                                     : loaded 2 times (x 83B)
Class com.google.gson.FieldNamingPolicy$3                                             : loaded 2 times (x 81B)
Class kotlin.io.FileSystemException                                                   : loaded 2 times (x 80B)
Class com.google.gson.FieldNamingPolicy$4                                             : loaded 2 times (x 81B)
Class com.sun.xml.bind.v2.runtime.unmarshaller.Receiver                               : loaded 2 times (x 68B)
Class com.google.gson.FieldNamingPolicy$5                                             : loaded 2 times (x 81B)
Class [Lcom.google.common.cache.Weigher;                                              : loaded 2 times (x 67B)
Class com.google.gson.stream.JsonReader$1                                             : loaded 2 times (x 70B)
Class com.google.gson.FieldNamingPolicy$6                                             : loaded 2 times (x 81B)
Class com.google.common.cache.LocalCache$EntryFactory$1                               : loaded 2 times (x 81B)
Class kotlin.collections.ArraysKt__ArraysKt                                           : loaded 2 times (x 69B)
Class com.google.gson.FieldNamingPolicy$7                                             : loaded 2 times (x 81B)
Class com.google.common.cache.LocalCache$EntryFactory$2                               : loaded 2 times (x 81B)
Class com.google.common.cache.LocalCache$EntryFactory$3                               : loaded 2 times (x 81B)
Class com.google.gson.internal.bind.CollectionTypeAdapterFactory                      : loaded 2 times (x 73B)
Class com.google.common.cache.LocalCache$EntryFactory$4                               : loaded 2 times (x 81B)
Class com.google.common.cache.LocalCache$EntryFactory$5                               : loaded 2 times (x 81B)
Class com.google.common.cache.LocalCache$EntryFactory$6                               : loaded 2 times (x 81B)
Class com.google.common.cache.LocalCache$EntryFactory$7                               : loaded 2 times (x 81B)
Class com.google.gson.ToNumberStrategy                                                : loaded 2 times (x 68B)
Class com.google.common.cache.LocalCache$EntryFactory$8                               : loaded 2 times (x 81B)
Class com.sun.xml.bind.v2.runtime.reflect.PrimitiveArrayListerByte                    : loaded 2 times (x 74B)
Class kotlin.reflect.KDeclarationContainer                                            : loaded 2 times (x 68B)
Class com.google.common.base.Splitter                                                 : loaded 2 times (x 70B)
Class kotlin.text.StringsKt                                                           : loaded 2 times (x 69B)
Class com.google.common.cache.LocalCache$StrongValueReference                         : loaded 2 times (x 88B)
Class javax.xml.bind.PropertyException                                                : loaded 2 times (x 83B)
Class org.gradle.internal.classloader.FilteringClassLoader                            : loaded 2 times (x 103B)
Class com.google.common.collect.AbstractMapBasedMultimap$WrappedCollection            : loaded 2 times (x 122B)
Class com.sun.xml.bind.v2.runtime.reflect.PrimitiveArrayListerDouble                  : loaded 2 times (x 74B)
Class com.sun.xml.bind.v2.runtime.property.ArrayReferenceNodeProperty$MixedTextLoader : loaded 2 times (x 76B)
Class com.google.common.collect.RegularImmutableSet                                   : loaded 2 times (x 146B)
Class com.sun.xml.bind.v2.runtime.JAXBContextImpl$1                                   : loaded 2 times (x 76B)
Class kotlin.jvm.internal.Lambda                                                      : loaded 2 times (x 73B)
Class com.sun.xml.bind.v2.runtime.unmarshaller.XmlVisitor$TextPredictor               : loaded 2 times (x 68B)
Class com.sun.xml.bind.v2.runtime.JAXBContextImpl$2                                   : loaded 2 times (x 76B)
Class javax.xml.bind.annotation.XmlRootElement                                        : loaded 2 times (x 68B)
Class com.sun.xml.bind.v2.runtime.JAXBContextImpl$3                                   : loaded 2 times (x 72B)
Class com.sun.xml.bind.v2.runtime.JAXBContextImpl$5                                   : loaded 2 times (x 72B)
Class com.sun.xml.bind.v2.model.runtime.RuntimeEnumLeafInfo                           : loaded 2 times (x 68B)
Class com.sun.xml.bind.v2.runtime.JAXBContextImpl$6                                   : loaded 2 times (x 89B)
Class kotlin.reflect.KCallable                                                        : loaded 2 times (x 68B)
Class com.sun.xml.bind.v2.runtime.LifecycleMethods                                    : loaded 2 times (x 70B)
Class com.sun.xml.bind.v2.model.impl.PropertyInfoImpl                                 : loaded 2 times (x 106B)
Class [Lcom.google.common.cache.LocalCache$Strength;                                  : loaded 2 times (x 67B)
Class org.gradle.internal.classpath.DefaultClassPath$ImmutableUniqueList$Builder      : loaded 2 times (x 73B)
Class com.google.common.collect.AbstractRangeSet                                      : loaded 2 times (x 112B)
Class com.google.common.collect.ExplicitOrdering                                      : loaded 2 times (x 113B)
Class kotlin.UninitializedPropertyAccessException                                     : loaded 2 times (x 80B)
Class com.sun.xml.bind.v2.model.impl.RuntimeMapPropertyInfoImpl                       : loaded 2 times (x 135B)
Class com.google.gson.JsonSyntaxException                                             : loaded 2 times (x 80B)
Class com.sun.xml.bind.WhiteSpaceProcessor                                            : loaded 2 times (x 69B)
Class com.sun.xml.bind.v2.runtime.BinderImpl                                          : loaded 2 times (x 84B)
Class com.sun.xml.bind.v2.model.core.PropertyKind                                     : loaded 2 times (x 77B)
Class javax.xml.bind.JAXBException                                                    : loaded 2 times (x 83B)
Class com.sun.xml.bind.v2.model.annotation.AnnotationReader                           : loaded 2 times (x 68B)
Class javax.xml.bind.annotation.XmlAccessorOrder                                      : loaded 2 times (x 68B)
Class [Lcom.google.common.cache.CacheBuilder$NullListener;                            : loaded 2 times (x 67B)
Class com.google.common.io.CharStreams$NullWriter                                     : loaded 2 times (x 97B)
Class com.google.common.base.CharMatcher$InRange                                      : loaded 2 times (x 109B)
Class com.google.gson.internal.sql.SqlDateTypeAdapter                                 : loaded 2 times (x 72B)
Class com.sun.xml.bind.v2.runtime.property.StructureLoaderBuilder                     : loaded 2 times (x 68B)
Class com.sun.xml.bind.v2.model.core.ValuePropertyInfo                                : loaded 2 times (x 68B)
Class com.google.common.collect.RegularImmutableSortedSet                             : loaded 2 times (x 233B)
Class android.databinding.tool.util.LoggedErrorException                              : loaded 2 times (x 80B)
Class com.sun.xml.bind.v2.runtime.property.ArrayProperty                              : loaded 2 times (x 100B)
Class com.google.common.collect.ImmutableMultimap$EntryCollection                     : loaded 2 times (x 125B)
Class com.google.common.base.CharMatcher$IsNot                                        : loaded 2 times (x 109B)
Class com.google.gson.internal.bind.JsonTreeWriter                                    : loaded 2 times (x 96B)
Class [Lcom.sun.xml.bind.v2.runtime.property.AttributeProperty;                       : loaded 2 times (x 67B)
Class com.android.tools.build.jetifier.core.pom.PomRewriteRule$JsonData               : loaded 2 times (x 70B)
Class com.google.gson.internal.bind.ObjectTypeAdapter                                 : loaded 2 times (x 72B)
Class com.sun.xml.bind.v2.model.runtime.RuntimeReferencePropertyInfo                  : loaded 2 times (x 68B)
Class com.sun.xml.bind.api.JAXBRIContext                                              : loaded 2 times (x 87B)
Class org.objectweb.asm.AnnotationWriter                                              : loaded 2 times (x 77B)
Class com.google.common.base.CharMatcher                                              : loaded 2 times (x 109B)
Class com.google.common.math.IntMath$1                                                : loaded 2 times (x 69B)
Class org.gradle.internal.classloader.ClassLoaderVisitor                              : loaded 2 times (x 74B)
Class com.google.gson.internal.sql.SqlTimeTypeAdapter$1                               : loaded 2 times (x 73B)
Class com.sun.xml.bind.v2.model.impl.FieldPropertySeed                                : loaded 2 times (x 88B)
Class org.objectweb.asm.Label                                                         : loaded 2 times (x 71B)
Class com.google.common.cache.CacheBuilder$NullListener                               : loaded 2 times (x 80B)
Class com.android.tools.build.jetifier.core.TypeRewriter                              : loaded 2 times (x 70B)
Class com.sun.xml.bind.v2.model.nav.Navigator                                         : loaded 2 times (x 68B)
Class com.sun.xml.bind.v2.runtime.unmarshaller.ProxyLoader                            : loaded 2 times (x 76B)
Class com.sun.xml.bind.v2.model.impl.RuntimeTypeInfoSetImpl                           : loaded 2 times (x 121B)
Class com.google.common.collect.ImmutableMultimap                                     : loaded 2 times (x 145B)
Class com.google.gson.TypeAdapter$1                                                   : loaded 2 times (x 72B)
Class [Lkotlin.reflect.KProperty;                                                     : loaded 2 times (x 67B)
Class org.apache.commons.io.filefilter.IOFileFilter                                   : loaded 2 times (x 68B)
Class com.google.common.math.MathPreconditions                                        : loaded 2 times (x 69B)
Class com.sun.xml.bind.v2.model.runtime.RuntimeMapPropertyInfo                        : loaded 2 times (x 68B)
Class com.google.gson.internal.ConstructorConstructor$9                               : loaded 2 times (x 74B)
Class com.google.common.io.ByteStreams$1                                              : loaded 2 times (x 83B)
Class com.sun.xml.bind.IDResolver                                                     : loaded 2 times (x 73B)
Class kotlin.text.StringsKt__RegexExtensionsKt                                        : loaded 2 times (x 69B)
Class com.sun.xml.bind.v2.model.impl.EnumLeafInfoImpl                                 : loaded 2 times (x 126B)
Class com.sun.xml.bind.v2.model.impl.ClassInfoImpl$1                                  : loaded 2 times (x 69B)
Class org.gradle.internal.service.DefaultServiceLocator                               : loaded 2 times (x 81B)
Class com.sun.xml.bind.v2.runtime.unmarshaller.StructureLoader$1                      : loaded 2 times (x 69B)
Class com.sun.xml.bind.v2.runtime.unmarshaller.Base64Data                             : loaded 2 times (x 87B)
Class kotlin.text.StringsKt__StringBuilderJVMKt                                       : loaded 2 times (x 69B)
Class org.gradle.internal.service.UnknownServiceException                             : loaded 2 times (x 81B)
Class com.google.gson.internal.bind.DefaultDateTypeAdapter$DateType$1                 : loaded 2 times (x 71B)
Class com.android.tools.build.jetifier.core.proguard.ProGuardTypesMap$Companion       : loaded 2 times (x 69B)
Class kotlin.collections.SetsKt___SetsKt                                              : loaded 2 times (x 69B)
Class com.sun.xml.bind.v2.runtime.ArrayBeanInfoImpl                                   : loaded 2 times (x 87B)
Class com.google.gson.internal.sql.SqlTypesSupport$1                                  : loaded 2 times (x 72B)
Class com.google.common.collect.ArrayListMultimap                                     : loaded 2 times (x 170B)
Class com.google.gson.internal.sql.SqlTypesSupport$2                                  : loaded 2 times (x 72B)
Class com.google.common.collect.Collections2$FilteredCollection                       : loaded 2 times (x 117B)
Class kotlin.text.StringsKt__StringsJVMKt                                             : loaded 2 times (x 69B)
Class kotlin.jvm.internal.CallableReference$NoReceiver                                : loaded 2 times (x 69B)
Class com.sun.xml.bind.v2.model.annotation.AbstractInlineAnnotationReaderImpl         : loaded 2 times (x 102B)
Class com.android.tools.build.jetifier.core.pom.PomRewriteRule$Companion              : loaded 2 times (x 69B)
Class com.android.tools.build.jetifier.core.PackageMap$PackageRule$JsonData           : loaded 2 times (x 70B)
Class com.sun.xml.bind.v2.model.nav.ReflectionNavigator$1                             : loaded 2 times (x 79B)
Class com.sun.xml.bind.v2.model.nav.ReflectionNavigator$2                             : loaded 2 times (x 79B)
Class com.sun.xml.bind.v2.model.nav.ReflectionNavigator$3                             : loaded 2 times (x 75B)
Class com.sun.xml.bind.v2.model.nav.ReflectionNavigator$5                             : loaded 2 times (x 75B)
Class kotlin.collections.CollectionsKt___CollectionsKt$asSequence$$inlined$Sequence$1 : loaded 2 times (x 73B)
Class com.sun.xml.bind.v2.model.nav.ReflectionNavigator$6                             : loaded 2 times (x 79B)
Class com.google.common.io.Closer                                                     : loaded 2 times (x 76B)
Class com.google.common.cache.CacheLoader$InvalidCacheLoadException                   : loaded 2 times (x 80B)
Class org.gradle.internal.classloader.DefaultClassLoaderFactory                       : loaded 2 times (x 80B)
Class com.google.gson.JsonNull                                                        : loaded 2 times (x 90B)
Class org.objectweb.asm.FieldWriter                                                   : loaded 2 times (x 76B)
Class kotlin.reflect.KClass                                                           : loaded 2 times (x 68B)
Class com.sun.xml.bind.v2.runtime.property.SingleReferenceNodeProperty$1              : loaded 2 times (x 83B)
Class com.google.common.base.Stopwatch                                                : loaded 2 times (x 70B)
Class com.sun.xml.bind.v2.model.annotation.XmlRootElementQuick                        : loaded 2 times (x 90B)
Class com.android.tools.build.jetifier.core.config.Config                             : loaded 2 times (x 70B)
Class [Lcom.sun.xml.bind.v2.model.core.ID;                                            : loaded 2 times (x 67B)
Class javax.xml.bind.annotation.XmlTransient                                          : loaded 2 times (x 68B)
Class [Lcom.sun.xml.bind.v2.model.annotation.Locatable;                               : loaded 2 times (x 67B)
Class kotlin.collections.CollectionsKt__MutableCollectionsKt                          : loaded 2 times (x 69B)
Class com.google.common.cache.LocalCache$LoadingValueReference                        : loaded 2 times (x 94B)
Class com.sun.xml.bind.v2.runtime.property.ArrayElementNodeProperty                   : loaded 2 times (x 103B)
Class com.sun.xml.bind.v2.runtime.unmarshaller.ChildLoader                            : loaded 2 times (x 70B)
Class com.sun.xml.bind.v2.runtime.NameBuilder                                         : loaded 2 times (x 70B)
Class com.sun.xml.bind.v2.model.impl.ModelBuilder                                     : loaded 2 times (x 90B)
Class build_782jvh5doak2ite4e4h9y012e$_run_closure1                                   : loaded 2 times (x 137B)
Class com.google.common.collect.Hashing                                               : loaded 2 times (x 69B)
Class com.google.common.io.ByteStreams$LimitedInputStream                             : loaded 2 times (x 90B)
Class com.google.common.collect.NullsFirstOrdering                                    : loaded 2 times (x 113B)
Class [Lcom.google.gson.ToNumberStrategy;                                             : loaded 2 times (x 67B)
Class com.google.common.collect.ImmutableRangeSet$ComplementRanges                    : loaded 2 times (x 167B)
Class com.android.tools.build.jetifier.core.proguard.ProGuardTypesMap$expandedRules$2 : loaded 2 times (x 77B)
Class com.google.gson.JsonElement                                                     : loaded 2 times (x 90B)
Class com.sun.xml.bind.v2.runtime.reflect.PrimitiveArrayListerBoolean                 : loaded 2 times (x 74B)
Class kotlin.collections.CollectionsKt__ReversedViewsKt                               : loaded 2 times (x 69B)
Class com.google.common.collect.NaturalOrdering                                       : loaded 2 times (x 113B)
Class com.google.common.cache.LocalCache$StrongEntry                                  : loaded 2 times (x 106B)
Class javax.xml.bind.annotation.XmlAttribute                                          : loaded 2 times (x 68B)
Class com.google.common.collect.ByFunctionOrdering                                    : loaded 2 times (x 113B)
Class com.google.common.base.Optional                                                 : loaded 2 times (x 78B)
Class com.google.common.collect.Multimap                                              : loaded 2 times (x 68B)
Class com.sun.xml.bind.v2.model.impl.RuntimeTypeRefImpl                               : loaded 2 times (x 94B)
Class com.sun.xml.bind.v2.runtime.reflect.Accessor$GetterSetterReflection             : loaded 2 times (x 83B)
Class com.google.gson.internal.bind.JsonTreeReader                                    : loaded 2 times (x 96B)
Class com.google.common.base.FunctionalEquivalence                                    : loaded 2 times (x 81B)
Class org.objectweb.asm.AnnotationVisitor                                             : loaded 2 times (x 76B)
Class org.objectweb.asm.RecordComponentWriter                                         : loaded 2 times (x 76B)
Class com.sun.xml.bind.v2.model.core.ReferencePropertyInfo                            : loaded 2 times (x 68B)
Class com.google.common.cache.LocalCache$1                                            : loaded 2 times (x 87B)
Class com.sun.xml.bind.v2.model.impl.ReferencePropertyInfoImpl                        : loaded 2 times (x 125B)
Class com.google.common.cache.LocalCache$2                                            : loaded 2 times (x 140B)
Class android.databinding.tool.processing.scopes.ScopeProvider                        : loaded 2 times (x 68B)
Class com.sun.xml.bind.v2.runtime.property.SingleElementNodeProperty                  : loaded 2 times (x 100B)
Class com.google.common.collect.RegularImmutableBiMap                                 : loaded 2 times (x 146B)
Class com.sun.xml.bind.DatatypeConverterImpl                                          : loaded 2 times (x 109B)
Class kotlin.sequences.SequencesKt__SequenceBuilderKt                                 : loaded 2 times (x 69B)
Class com.sun.xml.bind.v2.model.annotation.XmlElementQuick                            : loaded 2 times (x 94B)
Class kotlin.text.StringsKt__StringNumberConversionsKt                                : loaded 2 times (x 69B)
Class build_5q4hxj825yizmrns5qsbqz6zy                                                 : loaded 2 times (x 178B)
Class org.gradle.internal.classloader.VisitableURLClassLoader$Spec                    : loaded 2 times (x 72B)
Class org.gradle.api.GradleException                                                  : loaded 2 times (x 80B)
Class com.sun.xml.bind.v2.model.impl.RuntimeReferencePropertyInfoImpl                 : loaded 2 times (x 139B)
Class com.sun.xml.bind.v2.runtime.reflect.Lister                                      : loaded 2 times (x 74B)
Class com.google.gson.internal.bind.CollectionTypeAdapterFactory$Adapter              : loaded 2 times (x 72B)
Class [Ljavax.xml.bind.annotation.XmlAccessOrder;                                     : loaded 2 times (x 67B)
Class build_5q4hxj825yizmrns5qsbqz6zy$_run_closure1                                   : loaded 2 times (x 137B)
Class org.gradle.api.internal.classpath.ModuleRegistry                                : loaded 2 times (x 68B)
Class com.sun.xml.bind.v2.runtime.ElementBeanInfoImpl$IntercepterLoader               : loaded 2 times (x 79B)
Class kotlin.text.StringsKt__AppendableKt                                             : loaded 2 times (x 69B)
Class com.sun.xml.bind.v2.runtime.reflect.Accessor$ReadOnlyFieldReflection            : loaded 2 times (x 83B)
Class com.sun.xml.bind.v2.model.impl.ClassInfoImpl$ConflictException                  : loaded 2 times (x 80B)
Class javax.xml.bind.Marshaller                                                       : loaded 2 times (x 68B)
Class com.google.common.collect.CompoundOrdering                                      : loaded 2 times (x 113B)
Class com.sun.xml.bind.v2.runtime.property.ArrayERProperty                            : loaded 2 times (x 102B)
Class com.google.common.cache.CacheBuilder                                            : loaded 2 times (x 70B)
Class com.sun.xml.bind.v2.runtime.unmarshaller.XsiNilLoader                           : loaded 2 times (x 78B)
Class org.objectweb.asm.ByteVector                                                    : loaded 2 times (x 77B)
Class kotlin.collections.ArrayAsCollection                                            : loaded 2 times (x 103B)
Class com.sun.xml.bind.v2.model.annotation.Init                                       : loaded 2 times (x 69B)
Class com.sun.xml.bind.v2.model.impl.ArrayInfoImpl                                    : loaded 2 times (x 96B)
Class com.sun.xml.bind.v2.runtime.AttributeAccessor                                   : loaded 2 times (x 68B)
Class [Ljavax.xml.bind.annotation.XmlElement;                                         : loaded 2 times (x 67B)
Class com.google.common.collect.ImmutableRangeSet                                     : loaded 2 times (x 113B)
Class com.sun.xml.bind.v2.runtime.BridgeAdapter                                       : loaded 2 times (x 85B)
Class com.sun.xml.bind.api.CompositeStructure                                         : loaded 2 times (x 70B)
Class kotlin.jvm.internal.markers.KMappedMarker                                       : loaded 2 times (x 68B)
Class com.google.common.base.PairwiseEquivalence                                      : loaded 2 times (x 81B)
Class com.google.common.base.Ticker                                                   : loaded 2 times (x 70B)
Class org.gradle.api.internal.ClassPathProvider                                       : loaded 2 times (x 68B)
Class com.google.common.base.Ascii                                                    : loaded 2 times (x 69B)
Class com.google.common.collect.RegularImmutableMap$Values                            : loaded 2 times (x 167B)
Class javax.xml.bind.annotation.XmlAccessOrder                                        : loaded 2 times (x 77B)
Class com.sun.xml.bind.api.RawAccessor                                                : loaded 2 times (x 71B)
Class com.google.gson.TypeAdapterFactory                                              : loaded 2 times (x 68B)
Class com.google.gson.reflect.TypeToken                                               : loaded 2 times (x 73B)
Class org.objectweb.asm.ModuleWriter                                                  : loaded 2 times (x 80B)
Class org.gradle.internal.classloader.ClasspathUtil$1                                 : loaded 2 times (x 74B)
Class com.google.gson.internal.bind.ReflectiveTypeAdapterFactory$Adapter              : loaded 2 times (x 75B)
Class com.sun.xml.bind.v2.runtime.unmarshaller.Scope                                  : loaded 2 times (x 70B)
Class com.sun.xml.bind.AccessorFactory                                                : loaded 2 times (x 68B)
Class kotlin.jvm.internal.PropertyReference1                                          : loaded 2 times (x 125B)
Class javax.xml.bind.annotation.XmlSchema                                             : loaded 2 times (x 68B)
Class com.sun.xml.bind.v2.model.nav.ParameterizedTypeImpl                             : loaded 2 times (x 83B)
Class com.sun.xml.bind.api.ErrorListener                                              : loaded 2 times (x 68B)
Class com.android.tools.build.jetifier.core.rule.RewriteRule$Companion                : loaded 2 times (x 69B)
Class kotlin.sequences.TransformingSequence                                           : loaded 2 times (x 73B)
Class com.google.common.collect.ImmutableList$ReverseImmutableList                    : loaded 2 times (x 168B)
Class kotlin.collections.CollectionsKt__MutableCollectionsJVMKt                       : loaded 2 times (x 69B)
Class com.sun.xml.bind.v2.model.impl.ClassInfoImpl                                    : loaded 2 times (x 135B)
Class com.google.gson.internal.sql.SqlTimestampTypeAdapter$1                          : loaded 2 times (x 73B)
Class kotlin.collections.EmptyList                                                    : loaded 2 times (x 134B)
Class com.google.common.cache.AbstractCache$StatsCounter                              : loaded 2 times (x 68B)
Class com.sun.xml.bind.v2.model.impl.RuntimeElementPropertyInfoImpl                   : loaded 2 times (x 137B)
Class com.sun.xml.bind.v2.runtime.BridgeContextImpl                                   : loaded 2 times (x 75B)
Class org.objectweb.asm.FieldVisitor                                                  : loaded 2 times (x 75B)
Class com.sun.xml.bind.v2.runtime.unmarshaller.LocatorEx                              : loaded 2 times (x 68B)
Class javax.xml.bind.JAXBContext                                                      : loaded 2 times (x 76B)
Class com.google.gson.internal.Streams$AppendableWriter                               : loaded 2 times (x 97B)
Class org.objectweb.asm.Symbol                                                        : loaded 2 times (x 71B)
Class com.sun.xml.bind.v2.runtime.unmarshaller.LeafPropertyXsiLoader                  : loaded 2 times (x 76B)
Class com.google.gson.internal.LinkedTreeMap$EntrySet$1                               : loaded 2 times (x 79B)
Class com.sun.xml.bind.v2.runtime.JAXBContextImpl                                     : loaded 2 times (x 88B)
Class com.sun.xml.bind.api.impl.NameConverter$1                                       : loaded 2 times (x 91B)
Class com.google.common.io.ByteArrayDataOutput                                        : loaded 2 times (x 68B)
Class com.google.common.collect.Ordering                                              : loaded 2 times (x 112B)
Class com.sun.xml.bind.api.impl.NameConverter$2                                       : loaded 2 times (x 91B)
Class javax.xml.bind.annotation.XmlType                                               : loaded 2 times (x 68B)
Class com.google.common.cache.LocalCache$Strength$1                                   : loaded 2 times (x 79B)
Class com.google.gson.GsonBuilder                                                     : loaded 2 times (x 70B)
Class com.google.common.collect.EmptyImmutableListMultimap                            : loaded 2 times (x 174B)
Class com.google.common.cache.LocalCache$Strength$2                                   : loaded 2 times (x 79B)
Class com.google.common.cache.LocalCache$Strength$3                                   : loaded 2 times (x 79B)
Class org.gradle.internal.classloader.ClassLoaderFactory                              : loaded 2 times (x 68B)
Class javax.xml.bind.annotation.XmlRegistry                                           : loaded 2 times (x 68B)
Class com.sun.xml.bind.v2.runtime.unmarshaller.DomLoader                              : loaded 2 times (x 76B)
Class javax.xml.bind.annotation.XmlAccessType                                         : loaded 2 times (x 77B)
Class com.google.common.collect.ObjectArrays                                          : loaded 2 times (x 69B)
Class com.sun.xml.bind.v2.runtime.reflect.AdaptedAccessor                             : loaded 2 times (x 83B)
Class com.sun.xml.bind.v2.runtime.IllegalAnnotationsException$Builder                 : loaded 2 times (x 75B)
Class kotlin.jvm.internal.FunctionReference                                           : loaded 2 times (x 120B)
Class com.google.common.collect.Iterators$10                                          : loaded 2 times (x 79B)
Class com.google.common.util.concurrent.Uninterruptibles                              : loaded 2 times (x 69B)
Class com.sun.xml.bind.v2.model.runtime.RuntimeTypeInfo                               : loaded 2 times (x 68B)
Class kotlin.enums.EnumEntriesKt                                                      : loaded 2 times (x 69B)
Class javax.xml.bind.annotation.XmlMixed                                              : loaded 2 times (x 68B)
Class com.sun.xml.bind.v2.runtime.property.Utils$1                                    : loaded 2 times (x 75B)
Class com.sun.xml.bind.v2.runtime.reflect.Accessor$1                                  : loaded 2 times (x 83B)
Class org.gradle.api.internal.classpath.ManifestUtil                                  : loaded 2 times (x 69B)
Class org.gradle.api.specs.Spec                                                       : loaded 2 times (x 68B)
Class com.sun.xml.bind.v2.runtime.reflect.Accessor$2                                  : loaded 2 times (x 85B)
Class com.google.common.collect.RangeSet                                              : loaded 2 times (x 68B)
Class com.sun.xml.bind.v2.runtime.property.ArrayReferenceNodeProperty                 : loaded 2 times (x 102B)
Class kotlin.jvm.internal.Intrinsics                                                  : loaded 2 times (x 69B)
Class com.google.common.cache.CacheLoader$UnsupportedLoadingOperationException        : loaded 2 times (x 80B)
Class com.google.gson.internal.bind.TypeAdapters$1                                    : loaded 2 times (x 73B)
Class com.google.gson.JsonIOException                                                 : loaded 2 times (x 80B)
Class com.google.gson.internal.bind.TypeAdapters$2                                    : loaded 2 times (x 73B)
Class kotlin.jvm.internal.ReflectionFactory                                           : loaded 2 times (x 89B)
Class com.sun.xml.bind.v2.model.impl.RuntimeModelBuilder                              : loaded 2 times (x 98B)
Class com.google.gson.internal.bind.TypeAdapters$3                                    : loaded 2 times (x 73B)
Class com.sun.xml.bind.v2.model.runtime.RuntimeElementPropertyInfo                    : loaded 2 times (x 68B)
Class com.google.gson.internal.bind.TypeAdapters$4                                    : loaded 2 times (x 73B)
Class com.google.gson.internal.bind.TypeAdapters$5                                    : loaded 2 times (x 73B)
Class com.google.common.util.concurrent.ListenableFuture                              : loaded 2 times (x 68B)
Class com.google.gson.internal.bind.TypeAdapters$6                                    : loaded 2 times (x 73B)
Class android.databinding.tool.CompilerArguments$Type                                 : loaded 2 times (x 77B)
Class com.google.gson.internal.bind.TypeAdapters$7                                    : loaded 2 times (x 73B)
Class com.google.gson.internal.bind.TypeAdapters$8                                    : loaded 2 times (x 73B)
Class com.google.gson.internal.bind.TypeAdapters$9                                    : loaded 2 times (x 73B)
Class com.sun.xml.bind.v2.runtime.property.SingleMapNodeProperty                      : loaded 2 times (x 100B)
Class kotlin.jvm.internal.ArrayIterator                                               : loaded 2 times (x 77B)
Class kotlin.text.StringsKt___StringsJvmKt                                            : loaded 2 times (x 69B)
Class com.sun.xml.bind.v2.runtime.property.UnmarshallerChain                          : loaded 2 times (x 70B)
Class com.android.tools.build.jetifier.core.utils.StdOutLogConsumer                   : loaded 2 times (x 75B)
Class com.sun.xml.bind.v2.model.core.LeafInfo                                         : loaded 2 times (x 68B)
Class com.google.common.collect.BaseImmutableMultimap                                 : loaded 2 times (x 121B)
Class com.android.tools.build.jetifier.core.rule.RewriteRule                          : loaded 2 times (x 70B)
Class com.sun.xml.bind.v2.util.FlattenIterator                                        : loaded 2 times (x 77B)
Class com.google.common.collect.RegularImmutableMap$BucketOverflowException           : loaded 2 times (x 80B)
Class kotlin.ranges.OpenEndRange                                                      : loaded 2 times (x 68B)
Class com.sun.xml.bind.v2.model.impl.RuntimeBuiltinLeafInfoImpl$10$1                  : loaded 2 times (x 354B)
Class javax.xml.bind.UnmarshalException                                               : loaded 2 times (x 83B)
Class com.android.tools.build.jetifier.core.type.JavaType$Companion                   : loaded 2 times (x 69B)
Class kotlin.ranges.RangesKt                                                          : loaded 2 times (x 69B)
Class com.sun.xml.bind.v2.runtime.ClassBeanInfoImpl                                   : loaded 2 times (x 90B)
Class org.gradle.api.Action                                                           : loaded 2 times (x 68B)
Class com.google.common.base.Equivalence$Equals                                       : loaded 2 times (x 80B)
Class com.google.common.cache.CacheBuilder$OneWeigher                                 : loaded 2 times (x 80B)
Class kotlin.UnsafeLazyImpl                                                           : loaded 2 times (x 74B)
Class [Lkotlin.reflect.KClassifier;                                                   : loaded 2 times (x 67B)
Class com.google.gson.internal.sql.SqlDateTypeAdapter$1                               : loaded 2 times (x 73B)
Class [Lkotlin.reflect.KClass;                                                        : loaded 2 times (x 67B)
Class kotlin.jvm.internal.Reflection                                                  : loaded 2 times (x 69B)
Class com.sun.xml.bind.v2.ContextFactory                                              : loaded 2 times (x 69B)
Class org.gradle.internal.IoActions                                                   : loaded 2 times (x 69B)
Class com.android.tools.build.jetifier.core.proguard.ProGuardTypesMap$JsonData        : loaded 2 times (x 70B)
Class com.sun.xml.bind.v2.model.impl.RuntimeBuiltinLeafInfoImpl$UUIDImpl              : loaded 2 times (x 134B)
Class com.google.common.collect.AllEqualOrdering                                      : loaded 2 times (x 112B)
Class com.google.common.collect.ComparatorOrdering                                    : loaded 2 times (x 113B)
Class com.sun.xml.bind.v2.runtime.ElementBeanInfoImpl$1                               : loaded 2 times (x 104B)
Class com.sun.istack.SAXParseException2                                               : loaded 2 times (x 86B)
Class com.google.gson.internal.$Gson$Types                                            : loaded 2 times (x 69B)
Class com.google.common.cache.ReferenceEntry                                          : loaded 2 times (x 68B)
Class com.sun.xml.bind.v2.model.annotation.XmlTypeQuick                               : loaded 2 times (x 93B)
Class com.sun.xml.bind.api.BridgeContext                                              : loaded 2 times (x 74B)
Class com.google.common.collect.RegularImmutableMap$KeySet                            : loaded 2 times (x 148B)
Class com.google.common.collect.ImmutableSortedMap$1EntrySet$1                        : loaded 2 times (x 172B)
Class kotlin.jvm.internal.PropertyReference1Impl                                      : loaded 2 times (x 125B)
Class com.sun.xml.bind.v2.runtime.unmarshaller.Intercepter                            : loaded 2 times (x 68B)
Class kotlin.sequences.SequencesKt                                                    : loaded 2 times (x 69B)
Class com.google.common.collect.LexicographicalOrdering                               : loaded 2 times (x 113B)
Class com.sun.xml.bind.v2.runtime.Coordinator                                         : loaded 2 times (x 81B)
Class com.google.common.collect.ImmutableSortedMap$Builder                            : loaded 2 times (x 88B)
Class com.google.common.collect.RangeGwtSerializationDependencies                     : loaded 2 times (x 69B)
Class kotlin.io.TextStreamsKt                                                         : loaded 2 times (x 69B)
Class javax.xml.bind.annotation.XmlID                                                 : loaded 2 times (x 68B)
Class com.sun.xml.bind.v2.model.nav.ReflectionNavigator                               : loaded 2 times (x 121B)
Class kotlin.collections.EmptyIterator                                                : loaded 2 times (x 87B)
Class [Lcom.google.gson.ReflectionAccessFilter$FilterResult;                          : loaded 2 times (x 67B)
Class kotlin.text.StringsKt__RegexExtensionsJVMKt                                     : loaded 2 times (x 69B)
Class com.google.common.collect.RegularImmutableMap                                   : loaded 2 times (x 119B)
Class [Lcom.sun.xml.bind.v2.runtime.Location;                                         : loaded 2 times (x 67B)
Class com.google.gson.internal.bind.TypeAdapters$34$1                                 : loaded 2 times (x 72B)
Class kotlin.jvm.internal.FunctionReferenceImpl                                       : loaded 2 times (x 120B)
Class kotlin.enums.EnumEntries                                                        : loaded 2 times (x 68B)
Class kotlin.comparisons.ComparisonsKt___ComparisonsJvmKt                             : loaded 2 times (x 69B)
Class com.google.gson.internal.$Gson$Types$ParameterizedTypeImpl                      : loaded 2 times (x 79B)
Class com.google.common.collect.ImmutableMultimap$Builder                             : loaded 2 times (x 81B)
Class com.sun.xml.bind.v2.runtime.reflect.AdaptedLister                               : loaded 2 times (x 75B)
Class [Lcom.sun.xml.bind.v2.model.impl.ClassInfoImpl$PropertyGroup;                   : loaded 2 times (x 67B)
Class com.sun.xml.bind.v2.model.core.NonElementRef                                    : loaded 2 times (x 68B)
Class com.google.common.base.CharMatcher$None                                         : loaded 2 times (x 110B)
Class com.google.common.collect.ForwardingSet                                         : loaded 2 times (x 149B)
Class com.sun.xml.bind.v2.runtime.unmarshaller.DefaultIDResolver                      : loaded 2 times (x 74B)
Class com.sun.xml.bind.v2.ClassFactory$1                                              : loaded 2 times (x 78B)
Class kotlin.reflect.KType                                                            : loaded 2 times (x 68B)
Class org.gradle.api.internal.classpath.EffectiveClassPath                            : loaded 2 times (x 88B)
Class kotlin.io.FilesKt__FilePathComponentsKt                                         : loaded 2 times (x 69B)
Class com.sun.xml.bind.v2.model.runtime.RuntimeNonElement                             : loaded 2 times (x 68B)
Class com.sun.xml.bind.v2.model.impl.TypeInfoSetImpl$1                                : loaded 2 times (x 78B)
Class com.sun.xml.bind.v2.model.impl.DummyPropertyInfo                                : loaded 2 times (x 68B)
Class kotlin.jvm.internal.DefaultConstructorMarker                                    : loaded 2 times (x 69B)
Class com.google.common.io.Files                                                      : loaded 2 times (x 69B)
Class com.google.gson.internal.bind.ReflectiveTypeAdapterFactory                      : loaded 2 times (x 73B)
Class com.google.gson.LongSerializationPolicy                                         : loaded 2 times (x 78B)
Class com.google.common.cache.CacheLoader$FunctionToCacheLoader                       : loaded 2 times (x 73B)
Class com.google.common.cache.CacheBuilder$1                                          : loaded 2 times (x 83B)
Class com.google.common.cache.CacheBuilder$2                                          : loaded 2 times (x 70B)
Class com.google.common.collect.ImmutableList$1                                       : loaded 2 times (x 95B)
Class com.google.common.base.Splitter$Strategy                                        : loaded 2 times (x 68B)
Class com.sun.xml.bind.v2.runtime.ValueListBeanInfoImpl                               : loaded 2 times (x 87B)
Class com.google.gson.internal.$Gson$Preconditions                                    : loaded 2 times (x 69B)
Class com.google.common.io.CharStreams                                                : loaded 2 times (x 69B)
Class com.google.common.collect.ImmutableMapEntrySet$RegularEntrySet                  : loaded 2 times (x 149B)
Class com.sun.xml.bind.v2.runtime.property.ArrayElementLeafProperty                   : loaded 2 times (x 103B)
Class [Lcom.google.common.cache.RemovalListener;                                      : loaded 2 times (x 67B)
Class [Lcom.google.common.collect.ImmutableMapEntry;                                  : loaded 2 times (x 67B)
Class [Lkotlin.reflect.KDeclarationContainer;                                         : loaded 2 times (x 67B)
Class com.google.gson.internal.ConstructorConstructor                                 : loaded 2 times (x 70B)
Class kotlin.LazyKt__LazyJVMKt$WhenMappings                                           : loaded 2 times (x 69B)
Class com.sun.xml.bind.v2.model.impl.TypeInfoSetImpl                                  : loaded 2 times (x 109B)
Class com.sun.xml.bind.v2.model.annotation.MethodLocatable                            : loaded 2 times (x 76B)
Class kotlin.sequences.SequencesKt___SequencesKt$filterNotNull$1                      : loaded 2 times (x 76B)
Class org.gradle.internal.installation.CurrentGradleInstallation                      : loaded 2 times (x 71B)
Class [Lcom.sun.xml.bind.v2.runtime.property.StructureLoaderBuilder;                  : loaded 2 times (x 67B)
Class kotlin.Metadata                                                                 : loaded 2 times (x 68B)
Class org.gradle.internal.installation.CurrentGradleInstallationLocator               : loaded 2 times (x 69B)
Class kotlin.collections.CollectionsKt__IteratorsJVMKt                                : loaded 2 times (x 69B)
Class [Lcom.google.common.cache.LocalCache$Segment;                                   : loaded 2 times (x 67B)
Class org.gradle.api.internal.classpath.Module                                        : loaded 2 times (x 68B)
Class javax.activation.DataHandler                                                    : loaded 2 times (x 90B)
Class com.sun.xml.bind.v2.runtime.unmarshaller.SAXConnector$TagNameImpl               : loaded 2 times (x 73B)
Class [Landroid.databinding.tool.CompilerArguments$Type;                              : loaded 2 times (x 67B)
Class kotlin.reflect.KProperty                                                        : loaded 2 times (x 68B)
Class kotlin.sequences.FilteringSequence                                              : loaded 2 times (x 73B)
Class com.google.common.collect.ImmutableSortedSet                                    : loaded 2 times (x 233B)
Class kotlin.annotation.Target                                                        : loaded 2 times (x 68B)
Class com.sun.xml.bind.v2.model.impl.AnyTypeImpl                                      : loaded 2 times (x 87B)
Class com.sun.xml.bind.v2.model.core.ErrorHandler                                     : loaded 2 times (x 68B)
Class com.sun.xml.bind.v2.model.core.PropertyInfo                                     : loaded 2 times (x 68B)
Class com.sun.xml.bind.v2.model.impl.RuntimeBuiltinLeafInfoImpl$1                     : loaded 2 times (x 74B)
Class com.android.tools.build.jetifier.core.utils.Log                                 : loaded 2 times (x 69B)
Class com.sun.xml.bind.v2.model.impl.RuntimeBuiltinLeafInfoImpl$2                     : loaded 2 times (x 134B)
Class com.sun.xml.bind.v2.runtime.Name                                                : loaded 2 times (x 73B)
Class com.sun.xml.bind.v2.model.impl.RuntimeBuiltinLeafInfoImpl$3                     : loaded 2 times (x 134B)
Class com.sun.xml.bind.v2.model.impl.RuntimeBuiltinLeafInfoImpl$4                     : loaded 2 times (x 134B)
Class kotlin.sequences.SequencesKt__SequencesKt                                       : loaded 2 times (x 69B)
Class com.sun.xml.bind.v2.model.impl.RuntimeBuiltinLeafInfoImpl$5                     : loaded 2 times (x 134B)
Class kotlin.sequences.SequencesKt__SequencesJVMKt                                    : loaded 2 times (x 69B)
Class kotlin.LazyKt                                                                   : loaded 2 times (x 69B)
Class com.sun.xml.bind.v2.model.annotation.XmlElementDeclQuick                        : loaded 2 times (x 94B)
Class com.sun.xml.bind.v2.model.impl.RuntimeBuiltinLeafInfoImpl$6                     : loaded 2 times (x 134B)
Class com.google.common.collect.ImmutableSet$JdkBackedSetBuilderImpl                  : loaded 2 times (x 74B)
Class com.sun.xml.bind.v2.model.impl.RuntimeBuiltinLeafInfoImpl$7                     : loaded 2 times (x 134B)
Class com.sun.xml.bind.v2.model.impl.RuntimeBuiltinLeafInfoImpl$8                     : loaded 2 times (x 134B)
Class com.sun.xml.bind.v2.model.impl.RuntimeBuiltinLeafInfoImpl$9                     : loaded 2 times (x 134B)
Class com.sun.xml.bind.v2.runtime.unmarshaller.Loader                                 : loaded 2 times (x 75B)
Class com.google.common.collect.ImmutableSet$RegularSetBuilderImpl                    : loaded 2 times (x 75B)
Class com.sun.xml.bind.v2.model.core.NonElement                                       : loaded 2 times (x 68B)
Class [Lorg.objectweb.asm.AnnotationWriter;                                           : loaded 2 times (x 67B)
Class org.gradle.internal.service.CachingServiceLocator                               : loaded 2 times (x 80B)
Class kotlin.NoWhenBranchMatchedException                                             : loaded 2 times (x 80B)
Class com.android.tools.build.jetifier.core.pom.PomDependency                         : loaded 2 times (x 70B)
Class com.sun.xml.bind.v2.runtime.property.PropertyFactory                            : loaded 2 times (x 69B)
Class com.sun.xml.bind.v2.runtime.unmarshaller.UnmarshallingContext$ExpectedTypeRootLoader: loaded 2 times (x 78B)
Class [Lcom.google.common.collect.ImmutableEntry;                                     : loaded 2 times (x 67B)
Class kotlin.text.StringsKt__StringBuilderKt                                          : loaded 2 times (x 69B)
Class com.google.gson.internal.Streams                                                : loaded 2 times (x 69B)
Class kotlin.sequences.FilteringSequence$iterator$1                                   : loaded 2 times (x 77B)
Class com.android.tools.build.jetifier.core.pom.DependencyVersionsMap$Companion       : loaded 2 times (x 69B)
Class com.sun.xml.bind.v2.runtime.unmarshaller.UnmarshallingContext$State             : loaded 2 times (x 70B)
Class javax.xml.bind.annotation.XmlInlineBinaryData                                   : loaded 2 times (x 68B)
Class com.google.common.collect.AbstractMultimap                                      : loaded 2 times (x 121B)
Class com.google.common.collect.AbstractMapBasedMultimap$AsMap                        : loaded 2 times (x 126B)
Class org.gradle.internal.classpath.DefaultClassPath                                  : loaded 2 times (x 88B)
Class com.google.gson.JsonObject                                                      : loaded 2 times (x 91B)
Class com.sun.xml.bind.v2.runtime.unmarshaller.LocatorExWrapper                       : loaded 2 times (x 84B)
Class com.sun.xml.bind.v2.model.impl.SingleTypePropertyInfoImpl                       : loaded 2 times (x 111B)
Class com.sun.xml.bind.v2.runtime.reflect.NullSafeAccessor                            : loaded 2 times (x 83B)
Class com.google.gson.internal.ReflectionAccessFilterHelper                           : loaded 2 times (x 69B)
Class kotlin.annotation.Retention                                                     : loaded 2 times (x 68B)
Class kotlin.collections.CollectionsKt__CollectionsJVMKt                              : loaded 2 times (x 69B)
Class kotlin.sequences.SequencesKt___SequencesKt                                      : loaded 2 times (x 69B)
Class com.google.gson.internal.LinkedTreeMap                                          : loaded 2 times (x 121B)
Class com.google.gson.internal.UnsafeAllocator                                        : loaded 2 times (x 70B)
Class com.google.common.collect.CollectCollectors                                     : loaded 2 times (x 69B)
Class com.sun.xml.bind.v2.model.annotation.XmlElementRefQuick                         : loaded 2 times (x 92B)
Class com.sun.xml.bind.v2.runtime.Transducer                                          : loaded 2 times (x 68B)
Class com.sun.xml.bind.v2.model.impl.ClassInfoImpl$SecondaryAnnotation                : loaded 2 times (x 78B)
Class kotlin.collections.SetsKt__SetsJVMKt                                            : loaded 2 times (x 69B)
Class com.sun.xml.bind.v2.runtime.LeafBeanInfoImpl                                    : loaded 2 times (x 87B)
Class com.google.common.collect.ImmutableSortedMap$1EntrySet                          : loaded 2 times (x 151B)
Class javax.xml.bind.annotation.XmlElementRefs                                        : loaded 2 times (x 68B)
Class kotlin.collections.MapsKt___MapsJvmKt                                           : loaded 2 times (x 69B)
Class [Lcom.sun.xml.bind.v2.runtime.property.Property;                                : loaded 2 times (x 67B)
Class com.google.common.base.Splitter$SplittingIterator                               : loaded 2 times (x 82B)
Class com.android.tools.build.jetifier.core.PackageMap$Companion                      : loaded 2 times (x 69B)
Class com.google.gson.internal.reflect.ReflectionHelper$RecordNotSupportedHelper      : loaded 2 times (x 76B)
Class com.google.common.collect.ImmutableMultisetGwtSerializationDependencies         : loaded 2 times (x 123B)
Class kotlin.reflect.KTypeParameter                                                   : loaded 2 times (x 68B)
Class com.google.gson.annotations.JsonAdapter                                         : loaded 2 times (x 68B)
Class kotlin.enums.EnumEntriesList                                                    : loaded 2 times (x 183B)
Class com.google.common.collect.ImmutableListMultimap                                 : loaded 2 times (x 174B)
Class com.google.common.cache.LocalCache$LocalManualCache$1                           : loaded 2 times (x 73B)
Class com.google.gson.internal.LinkedTreeMap$EntrySet                                 : loaded 2 times (x 134B)
Class com.google.common.collect.ListMultimap                                          : loaded 2 times (x 68B)
Class com.sun.xml.bind.v2.model.impl.RuntimeValuePropertyInfoImpl                     : loaded 2 times (x 133B)
Class com.sun.xml.bind.v2.runtime.reflect.PrimitiveArrayListerLong                    : loaded 2 times (x 74B)
Class javax.xml.bind.annotation.XmlSchemaTypes                                        : loaded 2 times (x 68B)
Class javax.xml.bind.annotation.XmlAnyElement                                         : loaded 2 times (x 68B)
Class com.sun.xml.bind.v2.model.impl.TypeInfoImpl                                     : loaded 2 times (x 83B)
Class kotlin.jvm.functions.Function0                                                  : loaded 2 times (x 68B)
Class com.google.common.collect.Lists$RandomAccessReverseList                         : loaded 2 times (x 160B)
Class javax.xml.bind.Binder                                                           : loaded 2 times (x 83B)
Class kotlin.jvm.functions.Function1                                                  : loaded 2 times (x 68B)
Class com.sun.xml.bind.v2.TODO                                                        : loaded 2 times (x 69B)
Class kotlin.jvm.functions.Function2                                                  : loaded 2 times (x 68B)
Class [Lcom.google.common.collect.AbstractIterator$State;                             : loaded 2 times (x 67B)
Class org.objectweb.asm.SymbolTable$Entry                                             : loaded 2 times (x 72B)
Class [Lcom.google.common.cache.LocalCache$EntryFactory;                              : loaded 2 times (x 67B)
Class javax.xml.bind.annotation.XmlElements                                           : loaded 2 times (x 68B)
Class com.google.gson.internal.bind.NumberTypeAdapter                                 : loaded 2 times (x 72B)
Class com.google.gson.ToNumberPolicy                                                  : loaded 2 times (x 81B)
Class com.sun.xml.bind.v2.runtime.reflect.PrimitiveArrayListerInteger                 : loaded 2 times (x 74B)
Class com.sun.xml.bind.v2.runtime.property.TagAndType                                 : loaded 2 times (x 70B)
Class com.google.common.base.CharMatcher$Is                                           : loaded 2 times (x 109B)
Class com.sun.xml.bind.v2.runtime.ElementBeanInfoImpl                                 : loaded 2 times (x 87B)
Class com.sun.xml.bind.v2.runtime.property.Utils                                      : loaded 2 times (x 69B)
Class com.sun.xml.bind.v2.runtime.reflect.Accessor                                    : loaded 2 times (x 83B)
Class com.sun.xml.bind.v2.model.impl.ModelBuilderI                                    : loaded 2 times (x 68B)
Class com.google.common.collect.Maps$AbstractFilteredMap                              : loaded 2 times (x 125B)
Class com.google.common.collect.RegularImmutableAsList                                : loaded 2 times (x 176B)
Class com.android.tools.build.jetifier.core.pom.DependencyVersionsMap                 : loaded 2 times (x 70B)
Class com.sun.xml.bind.v2.model.impl.RuntimeBuiltinLeafInfoImpl$StringImpl            : loaded 2 times (x 132B)
Class com.google.common.base.Suppliers$NonSerializableMemoizingSupplier               : loaded 2 times (x 77B)
Class com.sun.xml.bind.v2.model.annotation.RuntimeAnnotationReader                    : loaded 2 times (x 68B)
Class com.sun.xml.bind.v2.runtime.unmarshaller.XsiNilLoader$Single                    : loaded 2 times (x 78B)
Class com.android.tools.build.jetifier.core.pom.PomRewriteRule                        : loaded 2 times (x 70B)
Class com.sun.istack.Pool                                                             : loaded 2 times (x 68B)
Class org.apache.commons.io.function.IOSupplier                                       : loaded 2 times (x 68B)
Class com.sun.xml.bind.v2.model.runtime.RuntimeTypeRef                                : loaded 2 times (x 68B)
Class kotlin._Assertions                                                              : loaded 2 times (x 69B)
Class kotlin.ranges.ClosedRange                                                       : loaded 2 times (x 68B)
Class com.sun.xml.bind.v2.model.runtime.RuntimeElement                                : loaded 2 times (x 68B)
Class org.gradle.api.internal.classpath.DefaultModuleRegistry                         : loaded 2 times (x 84B)
Class kotlin.KotlinNullPointerException                                               : loaded 2 times (x 81B)
Class com.google.gson.internal.bind.ObjectTypeAdapter$1                               : loaded 2 times (x 74B)
Class com.sun.xml.bind.v2.model.annotation.LocatableAnnotation                        : loaded 2 times (x 83B)
Class com.google.common.collect.ImmutableMapEntrySet                                  : loaded 2 times (x 149B)
Class com.sun.xml.bind.v2.model.impl.ClassInfoImpl$PropertyGroup                      : loaded 2 times (x 77B)
Class javax.xml.bind.annotation.XmlAnyAttribute                                       : loaded 2 times (x 68B)
Class com.sun.xml.bind.v2.model.core.TypeInfo                                         : loaded 2 times (x 68B)
Class com.sun.xml.bind.v2.model.core.BuiltinLeafInfo                                  : loaded 2 times (x 68B)
Class com.sun.xml.bind.v2.model.impl.LeafInfoImpl                                     : loaded 2 times (x 100B)
Class com.google.common.cache.CacheLoader                                             : loaded 2 times (x 72B)
Class com.android.tools.build.jetifier.core.type.JavaType                             : loaded 2 times (x 70B)
Class kotlin.io.NoSuchFileException                                                   : loaded 2 times (x 80B)
Class kotlin.reflect.KAnnotatedElement                                                : loaded 2 times (x 68B)
Class com.sun.xml.bind.v2.runtime.property.Property                                   : loaded 2 times (x 68B)
Class org.objectweb.asm.MethodTooLargeException                                       : loaded 2 times (x 81B)
Class com.sun.xml.bind.v2.model.impl.GetterSetterPropertySeed                         : loaded 2 times (x 88B)
Class com.sun.xml.bind.v2.model.impl.ValuePropertyInfoImpl                            : loaded 2 times (x 118B)
Class kotlin.text.CharsKt                                                             : loaded 2 times (x 69B)
Class kotlin.ranges.RangesKt___RangesKt                                               : loaded 2 times (x 69B)
Class com.android.tools.build.jetifier.core.PackageMap                                : loaded 2 times (x 70B)
Class kotlin.collections.CollectionsKt___CollectionsKt                                : loaded 2 times (x 69B)
Class [Lcom.sun.xml.bind.v2.util.QNameMap$Entry;                                      : loaded 2 times (x 67B)
Class com.google.gson.FieldNamingPolicy                                               : loaded 2 times (x 81B)
Class com.sun.xml.bind.v2.runtime.unmarshaller.DefaultValueLoaderDecorator            : loaded 2 times (x 76B)
Class javax.xml.bind.annotation.XmlAccessorType                                       : loaded 2 times (x 68B)
Class com.google.common.cache.RemovalListener                                         : loaded 2 times (x 68B)
Class com.google.common.cache.Cache                                                   : loaded 2 times (x 68B)
Class com.sun.xml.bind.v2.runtime.property.SingleMapNodeProperty$1                    : loaded 2 times (x 76B)
Class com.android.tools.build.jetifier.core.utils.LogLevel                            : loaded 2 times (x 77B)
Class com.sun.xml.bind.v2.runtime.property.SingleMapNodeProperty$2                    : loaded 2 times (x 76B)
Class com.sun.xml.bind.v2.model.impl.ElementPropertyInfoImpl                          : loaded 2 times (x 121B)
Class com.google.common.collect.Maps$EntrySet                                         : loaded 2 times (x 134B)
Class kotlin.UNINITIALIZED_VALUE                                                      : loaded 2 times (x 69B)
Class org.gradle.internal.classloader.SystemClassLoaderSpec                           : loaded 2 times (x 69B)
Class com.google.common.io.LineBuffer                                                 : loaded 2 times (x 73B)
Class com.google.gson.internal.bind.ReflectiveTypeAdapterFactory$FieldReflectionAdapter: loaded 2 times (x 75B)
Class com.google.common.util.concurrent.internal.InternalFutureFailureAccess          : loaded 2 times (x 70B)
Class android.databinding.tool.util.L                                                 : loaded 2 times (x 69B)
Class [Lkotlin.reflect.KCallable;                                                     : loaded 2 times (x 67B)
Class com.sun.xml.bind.api.impl.NameConverter                                         : loaded 2 times (x 68B)
Class com.sun.xml.bind.v2.model.impl.RuntimeBuiltinLeafInfoImpl$PcdataImpl            : loaded 2 times (x 132B)
Class com.google.common.primitives.Ints$IntConverter                                  : loaded 2 times (x 88B)
Class kotlin.collections.CollectionsKt___CollectionsKt$withIndex$1                    : loaded 2 times (x 77B)
Class com.google.common.collect.SingletonImmutableSet                                 : loaded 2 times (x 144B)
Class [Lcom.google.common.base.AbstractIterator$State;                                : loaded 2 times (x 67B)
Class com.sun.xml.bind.v2.model.runtime.RuntimeNonElementRef                          : loaded 2 times (x 68B)
Class com.google.common.collect.ImmutableMap$Builder                                  : loaded 2 times (x 80B)
Class com.google.common.io.LineReader$1                                               : loaded 2 times (x 73B)
Class kotlin.io.FileAlreadyExistsException                                            : loaded 2 times (x 80B)
Class com.google.common.base.AbstractIterator                                         : loaded 2 times (x 78B)
Class com.sun.xml.bind.v2.model.impl.RuntimeElementInfoImpl                           : loaded 2 times (x 117B)
Class org.objectweb.asm.ClassWriter                                                   : loaded 2 times (x 104B)
Class com.sun.xml.bind.v2.runtime.reflect.Lister$ArrayLister                          : loaded 2 times (x 75B)
Class kotlin.text.Charsets                                                            : loaded 2 times (x 69B)
Class com.sun.xml.bind.v2.model.impl.AttributePropertyInfoImpl                        : loaded 2 times (x 122B)
Class com.sun.xml.bind.v2.runtime.RuntimeUtil                                         : loaded 2 times (x 69B)
Class com.sun.xml.bind.v2.model.core.ID                                               : loaded 2 times (x 77B)
Class com.google.gson.internal.bind.NumberTypeAdapter$1                               : loaded 2 times (x 74B)
Class com.google.gson.ToNumberPolicy$1                                                : loaded 2 times (x 81B)
Class com.google.common.collect.Range                                                 : loaded 2 times (x 85B)
Class com.android.tools.build.jetifier.core.type.TypesMap$Companion                   : loaded 2 times (x 69B)
Class com.android.tools.build.jetifier.core.rule.RewriteRulesMap                      : loaded 2 times (x 70B)
Class javax.xml.bind.annotation.XmlElement$DEFAULT                                    : loaded 2 times (x 69B)
Class com.google.common.io.FileWriteMode                                              : loaded 2 times (x 77B)
Class com.google.gson.ToNumberPolicy$2                                                : loaded 2 times (x 81B)
Class kotlin.collections.SetsKt                                                       : loaded 2 times (x 69B)
Class com.google.gson.ToNumberPolicy$3                                                : loaded 2 times (x 81B)
Class kotlin.jvm.internal.FunctionBase                                                : loaded 2 times (x 68B)
Class com.google.gson.internal.LazilyParsedNumber                                     : loaded 2 times (x 76B)
Class com.google.gson.ToNumberPolicy$4                                                : loaded 2 times (x 81B)
Class com.sun.xml.bind.v2.model.runtime.RuntimeTypeInfoSet                            : loaded 2 times (x 68B)
Class com.google.gson.internal.bind.ReflectiveTypeAdapterFactory$RecordAdapter        : loaded 2 times (x 75B)
Class kotlin.Function                                                                 : loaded 2 times (x 68B)
Class [Lcom.google.common.cache.CacheBuilder$OneWeigher;                              : loaded 2 times (x 67B)
Class org.gradle.internal.classpath.ClassPath                                         : loaded 2 times (x 68B)
Class com.google.common.base.CharMatcher$1                                            : loaded 2 times (x 111B)
Class com.google.common.cache.LocalCache$ComputingValueReference                      : loaded 2 times (x 94B)
Class com.sun.xml.bind.v2.model.impl.RuntimeAttributePropertyInfoImpl                 : loaded 2 times (x 142B)
Class javax.xml.bind.annotation.adapters.XmlJavaTypeAdapters                          : loaded 2 times (x 68B)
Class com.sun.xml.bind.v2.model.impl.RuntimeClassInfoImpl$RuntimePropertySeed         : loaded 2 times (x 82B)
Class com.sun.xml.bind.v2.runtime.property.SingleElementLeafProperty                  : loaded 2 times (x 100B)
Class org.gradle.api.UncheckedIOException                                             : loaded 2 times (x 80B)
Class com.sun.xml.bind.v2.model.impl.BuiltinLeafInfoImpl                              : loaded 2 times (x 103B)
Class com.google.common.base.CharMatcher$And                                          : loaded 2 times (x 110B)
Class com.google.gson.internal.Excluder                                               : loaded 2 times (x 73B)
Class com.sun.xml.bind.v2.model.impl.Utils                                            : loaded 2 times (x 69B)
Class build_782jvh5doak2ite4e4h9y012e                                                 : loaded 2 times (x 178B)
Class com.sun.xml.bind.v2.runtime.reflect.Accessor$GetterOnlyReflection               : loaded 2 times (x 83B)
Class kotlin.io.FilesKt__FileReadWriteKt                                              : loaded 2 times (x 69B)
Class [Lcom.google.common.io.FileWriteMode;                                           : loaded 2 times (x 67B)
Class com.google.common.io.Files$FileByteSink                                         : loaded 2 times (x 75B)
Class com.google.common.collect.IndexedImmutableSet                                   : loaded 2 times (x 148B)
Class com.google.common.cache.CacheLoader$SupplierToCacheLoader                       : loaded 2 times (x 73B)
Class com.sun.xml.bind.v2.model.core.TypeInfoSet                                      : loaded 2 times (x 68B)
Class com.google.gson.internal.sql.SqlTimestampTypeAdapter                            : loaded 2 times (x 74B)
Class com.google.common.collect.ForwardingCollection                                  : loaded 2 times (x 128B)
Class com.sun.xml.bind.v2.model.core.ElementPropertyInfo                              : loaded 2 times (x 68B)
Class com.google.gson.JsonParseException                                              : loaded 2 times (x 80B)
Class [Lcom.google.gson.LongSerializationPolicy;                                      : loaded 2 times (x 67B)
Class com.google.common.collect.AbstractListMultimap                                  : loaded 2 times (x 170B)
Class com.sun.xml.bind.v2.runtime.unmarshaller.UnmarshallingContext$DefaultRootLoader : loaded 2 times (x 78B)
Class com.google.gson.internal.reflect.ReflectionHelper$RecordHelper                  : loaded 2 times (x 73B)
Class com.sun.xml.bind.v2.runtime.IllegalAnnotationsException                         : loaded 2 times (x 84B)
Class com.google.common.collect.SingletonImmutableList                                : loaded 2 times (x 167B)
Class com.google.common.collect.ImmutableRangeSet$AsSet                               : loaded 2 times (x 233B)
Class kotlin.properties.ReadOnlyProperty                                              : loaded 2 times (x 68B)
Class com.sun.xml.bind.v2.runtime.NameList                                            : loaded 2 times (x 70B)
Class com.google.common.cache.LocalCache$Strength                                     : loaded 2 times (x 79B)
Class com.sun.xml.bind.v2.runtime.unmarshaller.StructureLoader                        : loaded 2 times (x 76B)
Class com.sun.xml.bind.v2.model.runtime.RuntimeAttributePropertyInfo                  : loaded 2 times (x 68B)
Class android.databinding.tool.util.L$Client                                          : loaded 2 times (x 68B)
Class com.google.common.collect.AbstractMapBasedMultimap$KeySet                       : loaded 2 times (x 135B)
Class kotlin.reflect.KProperty$Getter                                                 : loaded 2 times (x 68B)
Class com.google.common.collect.SortedIterable                                        : loaded 2 times (x 68B)
Class com.google.common.collect.ArrayListMultimapGwtSerializationDependencies         : loaded 2 times (x 170B)
Class com.sun.xml.bind.v2.runtime.reflect.PrimitiveArrayListerShort                   : loaded 2 times (x 74B)
Class javax.xml.bind.annotation.XmlElementRef                                         : loaded 2 times (x 68B)
Class kotlin.Unit                                                                     : loaded 2 times (x 69B)
Class javax.xml.bind.JAXBIntrospector                                                 : loaded 2 times (x 71B)
Class com.google.common.collect.AbstractMapBasedMultimap$RandomAccessWrappedList      : loaded 2 times (x 165B)
Class com.sun.xml.bind.v2.runtime.reflect.Lister$CollectionLister                     : loaded 2 times (x 75B)
Class org.objectweb.asm.Handler                                                       : loaded 2 times (x 70B)
Class org.gradle.api.internal.classpath.GlobalCacheRootsProvider                      : loaded 2 times (x 68B)
Class com.google.gson.ReflectionAccessFilter$FilterResult                             : loaded 2 times (x 77B)
Class com.sun.xml.bind.annotation.XmlLocation                                         : loaded 2 times (x 68B)
Class kotlin.collections.CollectionsKt                                                : loaded 2 times (x 69B)
Class javax.xml.bind.JAXBElement                                                      : loaded 2 times (x 79B)
Class com.google.common.collect.ImmutableSortedSet$Builder                            : loaded 2 times (x 84B)
Class kotlin.collections.ArraysKt___ArraysJvmKt                                       : loaded 2 times (x 69B)
Class com.google.common.collect.ImmutableList$SubList                                 : loaded 2 times (x 168B)
Class com.sun.xml.bind.v2.runtime.reflect.ListTransducedAccessorImpl                  : loaded 2 times (x 78B)
Class kotlin.collections.CollectionsKt___CollectionsJvmKt                             : loaded 2 times (x 69B)
Class javax.xml.bind.annotation.XmlSeeAlso                                            : loaded 2 times (x 68B)
Class com.google.common.cache.LocalCache$ValueReference                               : loaded 2 times (x 68B)
Class com.google.gson.internal.bind.DefaultDateTypeAdapter                            : loaded 2 times (x 72B)
Class com.google.common.collect.CollectSpliterators                                   : loaded 2 times (x 69B)
Class com.google.gson.internal.bind.ArrayTypeAdapter$1                                : loaded 2 times (x 73B)
Class com.google.common.io.Java8Compatibility                                         : loaded 2 times (x 69B)
Class com.sun.xml.bind.v2.runtime.unmarshaller.XsiNilLoader$Array                     : loaded 2 times (x 78B)
Class javax.xml.bind.annotation.XmlMimeType                                           : loaded 2 times (x 68B)
Class com.sun.xml.bind.v2.model.impl.PropertySeed                                     : loaded 2 times (x 68B)
Class android.databinding.tool.writer.JavaFileWriter                                  : loaded 2 times (x 72B)
Class org.gradle.internal.classloader.ClasspathUtil                                   : loaded 2 times (x 69B)
Class kotlin.ranges.RangesKt__RangesKt                                                : loaded 2 times (x 69B)
Class org.apache.commons.io.FileUtils                                                 : loaded 2 times (x 69B)
Class org.objectweb.asm.CurrentFrame                                                  : loaded 2 times (x 71B)
Class com.google.common.util.concurrent.AbstractFuture                                : loaded 2 times (x 93B)
Class javax.xml.bind.annotation.XmlElementDecl                                        : loaded 2 times (x 68B)
Class kotlin.NotImplementedError                                                      : loaded 2 times (x 80B)
Class com.android.tools.build.jetifier.core.config.ConfigParser                       : loaded 2 times (x 69B)
Class [Lcom.sun.xml.bind.v2.runtime.unmarshaller.Scope;                               : loaded 2 times (x 67B)
Class com.google.gson.Gson$1                                                          : loaded 2 times (x 74B)
Class javax.xml.bind.UnmarshallerHandler                                              : loaded 2 times (x 68B)
Class com.google.gson.Gson$2                                                          : loaded 2 times (x 74B)
Class com.google.gson.Gson$3                                                          : loaded 2 times (x 73B)
Class com.android.tools.build.jetifier.core.config.Config$Companion                   : loaded 2 times (x 69B)
Class kotlin.collections.CollectionsKt__IteratorsKt                                   : loaded 2 times (x 69B)
Class com.google.gson.Gson$4                                                          : loaded 2 times (x 74B)
Class com.google.common.base.Splitter$1                                               : loaded 2 times (x 75B)
Class com.google.gson.Gson$5                                                          : loaded 2 times (x 74B)
Class com.google.common.collect.ReverseOrdering                                       : loaded 2 times (x 113B)
Class javax.xml.bind.annotation.XmlList                                               : loaded 2 times (x 68B)
Class com.google.common.io.AppendableWriter                                           : loaded 2 times (x 98B)
Class com.google.common.base.Ticker$1                                                 : loaded 2 times (x 70B)
Class org.gradle.api.internal.DefaultClassPathRegistry                                : loaded 2 times (x 74B)
Class com.google.gson.TypeAdapter                                                     : loaded 2 times (x 71B)
Class com.google.gson.FieldNamingStrategy                                             : loaded 2 times (x 68B)
Class com.google.common.collect.AbstractIterator$State                                : loaded 2 times (x 77B)
Class com.google.gson.internal.LinkedTreeMap$1                                        : loaded 2 times (x 89B)
Class com.google.gson.internal.UnsafeAllocator$1                                      : loaded 2 times (x 71B)
Class com.google.common.collect.ImmutableSortedMap                                    : loaded 2 times (x 176B)
Class com.google.common.util.concurrent.AbstractFuture$Cancellation                   : loaded 2 times (x 70B)
Class [Lorg.objectweb.asm.Symbol;                                                     : loaded 2 times (x 67B)
Class com.google.gson.internal.UnsafeAllocator$2                                      : loaded 2 times (x 71B)
Class com.sun.xml.bind.v2.runtime.reflect.PrimitiveArrayListerCharacter               : loaded 2 times (x 74B)
Class com.google.gson.internal.UnsafeAllocator$3                                      : loaded 2 times (x 71B)
Class com.google.gson.internal.bind.SerializationDelegatingTypeAdapter                : loaded 2 times (x 72B)
Class com.google.common.collect.ImmutableSet$SetBuilderImpl                           : loaded 2 times (x 74B)
Class com.google.gson.internal.UnsafeAllocator$4                                      : loaded 2 times (x 70B)
Class javax.xml.bind.helpers.AbstractUnmarshallerImpl                                 : loaded 2 times (x 128B)
Class org.gradle.api.internal.classpath.DefaultModuleRegistry$DefaultModule           : loaded 2 times (x 84B)
Class com.sun.xml.bind.v2.model.impl.Util                                             : loaded 2 times (x 69B)
Class com.google.common.io.LineReader                                                 : loaded 2 times (x 70B)
Class com.sun.xml.bind.v2.runtime.BridgeImpl                                          : loaded 2 times (x 85B)
Class com.google.common.collect.ImmutableMap$1                                        : loaded 2 times (x 79B)
Class com.sun.xml.bind.v2.runtime.CompositeStructureBeanInfo                          : loaded 2 times (x 96B)
Class com.sun.xml.bind.v2.runtime.AnyTypeBeanInfo                                     : loaded 2 times (x 90B)
Class javax.activation.MimeTypeParseException                                         : loaded 2 times (x 80B)
Class javax.xml.bind.ValidationEventHandler                                           : loaded 2 times (x 68B)
Class com.google.common.base.CharMatcher$Or                                           : loaded 2 times (x 110B)
Class kotlin.reflect.KMutableProperty                                                 : loaded 2 times (x 68B)
Class kotlin.reflect.KClassifier                                                      : loaded 2 times (x 68B)
Class com.sun.xml.bind.v2.model.impl.RuntimeAnyTypeImpl                               : loaded 2 times (x 92B)
Class com.google.common.collect.ImmutableSortedAsList                                 : loaded 2 times (x 180B)
Class com.android.tools.build.jetifier.core.proguard.ProGuardTypesMap                 : loaded 2 times (x 70B)
Class com.sun.xml.bind.v2.runtime.unmarshaller.UnmarshallerImpl                       : loaded 2 times (x 137B)
Class com.sun.xml.bind.v2.runtime.reflect.TransducedAccessor$CompositeTransducedAccessorImpl: loaded 2 times (x 77B)
Class com.sun.xml.bind.v2.model.impl.ERPropertyInfoImpl                               : loaded 2 times (x 106B)
Class com.google.common.collect.Maps$FilteredEntryMap$EntrySet$1                      : loaded 2 times (x 80B)
Class com.android.tools.build.jetifier.core.PackageMap$PackageRule                    : loaded 2 times (x 70B)
Class kotlin.text.StringsKt__StringsKt                                                : loaded 2 times (x 69B)
Class kotlin.comparisons.ComparisonsKt___ComparisonsKt                                : loaded 2 times (x 69B)
Class javax.xml.bind.annotation.XmlValue                                              : loaded 2 times (x 68B)
Class com.google.common.base.Suppliers$SupplierOfInstance                             : loaded 2 times (x 77B)
Class org.objectweb.asm.RecordComponentVisitor                                        : loaded 2 times (x 75B)
Class kotlin.text.Regex$Companion                                                     : loaded 2 times (x 69B)
Class com.sun.xml.bind.v2.model.core.AttributePropertyInfo                            : loaded 2 times (x 68B)
Class com.android.tools.build.jetifier.core.utils.LogConsumer                         : loaded 2 times (x 68B)
Class com.sun.xml.bind.v2.runtime.unmarshaller.TextLoader                             : loaded 2 times (x 76B)
Class com.sun.xml.bind.v2.model.runtime.RuntimeValuePropertyInfo                      : loaded 2 times (x 68B)
Class com.google.common.collect.Maps$FilteredEntryMap$EntrySet$1$1                    : loaded 2 times (x 85B)
Class javax.xml.bind.annotation.XmlElement                                            : loaded 2 times (x 68B)
Class com.google.common.collect.Iterables                                             : loaded 2 times (x 69B)
Class com.sun.xml.bind.v2.runtime.reflect.Accessor$SetterOnlyReflection               : loaded 2 times (x 83B)
Class org.objectweb.asm.ClassTooLargeException                                        : loaded 2 times (x 81B)
Class com.android.tools.build.jetifier.core.rule.RewriteRulesMap$Companion            : loaded 2 times (x 69B)
Class com.android.tools.build.jetifier.core.proguard.ProGuardType                     : loaded 2 times (x 70B)
Class org.gradle.api.internal.classpath.UnknownModuleException                        : loaded 2 times (x 80B)
Class [Lcom.google.gson.stream.JsonToken;                                             : loaded 2 times (x 67B)
Class com.sun.xml.bind.Util                                                           : loaded 2 times (x 69B)
Class kotlin.collections.MapsKt__MapsJVMKt                                            : loaded 2 times (x 69B)
Class com.google.common.util.concurrent.AbstractFuture$Listener                       : loaded 2 times (x 70B)
Class kotlin.reflect.KProperty0                                                       : loaded 2 times (x 68B)
Class com.google.common.collect.CollectSpliterators$1                                 : loaded 2 times (x 88B)
Class kotlin.reflect.KProperty1                                                       : loaded 2 times (x 68B)
Class [Lcom.google.common.collect.AbstractMapEntry;                                   : loaded 2 times (x 67B)
Class kotlin.reflect.KProperty2                                                       : loaded 2 times (x 68B)
Class com.sun.xml.bind.v2.model.core.EnumLeafInfo                                     : loaded 2 times (x 68B)
Class com.sun.xml.bind.v2.model.runtime.RuntimeClassInfo                              : loaded 2 times (x 68B)
Class com.sun.xml.bind.v2.util.QNameMap$Entry                                         : loaded 2 times (x 70B)
Class org.objectweb.asm.Edge                                                          : loaded 2 times (x 70B)
Class android.databinding.tool.CompilerArguments                                      : loaded 2 times (x 70B)
Class javax.xml.bind.MarshalException                                                 : loaded 2 times (x 83B)
Class com.google.gson.internal.bind.MapTypeAdapterFactory                             : loaded 2 times (x 73B)
Class com.google.common.collect.ImmutableCollection$Builder                           : loaded 2 times (x 74B)
Class kotlin.jvm.internal.ArrayIteratorKt                                             : loaded 2 times (x 69B)
Class kotlin.collections.ArraysKt___ArraysKt                                          : loaded 2 times (x 69B)
Class com.google.common.io.ByteArrayDataInput                                         : loaded 2 times (x 68B)
Class javax.xml.bind.annotation.XmlIDREF                                              : loaded 2 times (x 68B)
Class org.apache.commons.io.FilenameUtils                                             : loaded 2 times (x 69B)
Class com.google.gson.internal.LinkedTreeMap$LinkedTreeMapIterator                    : loaded 2 times (x 78B)
Class kotlin.text.StringsKt__StringNumberConversionsJVMKt                             : loaded 2 times (x 69B)
Class [Lorg.objectweb.asm.SymbolTable$Entry;                                          : loaded 2 times (x 67B)
Class kotlin.ranges.IntProgression$Companion                                          : loaded 2 times (x 69B)
Class com.google.common.collect.SingletonImmutableBiMap                               : loaded 2 times (x 141B)
Class com.sun.xml.bind.v2.runtime.reflect.TransducedAccessor$CompositeContextDependentTransducedAccessorImpl: loaded 2 times (x 77B)
Class kotlin.TuplesKt                                                                 : loaded 2 times (x 69B)
Class kotlin.text.CharsKt__CharJVMKt                                                  : loaded 2 times (x 69B)
Class kotlin.collections.CollectionsKt__IterablesKt                                   : loaded 2 times (x 69B)
Class org.apache.commons.io.file.PathFilter                                           : loaded 2 times (x 68B)
Class com.google.common.base.Suppliers$MemoizingSupplier                              : loaded 2 times (x 77B)
Class com.google.common.base.Suppliers                                                : loaded 2 times (x 69B)
Class com.google.gson.internal.reflect.ReflectionHelper$RecordSupportedHelper         : loaded 2 times (x 76B)
Class build_782jvh5doak2ite4e4h9y012e$_run_closure1$_closure3                         : loaded 2 times (x 137B)
Class com.google.gson.internal.bind.DefaultDateTypeAdapter$DateType                   : loaded 2 times (x 71B)
Class kotlin.LazyKt__LazyJVMKt                                                        : loaded 2 times (x 69B)
Class kotlin.text.StringsKt__IndentKt                                                 : loaded 2 times (x 69B)
Class org.objectweb.asm.ClassVisitor                                                  : loaded 2 times (x 86B)
Class com.google.common.cache.LoadingCache                                            : loaded 2 times (x 68B)
Class org.gradle.internal.service.ServiceLookupException                              : loaded 2 times (x 80B)
Class kotlin.collections.MapsKt__MapWithDefaultKt                                     : loaded 2 times (x 69B)
Class com.sun.xml.bind.v2.model.annotation.RuntimeInlineAnnotationReader              : loaded 2 times (x 104B)
Class com.google.gson.internal.$Gson$Types$GenericArrayTypeImpl                       : loaded 2 times (x 77B)
Class com.google.common.io.ByteSource                                                 : loaded 2 times (x 82B)
Class javax.xml.bind.annotation.XmlSchemaType                                         : loaded 2 times (x 68B)
Class com.google.gson.internal.bind.ReflectiveTypeAdapterFactory$BoundField           : loaded 2 times (x 73B)
Class com.sun.xml.bind.v2.model.core.MaybeElement                                     : loaded 2 times (x 68B)
Class com.google.gson.internal.bind.TypeAdapters                                      : loaded 2 times (x 69B)
Class [Lcom.google.gson.ToNumberPolicy;                                               : loaded 2 times (x 67B)
Class com.google.common.base.Present                                                  : loaded 2 times (x 79B)
Class com.google.common.collect.ReverseNaturalOrdering                                : loaded 2 times (x 112B)
Class kotlin.collections.EmptySet                                                     : loaded 2 times (x 120B)
Class javax.xml.bind.annotation.XmlEnum                                               : loaded 2 times (x 68B)
Class com.google.common.base.CharMatcher$NegatedFastMatcher                           : loaded 2 times (x 111B)
Class [Lorg.gradle.api.internal.ClassPathProvider;                                    : loaded 2 times (x 67B)
Class [Lcom.sun.xml.bind.v2.model.core.PropertyKind;                                  : loaded 2 times (x 67B)
Class com.sun.xml.bind.v2.runtime.JAXBContextImpl$JAXBContextBuilder                  : loaded 2 times (x 84B)
Class com.google.common.collect.ImmutableMultimap$Values                              : loaded 2 times (x 124B)
Class javax.activation.DataSource                                                     : loaded 2 times (x 68B)
Class kotlin.collections.MapsKt                                                       : loaded 2 times (x 69B)
Class org.gradle.util.internal.GUtil                                                  : loaded 2 times (x 69B)
Class com.google.common.math.IntMath                                                  : loaded 2 times (x 69B)
Class [Lcom.android.tools.build.jetifier.core.utils.LogLevel;                         : loaded 2 times (x 67B)
Class com.google.gson.stream.JsonWriter                                               : loaded 2 times (x 96B)
Class com.google.gson.internal.sql.SqlTimeTypeAdapter                                 : loaded 2 times (x 72B)
Class org.gradle.internal.classloader.ClassLoaderSpec                                 : loaded 2 times (x 69B)
Class com.sun.xml.bind.v2.model.impl.RuntimeArrayInfoImpl                             : loaded 2 times (x 105B)
Class com.google.common.io.LineProcessor                                              : loaded 2 times (x 68B)
Class com.google.common.base.NullnessCasts                                            : loaded 2 times (x 69B)
Class com.google.common.io.CharSink                                                   : loaded 2 times (x 77B)
Class com.android.tools.build.jetifier.core.proguard.ProGuardType$Companion           : loaded 2 times (x 69B)
Class org.objectweb.asm.Frame                                                         : loaded 2 times (x 71B)
Class com.google.common.cache.LocalCache$LocalManualCache                             : loaded 2 times (x 97B)
Class com.google.common.collect.ImmutableList$Builder                                 : loaded 2 times (x 75B)
Class com.google.common.base.CharMatcher$Negated                                      : loaded 2 times (x 111B)
Class [Lkotlin.reflect.KAnnotatedElement;                                             : loaded 2 times (x 67B)
Class com.google.common.cache.CacheLoader$1                                           : loaded 2 times (x 73B)
Class com.sun.xml.bind.v2.model.impl.Utils$1                                          : loaded 2 times (x 75B)
Class com.sun.xml.bind.v2.runtime.unmarshaller.XsiTypeLoader                          : loaded 2 times (x 76B)
Class com.android.tools.build.jetifier.core.type.TypesMap$JsonData                    : loaded 2 times (x 70B)
Class com.google.common.util.concurrent.AbstractFuture$TrustedFuture                  : loaded 2 times (x 95B)
Class com.sun.xml.bind.v2.model.impl.RuntimeEnumLeafInfoImpl                          : loaded 2 times (x 147B)
Class com.sun.xml.bind.v2.model.impl.ClassInfoImpl$DuplicateException                 : loaded 2 times (x 80B)
Class [Lkotlin.Pair;                                                                  : loaded 2 times (x 67B)
Class kotlin.collections.IndexedValue                                                 : loaded 2 times (x 70B)
Class org.gradle.internal.classloader.InstrumentingClassLoader                        : loaded 2 times (x 68B)
Class com.sun.xml.bind.v2.model.impl.ElementInfoImpl                                  : loaded 2 times (x 107B)
Class kotlin.reflect.KProperty$Accessor                                               : loaded 2 times (x 68B)
Class com.google.gson.internal.bind.TypeAdapters$EnumTypeAdapter                      : loaded 2 times (x 72B)
Class com.sun.xml.bind.v2.runtime.unmarshaller.WildcardLoader                         : loaded 2 times (x 77B)
Class org.apache.commons.io.FileExistsException                                       : loaded 2 times (x 80B)
Class com.sun.xml.bind.v2.runtime.JaxBeanInfo$1                                       : loaded 2 times (x 75B)
Class [Lcom.sun.xml.bind.v2.model.annotation.Quick;                                   : loaded 2 times (x 67B)
Class com.sun.xml.bind.v2.model.impl.RuntimeClassInfoImpl                             : loaded 2 times (x 160B)
Class com.sun.xml.bind.v2.model.core.RegistryInfo                                     : loaded 2 times (x 68B)
Class com.sun.xml.bind.v2.model.runtime.RuntimeArrayInfo                              : loaded 2 times (x 68B)
Class org.objectweb.asm.ModuleVisitor                                                 : loaded 2 times (x 79B)
Class com.google.common.collect.ForwardingMapEntry                                    : loaded 2 times (x 84B)
Class javax.xml.bind.annotation.W3CDomHandler                                         : loaded 2 times (x 83B)
Class kotlin.text.Regex                                                               : loaded 2 times (x 70B)
Class com.google.gson.Gson$FutureTypeAdapter                                          : loaded 2 times (x 74B)
Class kotlin.io.FilesKt__UtilsKt                                                      : loaded 2 times (x 69B)
Class com.google.common.collect.ImmutableSet$Builder                                  : loaded 2 times (x 83B)
Class com.google.common.collect.Sets$FilteredSet                                      : loaded 2 times (x 135B)
Class org.apache.commons.io.function.IOFunction                                       : loaded 2 times (x 68B)
Class com.google.common.base.CharMatcher$ForPredicate                                 : loaded 2 times (x 110B)
Class com.sun.xml.bind.v2.ClassFactory                                                : loaded 2 times (x 69B)
Class com.sun.xml.bind.v2.model.annotation.Locatable                                  : loaded 2 times (x 68B)
Class com.google.common.collect.ImmutableMap$MapViewOfValuesAsSingletonSets           : loaded 2 times (x 123B)
Class com.sun.xml.bind.v2.model.core.MapPropertyInfo                                  : loaded 2 times (x 68B)
Class com.sun.xml.bind.v2.model.annotation.XmlEnumQuick                               : loaded 2 times (x 89B)
Class kotlin.collections.ArraysKt__ArraysJVMKt                                        : loaded 2 times (x 69B)
Class com.google.common.base.MoreObjects                                              : loaded 2 times (x 69B)
Class kotlin.collections.ArraysUtilJVM                                                : loaded 2 times (x 69B)
Class com.google.gson.internal.reflect.ReflectionHelper                               : loaded 2 times (x 69B)
Class org.objectweb.asm.SymbolTable                                                   : loaded 2 times (x 70B)
Class kotlin.reflect.KMutableProperty0                                                : loaded 2 times (x 68B)
Class kotlin.reflect.KMutableProperty1                                                : loaded 2 times (x 68B)
Class [Lorg.objectweb.asm.AnnotationVisitor;                                          : loaded 2 times (x 67B)
Class kotlin.reflect.KMutableProperty2                                                : loaded 2 times (x 68B)
Class com.google.common.cache.CacheStats                                              : loaded 2 times (x 69B)
Class com.sun.xml.bind.v2.runtime.reflect.Lister$1                                    : loaded 2 times (x 74B)
Class com.sun.xml.bind.annotation.OverrideAnnotationOf                                : loaded 2 times (x 68B)
Class org.objectweb.asm.Attribute                                                     : loaded 2 times (x 75B)
Class com.sun.xml.bind.v2.runtime.reflect.Lister$2                                    : loaded 2 times (x 75B)
Class [Lcom.sun.xml.bind.v2.model.impl.ClassInfoImpl$SecondaryAnnotation;             : loaded 2 times (x 67B)
Class com.sun.xml.bind.v2.runtime.unmarshaller.TagName                                : loaded 2 times (x 73B)
Class javax.xml.bind.annotation.adapters.XmlJavaTypeAdapter                           : loaded 2 times (x 68B)
Class com.sun.xml.bind.v2.model.impl.RuntimeBuiltinLeafInfoImpl$10                    : loaded 2 times (x 134B)
Class org.gradle.internal.classloader.VisitableURLClassLoader                         : loaded 2 times (x 115B)
Class com.sun.xml.bind.v2.model.impl.RuntimeBuiltinLeafInfoImpl$11                    : loaded 2 times (x 134B)
Class com.google.common.cache.LocalCache$LocalLoadingCache                            : loaded 2 times (x 132B)
Class com.sun.xml.bind.v2.model.impl.RuntimeBuiltinLeafInfoImpl$12                    : loaded 2 times (x 134B)
Class com.sun.xml.bind.v2.model.impl.RuntimeBuiltinLeafInfoImpl$13                    : loaded 2 times (x 135B)
Class com.sun.xml.bind.v2.model.impl.RuntimeBuiltinLeafInfoImpl$14                    : loaded 2 times (x 134B)
Class com.google.common.base.Supplier                                                 : loaded 2 times (x 68B)
Class com.sun.xml.bind.v2.model.impl.RuntimeBuiltinLeafInfoImpl$15                    : loaded 2 times (x 134B)
Class com.sun.xml.bind.v2.model.impl.RuntimeBuiltinLeafInfoImpl$16                    : loaded 2 times (x 134B)
Class com.sun.xml.bind.v2.model.impl.RuntimeBuiltinLeafInfoImpl$17                    : loaded 2 times (x 134B)
Class kotlin.io.FilesKt__FileTreeWalkKt                                               : loaded 2 times (x 69B)
Class kotlin.collections.AbstractCollection                                           : loaded 2 times (x 115B)
Class com.sun.xml.bind.v2.model.impl.RuntimeBuiltinLeafInfoImpl$18                    : loaded 2 times (x 134B)
Class com.google.common.collect.ImmutableMultimap$Keys                                : loaded 2 times (x 164B)
Class com.google.common.collect.ImmutableBiMap                                        : loaded 2 times (x 141B)
Class com.sun.xml.bind.v2.model.impl.RuntimeBuiltinLeafInfoImpl$19                    : loaded 2 times (x 134B)
Class android.databinding.tool.util.Preconditions                                     : loaded 2 times (x 69B)
Class org.gradle.internal.Cast                                                        : loaded 2 times (x 69B)
Class build_69lill7znr8hg7c90uo3amkd1                                                 : loaded 2 times (x 178B)
Class com.google.common.collect.NullnessCasts                                         : loaded 2 times (x 69B)
Class com.sun.xml.bind.AccessorFactoryImpl                                            : loaded 2 times (x 79B)
Class com.google.gson.internal.bind.ReflectiveTypeAdapterFactory$1                    : loaded 2 times (x 77B)
Class com.google.gson.LongSerializationPolicy$1                                       : loaded 2 times (x 78B)
Class kotlin.collections.AbstractList                                                 : loaded 2 times (x 157B)
Class com.sun.xml.bind.v2.model.runtime.RuntimePropertyInfo                           : loaded 2 times (x 68B)
Class com.sun.xml.bind.v2.model.impl.RuntimeBuiltinLeafInfoImpl                       : loaded 2 times (x 131B)
Class com.google.gson.LongSerializationPolicy$2                                       : loaded 2 times (x 78B)
Class build_69lill7znr8hg7c90uo3amkd1$_run_closure1                                   : loaded 2 times (x 137B)
Class org.gradle.api.internal.ClassPathRegistry                                       : loaded 2 times (x 68B)
Class com.google.gson.internal.bind.TypeAdapterRuntimeTypeWrapper                     : loaded 2 times (x 72B)
Class com.google.gson.internal.Excluder$1                                             : loaded 2 times (x 72B)
Class android.databinding.tool.processing.Scope                                       : loaded 2 times (x 69B)
Class com.sun.xml.bind.v2.model.annotation.SecureLoader                               : loaded 2 times (x 69B)
Class com.google.gson.stream.JsonReader                                               : loaded 2 times (x 95B)
Class com.google.common.cache.LocalCache$EntryFactory                                 : loaded 2 times (x 81B)
Class com.google.gson.stream.MalformedJsonException                                   : loaded 2 times (x 80B)
Class com.sun.xml.bind.v2.runtime.property.PropertyFactory$1                          : loaded 2 times (x 69B)
Class com.google.common.util.concurrent.UncheckedExecutionException                   : loaded 2 times (x 80B)
Class com.sun.xml.bind.v2.runtime.unmarshaller.SAXConnector                           : loaded 2 times (x 99B)
Class org.gradle.internal.classloader.VisitableURLClassLoader$InstrumentingVisitableURLClassLoader: loaded 2 times (x 121B)
Class com.google.gson.internal.bind.MapTypeAdapterFactory$Adapter                     : loaded 2 times (x 72B)
Class org.gradle.internal.classloader.ClassLoaderHierarchy                            : loaded 2 times (x 68B)
Class com.sun.xml.bind.v2.model.runtime.RuntimeLeafInfo                               : loaded 2 times (x 68B)
Class com.google.gson.internal.Primitives                                             : loaded 2 times (x 69B)
Class com.sun.xml.bind.v2.runtime.unmarshaller.LeafPropertyLoader                     : loaded 2 times (x 76B)
Class com.google.common.collect.Maps$FilteredEntryMap$EntrySet                        : loaded 2 times (x 150B)
Class kotlin.sequences.SequencesKt___SequencesJvmKt                                   : loaded 2 times (x 69B)
Class org.apache.commons.io.file.DeleteOption                                         : loaded 2 times (x 68B)
Class kotlin.collections.MapsKt__MapsKt                                               : loaded 2 times (x 69B)
Class android.databinding.tool.processing.ScopedException                             : loaded 2 times (x 84B)
Class com.sun.xml.bind.v2.model.impl.RuntimeBuiltinLeafInfoImpl$20                    : loaded 2 times (x 134B)
Class kotlin.collections.ArraysKt                                                     : loaded 2 times (x 69B)
Class com.sun.xml.bind.v2.model.impl.ElementPropertyInfoImpl$1                        : loaded 2 times (x 160B)
Class com.sun.xml.bind.v2.model.impl.RuntimeBuiltinLeafInfoImpl$21                    : loaded 2 times (x 134B)
Class com.sun.xml.bind.v2.model.impl.RuntimeBuiltinLeafInfoImpl$22                    : loaded 2 times (x 134B)
Class com.sun.xml.bind.v2.model.impl.RuntimeBuiltinLeafInfoImpl$23                    : loaded 2 times (x 134B)
Class com.sun.istack.SAXException2                                                    : loaded 2 times (x 81B)
Class com.sun.xml.bind.v2.model.impl.RuntimeBuiltinLeafInfoImpl$24                    : loaded 2 times (x 135B)
Class com.sun.xml.bind.v2.runtime.output.Pcdata                                       : loaded 2 times (x 86B)
Class com.sun.xml.bind.v2.model.impl.RuntimeBuiltinLeafInfoImpl$26                    : loaded 2 times (x 134B)
Class com.sun.xml.bind.v2.model.impl.RuntimeBuiltinLeafInfoImpl$27                    : loaded 2 times (x 134B)
Class javax.xml.bind.annotation.XmlElementWrapper                                     : loaded 2 times (x 68B)
Class com.sun.xml.bind.v2.model.impl.RuntimeBuiltinLeafInfoImpl$28                    : loaded 2 times (x 74B)
Class kotlin.text.CharsKt__CharKt                                                     : loaded 2 times (x 69B)
Class com.google.common.collect.Lists$ReverseList                                     : loaded 2 times (x 160B)
Class com.sun.xml.bind.v2.runtime.unmarshaller.XmlVisitor                             : loaded 2 times (x 68B)
Class com.google.common.io.Closer$Suppressor                                          : loaded 2 times (x 68B)
Class com.google.gson.JsonArray                                                       : loaded 2 times (x 98B)
Class com.sun.xml.bind.v2.model.runtime.RuntimeBuiltinLeafInfo                        : loaded 2 times (x 68B)
Class kotlin.collections.MapsKt___MapsKt                                              : loaded 2 times (x 69B)
Class com.google.common.collect.AbstractMapBasedMultimap$WrappedList                  : loaded 2 times (x 165B)
Class [Lorg.objectweb.asm.Type;                                                       : loaded 2 times (x 67B)
Class com.sun.xml.bind.v2.model.impl.MapPropertyInfoImpl                              : loaded 2 times (x 117B)
Class kotlin.sequences.TransformingSequence$iterator$1                                : loaded 2 times (x 77B)
Class com.google.common.collect.Lists$ReverseList$1                                   : loaded 2 times (x 97B)
Class com.google.common.base.AbstractIterator$State                                   : loaded 2 times (x 77B)
Class com.google.common.cache.Weigher                                                 : loaded 2 times (x 68B)
Class com.sun.xml.bind.v2.runtime.InternalBridge                                      : loaded 2 times (x 85B)
Class kotlin.collections.IndexingIterator                                             : loaded 2 times (x 77B)
Class com.google.gson.JsonPrimitive                                                   : loaded 2 times (x 91B)
Class javax.xml.bind.annotation.DomHandler                                            : loaded 2 times (x 68B)
Class com.google.gson.internal.ObjectConstructor                                      : loaded 2 times (x 68B)
Class com.google.gson.Gson                                                            : loaded 2 times (x 70B)
Class com.google.common.base.CharMatcher$NamedFastMatcher                             : loaded 2 times (x 110B)
Class kotlin.collections.IndexingIterable                                             : loaded 2 times (x 77B)
Class org.gradle.internal.InternalTransformer                                         : loaded 2 times (x 68B)
Class com.sun.xml.bind.api.AccessorException                                          : loaded 2 times (x 80B)
Class com.google.common.collect.UsingToStringOrdering                                 : loaded 2 times (x 112B)
Class com.google.common.collect.AbstractMapBasedMultimap$AsMap$AsMapEntries           : loaded 2 times (x 136B)
Class kotlin.sequences.Sequence                                                       : loaded 2 times (x 68B)
Class org.gradle.internal.service.ServiceLocator                                      : loaded 2 times (x 68B)
Class com.sun.xml.bind.v2.runtime.reflect.Utils$1                                     : loaded 2 times (x 75B)
Class com.google.gson.internal.bind.JsonAdapterAnnotationTypeAdapterFactory           : loaded 2 times (x 73B)
Class com.sun.xml.bind.v2.runtime.property.ArrayElementProperty                       : loaded 2 times (x 103B)
Class com.sun.xml.bind.v2.model.annotation.XmlAttributeQuick                          : loaded 2 times (x 91B)
Class com.google.common.collect.ImmutableRangeSet$1                                   : loaded 2 times (x 169B)
Class com.google.common.util.concurrent.SettableFuture                                : loaded 2 times (x 95B)
Class com.sun.xml.bind.v2.model.core.TypeRef                                          : loaded 2 times (x 68B)
Class com.sun.xml.bind.v2.model.core.Element                                          : loaded 2 times (x 68B)
Class com.sun.xml.bind.unmarshaller.InfosetScanner                                    : loaded 2 times (x 68B)
Class com.google.common.collect.ImmutableMapEntry                                     : loaded 2 times (x 83B)
Class [Lcom.sun.xml.bind.v2.runtime.property.PropertyImpl;                            : loaded 2 times (x 67B)
Class com.sun.xml.bind.InternalAccessorFactory                                        : loaded 2 times (x 68B)
Class com.sun.xml.bind.api.impl.NameConverter$Standard                                : loaded 2 times (x 91B)
Class android.databinding.tool.CompilerArguments$Companion                            : loaded 2 times (x 69B)
Class com.sun.xml.bind.v2.model.annotation.AnnotationSource                           : loaded 2 times (x 68B)
Class com.google.common.io.ByteStreams                                                : loaded 2 times (x 69B)
Class javax.xml.bind.ValidationEvent                                                  : loaded 2 times (x 68B)
Class com.sun.xml.bind.v2.util.ByteArrayOutputStreamEx                                : loaded 2 times (x 92B)
Class com.sun.istack.FinalArrayList                                                   : loaded 2 times (x 169B)
Class kotlin.internal.ProgressionUtilKt                                               : loaded 2 times (x 69B)
Class com.google.gson.internal.JsonReaderInternalAccess                               : loaded 2 times (x 70B)
Class com.sun.xml.bind.v2.model.core.ClassInfo                                        : loaded 2 times (x 68B)
Class kotlin.reflect.KFunction                                                        : loaded 2 times (x 68B)
Class com.sun.xml.bind.v2.model.core.ArrayInfo                                        : loaded 2 times (x 68B)
Class com.sun.xml.bind.v2.runtime.reflect.DefaultTransducedAccessor                   : loaded 2 times (x 77B)
Class kotlin.jvm.KotlinReflectionNotSupportedError                                    : loaded 2 times (x 80B)
Class kotlin.LazyKt__LazyKt                                                           : loaded 2 times (x 69B)
Class kotlin.io.TerminateException                                                    : loaded 2 times (x 80B)
Class com.google.gson.internal.bind.TypeAdapters$10                                   : loaded 2 times (x 73B)
Class com.google.gson.internal.bind.TypeAdapters$11                                   : loaded 2 times (x 73B)
Class com.google.gson.internal.bind.TypeAdapters$12                                   : loaded 2 times (x 73B)
Class com.google.common.collect.ImmutableMultiset                                     : loaded 2 times (x 161B)
Class com.google.common.base.CharMatcher$FastMatcher                                  : loaded 2 times (x 109B)
Class com.google.gson.internal.bind.TypeAdapters$13                                   : loaded 2 times (x 73B)
Class com.sun.xml.bind.v2.runtime.property.ArrayERProperty$ItemsLoader                : loaded 2 times (x 76B)
Class com.sun.xml.bind.v2.model.nav.ReflectionNavigator$10                            : loaded 2 times (x 75B)
Class com.google.gson.internal.bind.TypeAdapters$14                                   : loaded 2 times (x 73B)
Class com.google.gson.internal.sql.SqlTypesSupport                                    : loaded 2 times (x 69B)
Class org.gradle.internal.classpath.DefaultClassPath$ImmutableUniqueList              : loaded 2 times (x 159B)
Class com.google.gson.internal.bind.TypeAdapters$15                                   : loaded 2 times (x 73B)
Class com.sun.xml.bind.v2.model.core.Ref                                              : loaded 2 times (x 70B)
Class com.google.gson.internal.bind.TypeAdapters$16                                   : loaded 2 times (x 73B)
Class com.sun.xml.bind.v2.runtime.unmarshaller.UnmarshallingContext                   : loaded 2 times (x 101B)
Class com.google.gson.internal.bind.TypeAdapters$17                                   : loaded 2 times (x 73B)
Class com.google.gson.internal.bind.TypeAdapters$18                                   : loaded 2 times (x 73B)
Class [Lcom.google.gson.FieldNamingStrategy;                                          : loaded 2 times (x 67B)
Class com.google.gson.internal.bind.TypeAdapters$19                                   : loaded 2 times (x 73B)
Class com.google.common.collect.ImmutableMultimap$1                                   : loaded 2 times (x 80B)
Class com.google.gson.annotations.SerializedName                                      : loaded 2 times (x 68B)
Class com.google.common.collect.ImmutableMultimap$2                                   : loaded 2 times (x 79B)
Class javax.xml.bind.annotation.XmlAttachmentRef                                      : loaded 2 times (x 68B)
Class com.android.tools.build.jetifier.core.type.TypesMap                             : loaded 2 times (x 70B)
Class com.google.gson.internal.bind.ArrayTypeAdapter                                  : loaded 2 times (x 72B)
Class org.gradle.internal.classpath.TransformedClassPath                              : loaded 2 times (x 94B)
Class com.sun.xml.bind.v2.runtime.JaxBeanInfo                                         : loaded 2 times (x 87B)
Class com.sun.xml.bind.api.impl.NameUtil                                              : loaded 2 times (x 78B)
Class com.google.gson.internal.bind.TreeTypeAdapter                                   : loaded 2 times (x 73B)
Class com.sun.xml.bind.v2.model.nav.ReflectionNavigator$BinderArg                     : loaded 2 times (x 71B)
Class com.sun.xml.bind.v2.runtime.reflect.TransducedAccessor$IDREFTransducedAccessorImpl: loaded 2 times (x 78B)
Class com.sun.xml.bind.v2.runtime.property.SingleReferenceNodeProperty                : loaded 2 times (x 100B)
Class org.gradle.internal.installation.GradleInstallation                             : loaded 2 times (x 73B)
Class com.google.common.util.concurrent.AbstractFuture$Trusted                        : loaded 2 times (x 68B)
Class javax.xml.bind.DatatypeConverterInterface                                       : loaded 2 times (x 68B)
Class com.sun.xml.bind.v2.model.annotation.XmlElementRefsQuick                        : loaded 2 times (x 89B)
Class kotlin.LazyThreadSafetyMode                                                     : loaded 2 times (x 77B)
Class kotlin.io.CloseableKt                                                           : loaded 2 times (x 69B)
Class com.google.common.graph.SuccessorsFunction                                      : loaded 2 times (x 68B)
Class com.sun.xml.bind.v2.runtime.reflect.Utils                                       : loaded 2 times (x 69B)
Class kotlin.text.StringsKt___StringsKt                                               : loaded 2 times (x 69B)
Class kotlin.Pair                                                                     : loaded 2 times (x 70B)
Class com.google.common.io.ByteSink                                                   : loaded 2 times (x 74B)
Class com.google.gson.internal.bind.TypeAdapters$20                                   : loaded 2 times (x 73B)
Class com.google.common.collect.AbstractMapBasedMultimap$WrappedCollection$WrappedIterator: loaded 2 times (x 82B)
Class com.google.gson.internal.bind.TypeAdapters$21                                   : loaded 2 times (x 73B)
Class org.objectweb.asm.MethodWriter                                                  : loaded 2 times (x 104B)
Class com.google.gson.internal.bind.TypeAdapters$22                                   : loaded 2 times (x 73B)
Class com.google.gson.internal.bind.TypeAdapters$23                                   : loaded 2 times (x 73B)
Class com.google.gson.internal.bind.TypeAdapters$24                                   : loaded 2 times (x 73B)
Class com.sun.xml.bind.v2.model.annotation.XmlSchemaTypeQuick                         : loaded 2 times (x 91B)
Class com.google.gson.internal.bind.TypeAdapters$25                                   : loaded 2 times (x 73B)
Class kotlin.collections.AbstractList$Companion                                       : loaded 2 times (x 69B)
Class com.google.gson.internal.bind.TypeAdapters$26                                   : loaded 2 times (x 73B)
Class com.google.gson.internal.bind.TypeAdapters$27                                   : loaded 2 times (x 73B)
Class com.sun.xml.bind.v2.runtime.property.PropertyImpl                               : loaded 2 times (x 100B)
Class com.google.gson.internal.bind.TypeAdapters$28                                   : loaded 2 times (x 73B)
Class com.google.gson.internal.bind.TypeAdapters$29                                   : loaded 2 times (x 73B)
Class com.google.common.collect.Platform                                              : loaded 2 times (x 69B)
Class com.google.common.collect.ImmutableAsList                                       : loaded 2 times (x 169B)
Class com.sun.xml.bind.v2.model.runtime.RuntimeElementInfo                            : loaded 2 times (x 68B)
Class com.sun.xml.bind.v2.runtime.property.AttributeProperty                          : loaded 2 times (x 103B)
Class kotlin.SynchronizedLazyImpl                                                     : loaded 2 times (x 74B)
Class javax.xml.bind.Unmarshaller                                                     : loaded 2 times (x 68B)
Class com.google.common.util.concurrent.ExecutionError                                : loaded 2 times (x 80B)
Class com.sun.xml.bind.v2.model.impl.TypeRefImpl                                      : loaded 2 times (x 85B)
Class com.google.gson.internal.LinkedTreeMap$Node                                     : loaded 2 times (x 77B)
Class com.google.common.io.ByteSink$AsCharSink                                        : loaded 2 times (x 78B)
Class com.google.common.base.Equivalence$Identity                                     : loaded 2 times (x 80B)
Class kotlin.ranges.IntRange                                                          : loaded 2 times (x 91B)
Class com.google.common.base.CharMatcher$AnyOf                                        : loaded 2 times (x 110B)
Class com.google.common.base.CharMatcher$IsEither                                     : loaded 2 times (x 109B)
Class kotlin.collections.SetsKt__SetsKt                                               : loaded 2 times (x 69B)
Class com.sun.xml.bind.v2.runtime.reflect.ListIterator                                : loaded 2 times (x 68B)
Class com.sun.xml.bind.v2.model.nav.TypeVisitor                                       : loaded 2 times (x 74B)
Class com.google.common.cache.LocalCache                                              : loaded 2 times (x 185B)
Class kotlin.jvm.internal.PropertyReference                                           : loaded 2 times (x 113B)
Class javax.xml.bind.helpers.DefaultValidationEventHandler                            : loaded 2 times (x 73B)
Class com.google.common.collect.ImmutableRangeSet$Builder                             : loaded 2 times (x 75B)
Class com.sun.xml.bind.v2.model.annotation.XmlValueQuick                              : loaded 2 times (x 88B)
Class kotlin.ranges.IntRange$Companion                                                : loaded 2 times (x 69B)
Class com.google.common.collect.RegularImmutableList                                  : loaded 2 times (x 172B)
Class com.sun.xml.bind.v2.util.QNameMap                                               : loaded 2 times (x 70B)
Class com.sun.xml.bind.v2.runtime.reflect.Lister$IDREFS                               : loaded 2 times (x 75B)
Class [Lorg.apache.commons.io.file.DeleteOption;                                      : loaded 2 times (x 67B)
Class org.apache.commons.io.file.PathUtils                                            : loaded 2 times (x 69B)
Class com.sun.xml.bind.v2.model.core.ElementInfo                                      : loaded 2 times (x 68B)
Class com.android.tools.build.jetifier.core.TypeRewriter$Companion                    : loaded 2 times (x 69B)
Class com.android.tools.build.jetifier.core.config.Config$JsonData                    : loaded 2 times (x 70B)
Class com.sun.istack.Pool$Impl                                                        : loaded 2 times (x 75B)
Class com.google.common.collect.Multiset                                              : loaded 2 times (x 68B)
Class com.google.gson.internal.bind.TypeAdapters$31                                   : loaded 2 times (x 74B)
Class com.google.gson.internal.bind.TypeAdapters$32                                   : loaded 2 times (x 74B)
Class com.google.common.collect.ImmutableSet$CachingAsList                            : loaded 2 times (x 145B)
Class com.google.gson.internal.bind.TypeAdapters$33                                   : loaded 2 times (x 74B)
Class com.google.gson.internal.bind.TypeAdapters$34                                   : loaded 2 times (x 74B)
Class com.google.gson.internal.ConstructorConstructor$13                              : loaded 2 times (x 73B)
Class kotlin.comparisons.ComparisonsKt__ComparisonsKt                                 : loaded 2 times (x 69B)
Class com.google.gson.internal.ConstructorConstructor$16                              : loaded 2 times (x 73B)
Class kotlin.collections.EmptyMap                                                     : loaded 2 times (x 107B)
Class com.google.gson.internal.ConstructorConstructor$18                              : loaded 2 times (x 73B)
Class com.sun.xml.bind.v2.runtime.reflect.Accessor$FieldReflection                    : loaded 2 times (x 83B)
Class com.google.gson.internal.ConstructorConstructor$19                              : loaded 2 times (x 74B)
Class javax.xml.bind.ValidationEventLocator                                           : loaded 2 times (x 68B)
Class com.google.common.collect.NullsLastOrdering                                     : loaded 2 times (x 113B)
Class org.objectweb.asm.MethodVisitor                                                 : loaded 2 times (x 103B)
Class com.google.common.collect.AbstractMapBasedMultimap$KeySet$1                     : loaded 2 times (x 80B)
Class com.google.common.collect.ImmutableMapEntry$NonTerminalImmutableMapEntry        : loaded 2 times (x 83B)
Class com.google.common.collect.AbstractMapBasedMultimap                              : loaded 2 times (x 137B)
Class com.sun.xml.bind.v2.runtime.reflect.TransducedAccessor                          : loaded 2 times (x 76B)
Class com.google.gson.stream.JsonToken                                                : loaded 2 times (x 77B)


---------------  S Y S T E M  ---------------

OS:
 Windows 10 , 64 bit Build 19041 (10.0.19041.5915)
OS uptime: 0 days 4:49 hours

CPU: total 8 (initial active 8) (4 cores per cpu, 2 threads per core) family 6 model 70 stepping 1 microcode 0x1c, cx8, cmov, fxsr, ht, mmx, sse, sse2, sse3, ssse3, sse4.1, sse4.2, popcnt, lzcnt, tsc, tscinvbit, avx, avx2, aes, erms, clmul, bmi1, bmi2, fma, vzeroupper, clflush
Processor Information for all 8 processors :
  Max Mhz: 2301, Current Mhz: 2300, Mhz Limit: 2277

Memory: 4k page, system-wide physical 16292M (1197M free)
TotalPageFile size 19871M (AvailPageFile size 8M)
current process WorkingSet (physical memory assigned to process): 1949M, peak: 1957M
current process commit charge ("private bytes"): 2024M, peak: 2033M

vm_info: OpenJDK 64-Bit Server VM (17.0.9+0--11185874) for windows-amd64 JRE (17.0.9+0--11185874), built on Dec  6 2023 18:57:44 by "androidbuild" with MS VC++ 16.10 / 16.11 (VS2019)

END.
