#
# There is insufficient memory for the Java Runtime Environment to continue.
# Native memory allocation (mmap) failed to map 161480704 bytes for G1 virtual space
# Possible reasons:
#   The system is out of physical RAM or swap space
#   The process is running with CompressedOops enabled, and the Java Heap may be blocking the growth of the native heap
# Possible solutions:
#   Reduce memory load on the system
#   Increase physical memory or swap space
#   Check if swap backing store is full
#   Decrease Java heap size (-Xmx/-Xms)
#   Decrease number of Java threads
#   Decrease Java thread stack sizes (-Xss)
#   Set larger code cache with -XX:ReservedCodeCacheSize=
#   JVM is running with Zero Based Compressed Oops mode in which the Java heap is
#     placed in the first 32GB address space. The Java Heap base address is the
#     maximum limit for the native heap growth. Please use -XX:HeapBaseMinAddress
#     to set the Java Heap base and to place the Java Heap above 32GB virtual address.
# This output file may be truncated or incomplete.
#
#  Out of Memory Error (os_windows.cpp:3825), pid=21408, tid=17556
#
# JRE version: OpenJDK Runtime Environment (17.0.9) (build 17.0.9+0--11185874)
# Java VM: OpenJDK 64-Bit Server VM (17.0.9+0--11185874, mixed mode, tiered, compressed oops, compressed class ptrs, g1 gc, windows-amd64)
# No core dump will be written. Minidumps are not enabled by default on client versions of Windows
#

---------------  S U M M A R Y ------------

Command Line: --add-opens=java.base/java.lang=ALL-UNNAMED --add-opens=java.base/java.lang.invoke=ALL-UNNAMED --add-opens=java.base/java.util=ALL-UNNAMED --add-opens=java.prefs/java.util.prefs=ALL-UNNAMED --add-exports=jdk.compiler/com.sun.tools.javac.api=ALL-UNNAMED --add-exports=jdk.compiler/com.sun.tools.javac.util=ALL-UNNAMED --add-opens=java.base/java.util=ALL-UNNAMED --add-opens=java.prefs/java.util.prefs=ALL-UNNAMED --add-opens=java.base/java.nio.charset=ALL-UNNAMED --add-opens=java.base/java.net=ALL-UNNAMED --add-opens=java.base/java.util.concurrent.atomic=ALL-UNNAMED --add-opens=java.xml/javax.xml.namespace=ALL-UNNAMED -Xmx4096m -Dfile.encoding=windows-1252 -Duser.country=AU -Duser.language=en -Duser.variant -javaagent:C:\Users\a\.gradle\wrapper\dists\gradle-8.14.3-bin\40dfek2kz346l18gf9ltjsnyd\gradle-8.14.3\lib\agents\gradle-instrumentation-agent-8.14.3.jar org.gradle.launcher.daemon.bootstrap.GradleDaemon 8.14.3

Host: Intel(R) Core(TM) i7-4850HQ CPU @ 2.30GHz, 8 cores, 15G,  Windows 10 , 64 bit Build 19041 (10.0.19041.5915)
Time: Mon Aug 31 17:19:47 2026 China Standard Time elapsed time: 16.002846 seconds (0d 0h 0m 16s)

---------------  T H R E A D  ---------------

Current thread (0x00000218ada4e010):  VMThread "VM Thread" [stack: 0x00000069bf100000,0x00000069bf200000] [id=17556]

Stack: [0x00000069bf100000,0x00000069bf200000]
Native frames: (J=compiled Java code, j=interpreted, Vv=VM code, C=native code)
V  [jvm.dll+0x6886e9]
V  [jvm.dll+0x841e4a]
V  [jvm.dll+0x843a8e]
V  [jvm.dll+0x8440f3]
V  [jvm.dll+0x24c14f]
V  [jvm.dll+0x685499]
V  [jvm.dll+0x679c2a]
V  [jvm.dll+0x30cf9b]
V  [jvm.dll+0x314446]
V  [jvm.dll+0x36425e]
V  [jvm.dll+0x36448f]
V  [jvm.dll+0x2e2d68]
V  [jvm.dll+0x2e0f44]
V  [jvm.dll+0x2e054c]
V  [jvm.dll+0x3253fb]
V  [jvm.dll+0x8487eb]
V  [jvm.dll+0x849531]
V  [jvm.dll+0x849a4d]
V  [jvm.dll+0x849e24]
V  [jvm.dll+0x849ef0]
V  [jvm.dll+0x7f06aa]
V  [jvm.dll+0x687565]
C  [ucrtbase.dll+0x21bb2]
C  [KERNEL32.DLL+0x17374]
C  [ntdll.dll+0x4cc91]

VM_Operation (0x00000069c14fe7a0): G1CollectForAllocation, mode: safepoint, requested by thread 0x00000218b260e3a0


---------------  P R O C E S S  ---------------

Threads class SMR info:
_java_thread_list=0x00000218bef158e0, length=95, elements={
0x000002188ee42380, 0x00000218ada36450, 0x00000218ada39d90, 0x00000218ada987d0,
0x00000218ada9b0b0, 0x00000218ada9e130, 0x00000218ada9f1a0, 0x00000218adab2340,
0x00000218adab7090, 0x00000218adac2590, 0x00000218adbab780, 0x00000218add07bd0,
0x00000218b28bbd60, 0x00000218b276e550, 0x00000218b358a070, 0x00000218b4348b30,
0x00000218b260edc0, 0x00000218b260b610, 0x00000218b260d980, 0x00000218b260c540,
0x00000218b260d470, 0x00000218b260de90, 0x00000218b260ca50, 0x00000218b260cf60,
0x00000218b260e3a0, 0x00000218b6a98b80, 0x00000218b6a95df0, 0x00000218b6a9a4d0,
0x00000218b6a949b0, 0x00000218b6a944a0, 0x00000218b6a9b910, 0x00000218b6a98160,
0x00000218b6a96d20, 0x00000218b6a96810, 0x00000218b6a9b400, 0x00000218b6a94ec0,
0x00000218b6a98670, 0x00000218b6a958e0, 0x00000218b6a99fc0, 0x00000218b6a995a0,
0x00000218b6a99ab0, 0x00000218b260bb20, 0x00000218b260c030, 0x00000218b41f99c0,
0x00000218b41f9ed0, 0x00000218b41f7650, 0x00000218b41f8fa0, 0x00000218b41fb820,
0x00000218b41fa8f0, 0x00000218b41fc240, 0x00000218b41fbd30, 0x00000218b41f7b60,
0x00000218b41f94b0, 0x00000218b41fb310, 0x00000218b41fae00, 0x00000218b41f4dd0,
0x00000218b41f8580, 0x00000218b41f6c30, 0x00000218b41fc750, 0x00000218b41f5d00,
0x00000218b41f6210, 0x00000218b41f6720, 0x00000218b41f7140, 0x00000218b41f8070,
0x00000218b41f8a90, 0x00000218b7a39420, 0x00000218b7a34d40, 0x00000218b7a3bca0,
0x00000218b7a36ba0, 0x00000218b7a38f10, 0x00000218b7a37fe0, 0x00000218b7a375c0,
0x00000218b7a35c70, 0x00000218b7a36180, 0x00000218b7a35250, 0x00000218b7a3b280,
0x00000218b7a36690, 0x00000218b7a3a350, 0x00000218b7a370b0, 0x00000218b7a37ad0,
0x00000218b7a3b790, 0x00000218b7a38a00, 0x00000218b6411030, 0x00000218b5389d80,
0x00000218bef66ad0, 0x00000218bef64250, 0x00000218bef63d40, 0x00000218bef660b0,
0x00000218bef665c0, 0x00000218bef66fe0, 0x00000218bef67a00, 0x00000218bef63320,
0x00000218bef69860, 0x00000218bef69d70, 0x00000218bef65ba0
}

Java Threads: ( => current thread )
  0x000002188ee42380 JavaThread "main" [_thread_blocked, id=19172, stack(0x00000069beb00000,0x00000069bec00000)]
  0x00000218ada36450 JavaThread "Reference Handler" daemon [_thread_blocked, id=8320, stack(0x00000069bf200000,0x00000069bf300000)]
  0x00000218ada39d90 JavaThread "Finalizer" daemon [_thread_blocked, id=12720, stack(0x00000069bf300000,0x00000069bf400000)]
  0x00000218ada987d0 JavaThread "Signal Dispatcher" daemon [_thread_blocked, id=5560, stack(0x00000069bf400000,0x00000069bf500000)]
  0x00000218ada9b0b0 JavaThread "Attach Listener" daemon [_thread_blocked, id=9256, stack(0x00000069bf500000,0x00000069bf600000)]
  0x00000218ada9e130 JavaThread "Service Thread" daemon [_thread_blocked, id=10884, stack(0x00000069bf600000,0x00000069bf700000)]
  0x00000218ada9f1a0 JavaThread "Monitor Deflation Thread" daemon [_thread_blocked, id=19804, stack(0x00000069bf700000,0x00000069bf800000)]
  0x00000218adab2340 JavaThread "C2 CompilerThread0" daemon [_thread_blocked, id=19212, stack(0x00000069bf800000,0x00000069bf900000)]
  0x00000218adab7090 JavaThread "C1 CompilerThread0" daemon [_thread_blocked, id=19548, stack(0x00000069bf900000,0x00000069bfa00000)]
  0x00000218adac2590 JavaThread "Sweeper thread" daemon [_thread_blocked, id=20772, stack(0x00000069bfa00000,0x00000069bfb00000)]
  0x00000218adbab780 JavaThread "Common-Cleaner" daemon [_thread_blocked, id=16912, stack(0x00000069bfb00000,0x00000069bfc00000)]
  0x00000218add07bd0 JavaThread "Notification Thread" daemon [_thread_blocked, id=18032, stack(0x00000069bfc00000,0x00000069bfd00000)]
  0x00000218b28bbd60 JavaThread "Daemon health stats" [_thread_blocked, id=18224, stack(0x00000069c0600000,0x00000069c0700000)]
  0x00000218b276e550 JavaThread "Incoming local TCP Connector on port 34353" [_thread_in_native, id=19204, stack(0x00000069c0700000,0x00000069c0800000)]
  0x00000218b358a070 JavaThread "Daemon periodic checks" [_thread_blocked, id=1920, stack(0x00000069c0800000,0x00000069c0900000)]
  0x00000218b4348b30 JavaThread "Daemon" [_thread_blocked, id=15652, stack(0x00000069c0900000,0x00000069c0a00000)]
  0x00000218b260edc0 JavaThread "Handler for socket connection from /127.0.0.1:34353 to /127.0.0.1:34354" [_thread_in_native, id=21156, stack(0x00000069c0a00000,0x00000069c0b00000)]
  0x00000218b260b610 JavaThread "Cancel handler" [_thread_blocked, id=3144, stack(0x00000069c0b00000,0x00000069c0c00000)]
  0x00000218b260d980 JavaThread "Daemon worker" [_thread_blocked, id=20220, stack(0x00000069c0c00000,0x00000069c0d00000)]
  0x00000218b260c540 JavaThread "Asynchronous log dispatcher for DefaultDaemonConnection: socket connection from /127.0.0.1:34353 to /127.0.0.1:34354" [_thread_blocked, id=21112, stack(0x00000069c0d00000,0x00000069c0e00000)]
  0x00000218b260d470 JavaThread "Stdin handler" [_thread_blocked, id=18372, stack(0x00000069c0e00000,0x00000069c0f00000)]
  0x00000218b260de90 JavaThread "Daemon client event forwarder" [_thread_blocked, id=19560, stack(0x00000069c0f00000,0x00000069c1000000)]
  0x00000218b260ca50 JavaThread "Cache worker for journal cache (C:\Users\a\.gradle\caches\journal-1)" [_thread_blocked, id=20924, stack(0x00000069c1200000,0x00000069c1300000)]
  0x00000218b260cf60 JavaThread "File lock request listener" [_thread_in_native, id=19812, stack(0x00000069c1300000,0x00000069c1400000)]
  0x00000218b260e3a0 JavaThread "Cache worker for file hash cache (C:\Users\a\.gradle\caches\8.14.3\fileHashes)" [_thread_blocked, id=8184, stack(0x00000069c1400000,0x00000069c1500000)]
  0x00000218b6a98b80 JavaThread "Cache worker for file hash cache (C:\Users\a\Documents\Android-SDK@4.87.82540_20251128\UniPlugin-Hello-AS - Copy\.gradle\8.14.3\fileHashes)" [_thread_blocked, id=17424, stack(0x00000069c1500000,0x00000069c1600000)]
  0x00000218b6a95df0 JavaThread "Cache worker for Build Output Cleanup Cache (C:\Users\a\Documents\Android-SDK@4.87.82540_20251128\UniPlugin-Hello-AS - Copy\.gradle\buildOutputCleanup)" [_thread_blocked, id=18772, stack(0x00000069c1600000,0x00000069c1700000)]
  0x00000218b6a9a4d0 JavaThread "File watcher server" daemon [_thread_in_native, id=19296, stack(0x00000069c1700000,0x00000069c1800000)]
  0x00000218b6a949b0 JavaThread "File watcher consumer" daemon [_thread_blocked, id=20804, stack(0x00000069c1800000,0x00000069c1900000)]
  0x00000218b6a944a0 JavaThread "jar transforms" [_thread_blocked, id=19472, stack(0x00000069c1900000,0x00000069c1a00000)]
  0x00000218b6a9b910 JavaThread "jar transforms Thread 2" [_thread_blocked, id=19240, stack(0x00000069c1a00000,0x00000069c1b00000)]
  0x00000218b6a98160 JavaThread "jar transforms Thread 3" [_thread_blocked, id=19180, stack(0x00000069c1b00000,0x00000069c1c00000)]
  0x00000218b6a96d20 JavaThread "jar transforms Thread 4" [_thread_blocked, id=18632, stack(0x00000069c1c00000,0x00000069c1d00000)]
  0x00000218b6a96810 JavaThread "jar transforms Thread 5" [_thread_blocked, id=21040, stack(0x00000069c1d00000,0x00000069c1e00000)]
  0x00000218b6a9b400 JavaThread "jar transforms Thread 6" [_thread_blocked, id=18688, stack(0x00000069c1e00000,0x00000069c1f00000)]
  0x00000218b6a94ec0 JavaThread "jar transforms Thread 7" [_thread_blocked, id=7584, stack(0x00000069c1f00000,0x00000069c2000000)]
  0x00000218b6a98670 JavaThread "jar transforms Thread 8" [_thread_blocked, id=16392, stack(0x00000069c2000000,0x00000069c2100000)]
  0x00000218b6a958e0 JavaThread "Cache worker for checksums cache (C:\Users\a\Documents\Android-SDK@4.87.82540_20251128\UniPlugin-Hello-AS - Copy\.gradle\8.14.3\checksums)" [_thread_blocked, id=19332, stack(0x00000069c2100000,0x00000069c2200000)]
  0x00000218b6a99fc0 JavaThread "Cache worker for file content cache (C:\Users\a\.gradle\caches\8.14.3\fileContent)" [_thread_blocked, id=19932, stack(0x00000069c2200000,0x00000069c2300000)]
  0x00000218b6a995a0 JavaThread "Cache worker for cache directory md-supplier (C:\Users\a\.gradle\caches\8.14.3\md-supplier)" [_thread_blocked, id=19552, stack(0x00000069c2300000,0x00000069c2400000)]
  0x00000218b6a99ab0 JavaThread "Cache worker for cache directory md-rule (C:\Users\a\.gradle\caches\8.14.3\md-rule)" [_thread_blocked, id=19620, stack(0x00000069c2400000,0x00000069c2500000)]
  0x00000218b260bb20 JavaThread "Unconstrained build operations" [_thread_blocked, id=20024, stack(0x00000069c2500000,0x00000069c2600000)]
  0x00000218b260c030 JavaThread "Unconstrained build operations Thread 2" [_thread_blocked, id=11324, stack(0x00000069c2600000,0x00000069c2700000)]
  0x00000218b41f99c0 JavaThread "Unconstrained build operations Thread 3" [_thread_blocked, id=19096, stack(0x00000069c2700000,0x00000069c2800000)]
  0x00000218b41f9ed0 JavaThread "Unconstrained build operations Thread 4" [_thread_blocked, id=20896, stack(0x00000069c2800000,0x00000069c2900000)]
  0x00000218b41f7650 JavaThread "Unconstrained build operations Thread 5" [_thread_blocked, id=12492, stack(0x00000069c2900000,0x00000069c2a00000)]
  0x00000218b41f8fa0 JavaThread "Unconstrained build operations Thread 6" [_thread_blocked, id=21420, stack(0x00000069c2a00000,0x00000069c2b00000)]
  0x00000218b41fb820 JavaThread "Unconstrained build operations Thread 7" [_thread_blocked, id=3912, stack(0x00000069c2b00000,0x00000069c2c00000)]
  0x00000218b41fa8f0 JavaThread "Unconstrained build operations Thread 8" [_thread_blocked, id=17360, stack(0x00000069c2c00000,0x00000069c2d00000)]
  0x00000218b41fc240 JavaThread "Unconstrained build operations Thread 9" [_thread_blocked, id=21224, stack(0x00000069c2d00000,0x00000069c2e00000)]
  0x00000218b41fbd30 JavaThread "Unconstrained build operations Thread 10" [_thread_blocked, id=21444, stack(0x00000069c2e00000,0x00000069c2f00000)]
  0x00000218b41f7b60 JavaThread "Unconstrained build operations Thread 11" [_thread_blocked, id=19340, stack(0x00000069c2f00000,0x00000069c3000000)]
  0x00000218b41f94b0 JavaThread "Unconstrained build operations Thread 12" [_thread_blocked, id=16432, stack(0x00000069c3000000,0x00000069c3100000)]
  0x00000218b41fb310 JavaThread "Unconstrained build operations Thread 13" [_thread_blocked, id=7524, stack(0x00000069c3100000,0x00000069c3200000)]
  0x00000218b41fae00 JavaThread "Unconstrained build operations Thread 14" [_thread_blocked, id=21104, stack(0x00000069c3200000,0x00000069c3300000)]
  0x00000218b41f4dd0 JavaThread "Unconstrained build operations Thread 15" [_thread_blocked, id=5548, stack(0x00000069c3300000,0x00000069c3400000)]
  0x00000218b41f8580 JavaThread "Unconstrained build operations Thread 16" [_thread_blocked, id=16424, stack(0x00000069c3400000,0x00000069c3500000)]
  0x00000218b41f6c30 JavaThread "Unconstrained build operations Thread 17" [_thread_blocked, id=6728, stack(0x00000069c3500000,0x00000069c3600000)]
  0x00000218b41fc750 JavaThread "Unconstrained build operations Thread 18" [_thread_blocked, id=21216, stack(0x00000069c3600000,0x00000069c3700000)]
  0x00000218b41f5d00 JavaThread "Problems report writer" [_thread_blocked, id=19264, stack(0x00000069c3700000,0x00000069c3800000)]
  0x00000218b41f6210 JavaThread "Unconstrained build operations Thread 19" [_thread_blocked, id=7916, stack(0x00000069c3800000,0x00000069c3900000)]
  0x00000218b41f6720 JavaThread "Unconstrained build operations Thread 20" [_thread_blocked, id=3728, stack(0x00000069c3900000,0x00000069c3a00000)]
  0x00000218b41f7140 JavaThread "Unconstrained build operations Thread 21" [_thread_blocked, id=9340, stack(0x00000069c3a00000,0x00000069c3b00000)]
  0x00000218b41f8070 JavaThread "Unconstrained build operations Thread 22" [_thread_blocked, id=20468, stack(0x00000069c3b00000,0x00000069c3c00000)]
  0x00000218b41f8a90 JavaThread "Unconstrained build operations Thread 23" [_thread_blocked, id=6436, stack(0x00000069c3c00000,0x00000069c3d00000)]
  0x00000218b7a39420 JavaThread "Unconstrained build operations Thread 24" [_thread_blocked, id=6960, stack(0x00000069c3d00000,0x00000069c3e00000)]
  0x00000218b7a34d40 JavaThread "Unconstrained build operations Thread 25" [_thread_blocked, id=3104, stack(0x00000069c3e00000,0x00000069c3f00000)]
  0x00000218b7a3bca0 JavaThread "Unconstrained build operations Thread 26" [_thread_blocked, id=8660, stack(0x00000069c3f00000,0x00000069c4000000)]
  0x00000218b7a36ba0 JavaThread "Unconstrained build operations Thread 27" [_thread_blocked, id=6492, stack(0x00000069c4000000,0x00000069c4100000)]
  0x00000218b7a38f10 JavaThread "Unconstrained build operations Thread 28" [_thread_blocked, id=4408, stack(0x00000069c4100000,0x00000069c4200000)]
  0x00000218b7a37fe0 JavaThread "Unconstrained build operations Thread 29" [_thread_blocked, id=20172, stack(0x00000069c4200000,0x00000069c4300000)]
  0x00000218b7a375c0 JavaThread "Unconstrained build operations Thread 30" [_thread_blocked, id=1232, stack(0x00000069c4300000,0x00000069c4400000)]
  0x00000218b7a35c70 JavaThread "Unconstrained build operations Thread 31" [_thread_blocked, id=20296, stack(0x00000069c4400000,0x00000069c4500000)]
  0x00000218b7a36180 JavaThread "Unconstrained build operations Thread 32" [_thread_blocked, id=16144, stack(0x00000069c4500000,0x00000069c4600000)]
  0x00000218b7a35250 JavaThread "Unconstrained build operations Thread 33" [_thread_blocked, id=16596, stack(0x00000069c4600000,0x00000069c4700000)]
  0x00000218b7a3b280 JavaThread "Unconstrained build operations Thread 34" [_thread_blocked, id=21248, stack(0x00000069c4700000,0x00000069c4800000)]
  0x00000218b7a36690 JavaThread "Unconstrained build operations Thread 35" [_thread_blocked, id=7836, stack(0x00000069c4800000,0x00000069c4900000)]
  0x00000218b7a3a350 JavaThread "Unconstrained build operations Thread 36" [_thread_blocked, id=21060, stack(0x00000069c4900000,0x00000069c4a00000)]
  0x00000218b7a370b0 JavaThread "Unconstrained build operations Thread 37" [_thread_blocked, id=18012, stack(0x00000069c4a00000,0x00000069c4b00000)]
  0x00000218b7a37ad0 JavaThread "Unconstrained build operations Thread 38" [_thread_blocked, id=6976, stack(0x00000069c4b00000,0x00000069c4c00000)]
  0x00000218b7a3b790 JavaThread "Unconstrained build operations Thread 39" [_thread_blocked, id=19440, stack(0x00000069c4c00000,0x00000069c4d00000)]
  0x00000218b7a38a00 JavaThread "Memory manager" [_thread_blocked, id=10880, stack(0x00000069bff00000,0x00000069c0000000)]
  0x00000218b6411030 JavaThread "C2 CompilerThread1" daemon [_thread_blocked, id=20856, stack(0x00000069bfe00000,0x00000069bff00000)]
  0x00000218b5389d80 JavaThread "C2 CompilerThread2" daemon [_thread_blocked, id=5516, stack(0x00000069c4d00000,0x00000069c4e00000)]
  0x00000218bef66ad0 JavaThread "included builds" [_thread_blocked, id=10124, stack(0x00000069c4e00000,0x00000069c4f00000)]
  0x00000218bef64250 JavaThread "Execution worker" [_thread_blocked, id=18840, stack(0x00000069c4f00000,0x00000069c5000000)]
  0x00000218bef63d40 JavaThread "Execution worker Thread 2" [_thread_blocked, id=7496, stack(0x00000069c5000000,0x00000069c5100000)]
  0x00000218bef660b0 JavaThread "Execution worker Thread 3" [_thread_blocked, id=3396, stack(0x00000069c5100000,0x00000069c5200000)]
  0x00000218bef665c0 JavaThread "Execution worker Thread 4" [_thread_blocked, id=16828, stack(0x00000069c5200000,0x00000069c5300000)]
  0x00000218bef66fe0 JavaThread "Execution worker Thread 5" [_thread_blocked, id=16212, stack(0x00000069c5300000,0x00000069c5400000)]
  0x00000218bef67a00 JavaThread "Execution worker Thread 6" [_thread_blocked, id=8784, stack(0x00000069c5400000,0x00000069c5500000)]
  0x00000218bef63320 JavaThread "Execution worker Thread 7" [_thread_blocked, id=20228, stack(0x00000069c5500000,0x00000069c5600000)]
  0x00000218bef69860 JavaThread "Cache worker for execution history cache (C:\Users\a\Documents\Android-SDK@4.87.82540_20251128\UniPlugin-Hello-AS - Copy\.gradle\8.14.3\executionHistory)" [_thread_blocked, id=19040, stack(0x00000069c5600000,0x00000069c5700000)]
  0x00000218bef69d70 JavaThread "idea-tooling-model-converter" [_thread_blocked, id=20940, stack(0x00000069c5700000,0x00000069c5800000)]
  0x00000218bef65ba0 JavaThread "Unconstrained build operations Thread 40" [_thread_blocked, id=14184, stack(0x00000069c5800000,0x00000069c5900000)]

Other Threads:
=>0x00000218ada4e010 VMThread "VM Thread" [stack: 0x00000069bf100000,0x00000069bf200000] [id=17556]
  0x00000218add084b0 WatcherThread [stack: 0x00000069bfd00000,0x00000069bfe00000] [id=19988]
  0x000002188eeae330 GCTaskThread "GC Thread#0" [stack: 0x00000069bec00000,0x00000069bed00000] [id=18520]
  0x00000218b2456e60 GCTaskThread "GC Thread#1" [stack: 0x00000069c0000000,0x00000069c0100000] [id=19532]
  0x00000218b207fa90 GCTaskThread "GC Thread#2" [stack: 0x00000069c0100000,0x00000069c0200000] [id=21380]
  0x00000218b2521950 GCTaskThread "GC Thread#3" [stack: 0x00000069c0200000,0x00000069c0300000] [id=15752]
  0x00000218b2521c10 GCTaskThread "GC Thread#4" [stack: 0x00000069c0300000,0x00000069c0400000] [id=19220]
  0x00000218b20a85f0 GCTaskThread "GC Thread#5" [stack: 0x00000069c0400000,0x00000069c0500000] [id=16520]
  0x00000218b3d462a0 GCTaskThread "GC Thread#6" [stack: 0x00000069c0500000,0x00000069c0600000] [id=8]
  0x00000218b43adcb0 GCTaskThread "GC Thread#7" [stack: 0x00000069c1000000,0x00000069c1100000] [id=19188]
  0x000002188eec01a0 ConcurrentGCThread "G1 Main Marker" [stack: 0x00000069bed00000,0x00000069bee00000] [id=10788]
  0x000002188eec1270 ConcurrentGCThread "G1 Conc#0" [stack: 0x00000069bee00000,0x00000069bef00000] [id=17964]
  0x00000218b4275d80 ConcurrentGCThread "G1 Conc#1" [stack: 0x00000069c1100000,0x00000069c1200000] [id=20892]
  0x000002188eefdc60 ConcurrentGCThread "G1 Refine#0" [stack: 0x00000069bef00000,0x00000069bf000000] [id=16924]
  0x000002188eefe5a0 ConcurrentGCThread "G1 Service" [stack: 0x00000069bf000000,0x00000069bf100000] [id=20708]

Threads with active compile tasks:

VM state: at safepoint (normal execution)

VM Mutex/Monitor currently owned by a thread:  ([mutex/lock_event])
[0x000002188ee3d010] Threads_lock - owner thread: 0x00000218ada4e010
[0x000002188ee3d9a0] Heap_lock - owner thread: 0x00000218b260e3a0

Heap address: 0x0000000700000000, size: 4096 MB, Compressed Oops mode: Zero based, Oop shift amount: 3

CDS archive(s) not mapped
Compressed class space mapped at: 0x0000000800000000-0x0000000840000000, reserved size: 1073741824
Narrow klass base: 0x0000000800000000, Narrow klass shift: 0, Narrow klass range: 0x40000000

GC Precious Log:
 CPUs: 8 total, 8 available
 Memory: 16292M
 Large Page Support: Disabled
 NUMA Support: Disabled
 Compressed Oops: Enabled (Zero based)
 Heap Region Size: 2M
 Heap Min Capacity: 8M
 Heap Initial Capacity: 256M
 Heap Max Capacity: 4G
 Pre-touch: Disabled
 Parallel Workers: 8
 Concurrent Workers: 2
 Concurrent Refinement Workers: 8
 Periodic GC: Disabled

Heap:
 garbage-first heap   total 262144K, used 171298K [0x0000000700000000, 0x0000000800000000)
  region size 2048K, 3 young (6144K), 3 survivors (6144K)
 Metaspace       used 105257K, committed 106304K, reserved 1179648K
  class space    used 14444K, committed 14912K, reserved 1048576K

Heap Regions: E=young(eden), S=young(survivor), O=old, HS=humongous(starts), HC=humongous(continues), CS=collection set, F=free, OA=open archive, CA=closed archive, TAMS=top-at-mark-start (previous, next)
|   0|0x0000000700000000, 0x0000000700200000, 0x0000000700200000|100%|HS|  |TAMS 0x0000000700200000, 0x0000000700200000| Complete 
|   1|0x0000000700200000, 0x0000000700400000, 0x0000000700400000|100%|HC|  |TAMS 0x0000000700400000, 0x0000000700400000| Complete 
|   2|0x0000000700400000, 0x0000000700600000, 0x0000000700600000|100%| O|  |TAMS 0x0000000700600000, 0x0000000700600000| Untracked 
|   3|0x0000000700600000, 0x0000000700800000, 0x0000000700800000|100%| O|  |TAMS 0x0000000700800000, 0x0000000700800000| Untracked 
|   4|0x0000000700800000, 0x0000000700a00000, 0x0000000700a00000|100%| O|  |TAMS 0x0000000700a00000, 0x0000000700a00000| Untracked 
|   5|0x0000000700a00000, 0x0000000700c00000, 0x0000000700c00000|100%|HS|  |TAMS 0x0000000700c00000, 0x0000000700c00000| Complete 
|   6|0x0000000700c00000, 0x0000000700e00000, 0x0000000700e00000|100%| O|  |TAMS 0x0000000700e00000, 0x0000000700e00000| Untracked 
|   7|0x0000000700e00000, 0x0000000701000000, 0x0000000701000000|100%| O|  |TAMS 0x0000000701000000, 0x0000000701000000| Untracked 
|   8|0x0000000701000000, 0x0000000701200000, 0x0000000701200000|100%| O|  |TAMS 0x0000000701200000, 0x0000000701200000| Untracked 
|   9|0x0000000701200000, 0x0000000701400000, 0x0000000701400000|100%| O|  |TAMS 0x0000000701400000, 0x0000000701400000| Untracked 
|  10|0x0000000701400000, 0x0000000701600000, 0x0000000701600000|100%| O|  |TAMS 0x0000000701600000, 0x0000000701600000| Untracked 
|  11|0x0000000701600000, 0x0000000701800000, 0x0000000701800000|100%| O|  |TAMS 0x0000000701800000, 0x0000000701800000| Untracked 
|  12|0x0000000701800000, 0x0000000701a00000, 0x0000000701a00000|100%|HS|  |TAMS 0x0000000701a00000, 0x0000000701a00000| Complete 
|  13|0x0000000701a00000, 0x0000000701c00000, 0x0000000701c00000|100%|HC|  |TAMS 0x0000000701c00000, 0x0000000701c00000| Complete 
|  14|0x0000000701c00000, 0x0000000701e00000, 0x0000000701e00000|100%|HS|  |TAMS 0x0000000701e00000, 0x0000000701e00000| Complete 
|  15|0x0000000701e00000, 0x0000000702000000, 0x0000000702000000|100%|HC|  |TAMS 0x0000000702000000, 0x0000000702000000| Complete 
|  16|0x0000000702000000, 0x0000000702200000, 0x0000000702200000|100%|HS|  |TAMS 0x0000000702200000, 0x0000000702200000| Complete 
|  17|0x0000000702200000, 0x0000000702400000, 0x0000000702400000|100%|HC|  |TAMS 0x0000000702400000, 0x0000000702400000| Complete 
|  18|0x0000000702400000, 0x0000000702600000, 0x0000000702600000|100%| O|  |TAMS 0x0000000702600000, 0x0000000702600000| Untracked 
|  19|0x0000000702600000, 0x0000000702800000, 0x0000000702800000|100%| O|  |TAMS 0x0000000702800000, 0x0000000702800000| Untracked 
|  20|0x0000000702800000, 0x0000000702a00000, 0x0000000702a00000|100%| O|  |TAMS 0x0000000702a00000, 0x0000000702a00000| Untracked 
|  21|0x0000000702a00000, 0x0000000702c00000, 0x0000000702c00000|100%| O|  |TAMS 0x0000000702c00000, 0x0000000702c00000| Untracked 
|  22|0x0000000702c00000, 0x0000000702e00000, 0x0000000702e00000|100%| O|  |TAMS 0x0000000702e00000, 0x0000000702e00000| Untracked 
|  23|0x0000000702e00000, 0x0000000703000000, 0x0000000703000000|100%| O|  |TAMS 0x0000000703000000, 0x0000000703000000| Untracked 
|  24|0x0000000703000000, 0x0000000703200000, 0x0000000703200000|100%| O|  |TAMS 0x0000000703200000, 0x0000000703200000| Untracked 
|  25|0x0000000703200000, 0x0000000703400000, 0x0000000703400000|100%| O|  |TAMS 0x0000000703400000, 0x0000000703400000| Untracked 
|  26|0x0000000703400000, 0x0000000703600000, 0x0000000703600000|100%| O|  |TAMS 0x0000000703600000, 0x0000000703600000| Untracked 
|  27|0x0000000703600000, 0x0000000703800000, 0x0000000703800000|100%|HS|  |TAMS 0x0000000703800000, 0x0000000703800000| Complete 
|  28|0x0000000703800000, 0x0000000703a00000, 0x0000000703a00000|100%|HC|  |TAMS 0x0000000703a00000, 0x0000000703a00000| Complete 
|  29|0x0000000703a00000, 0x0000000703c00000, 0x0000000703c00000|100%|HS|  |TAMS 0x0000000703c00000, 0x0000000703c00000| Complete 
|  30|0x0000000703c00000, 0x0000000703e00000, 0x0000000703e00000|100%|HC|  |TAMS 0x0000000703e00000, 0x0000000703e00000| Complete 
|  31|0x0000000703e00000, 0x0000000704000000, 0x0000000704000000|100%|HS|  |TAMS 0x0000000703e00000, 0x0000000704000000| Complete 
|  32|0x0000000704000000, 0x0000000704200000, 0x0000000704200000|100%|HS|  |TAMS 0x0000000704200000, 0x0000000704200000| Complete 
|  33|0x0000000704200000, 0x0000000704400000, 0x0000000704400000|100%|HC|  |TAMS 0x0000000704400000, 0x0000000704400000| Complete 
|  34|0x0000000704400000, 0x0000000704600000, 0x0000000704600000|100%| O|  |TAMS 0x0000000704600000, 0x0000000704600000| Untracked 
|  35|0x0000000704600000, 0x0000000704800000, 0x0000000704800000|100%| O|  |TAMS 0x0000000704800000, 0x0000000704800000| Untracked 
|  36|0x0000000704800000, 0x0000000704a00000, 0x0000000704a00000|100%| O|  |TAMS 0x0000000704a00000, 0x0000000704a00000| Untracked 
|  37|0x0000000704a00000, 0x0000000704c00000, 0x0000000704c00000|100%| O|  |TAMS 0x0000000704c00000, 0x0000000704c00000| Untracked 
|  38|0x0000000704c00000, 0x0000000704e00000, 0x0000000704e00000|100%| O|  |TAMS 0x0000000704e00000, 0x0000000704e00000| Untracked 
|  39|0x0000000704e00000, 0x0000000705000000, 0x0000000705000000|100%| O|  |TAMS 0x0000000705000000, 0x0000000705000000| Untracked 
|  40|0x0000000705000000, 0x0000000705200000, 0x0000000705200000|100%| O|  |TAMS 0x0000000705200000, 0x0000000705200000| Untracked 
|  41|0x0000000705200000, 0x0000000705400000, 0x0000000705400000|100%|HS|  |TAMS 0x0000000705400000, 0x0000000705400000| Complete 
|  42|0x0000000705400000, 0x0000000705600000, 0x0000000705600000|100%| O|  |TAMS 0x0000000705600000, 0x0000000705600000| Untracked 
|  43|0x0000000705600000, 0x0000000705800000, 0x0000000705800000|100%| O|  |TAMS 0x0000000705800000, 0x0000000705800000| Untracked 
|  44|0x0000000705800000, 0x0000000705a00000, 0x0000000705a00000|100%| O|  |TAMS 0x0000000705a00000, 0x0000000705a00000| Untracked 
|  45|0x0000000705a00000, 0x0000000705c00000, 0x0000000705c00000|100%| O|  |TAMS 0x0000000705c00000, 0x0000000705c00000| Untracked 
|  46|0x0000000705c00000, 0x0000000705e00000, 0x0000000705e00000|100%| O|  |TAMS 0x0000000705e00000, 0x0000000705e00000| Untracked 
|  47|0x0000000705e00000, 0x0000000706000000, 0x0000000706000000|100%| O|  |TAMS 0x0000000706000000, 0x0000000706000000| Untracked 
|  48|0x0000000706000000, 0x0000000706200000, 0x0000000706200000|100%| O|  |TAMS 0x0000000706200000, 0x0000000706200000| Untracked 
|  49|0x0000000706200000, 0x0000000706400000, 0x0000000706400000|100%| O|  |TAMS 0x0000000706400000, 0x0000000706400000| Untracked 
|  50|0x0000000706400000, 0x0000000706600000, 0x0000000706600000|100%| O|  |TAMS 0x0000000706600000, 0x0000000706600000| Untracked 
|  51|0x0000000706600000, 0x0000000706800000, 0x0000000706800000|100%| O|  |TAMS 0x0000000706800000, 0x0000000706800000| Untracked 
|  52|0x0000000706800000, 0x0000000706a00000, 0x0000000706a00000|100%| O|  |TAMS 0x0000000706a00000, 0x0000000706a00000| Untracked 
|  53|0x0000000706a00000, 0x0000000706c00000, 0x0000000706c00000|100%|HS|  |TAMS 0x0000000706c00000, 0x0000000706c00000| Complete 
|  54|0x0000000706c00000, 0x0000000706e00000, 0x0000000706e00000|100%| O|  |TAMS 0x0000000706e00000, 0x0000000706e00000| Untracked 
|  55|0x0000000706e00000, 0x0000000707000000, 0x0000000707000000|100%| O|  |TAMS 0x0000000707000000, 0x0000000707000000| Untracked 
|  56|0x0000000707000000, 0x0000000707200000, 0x0000000707200000|100%| O|  |TAMS 0x0000000707200000, 0x0000000707200000| Untracked 
|  57|0x0000000707200000, 0x0000000707400000, 0x0000000707400000|100%| O|  |TAMS 0x0000000707400000, 0x0000000707400000| Untracked 
|  58|0x0000000707400000, 0x0000000707600000, 0x0000000707600000|100%| O|  |TAMS 0x00000007075a9400, 0x0000000707600000| Untracked 
|  59|0x0000000707600000, 0x0000000707800000, 0x0000000707800000|100%| O|  |TAMS 0x0000000707600000, 0x0000000707800000| Untracked 
|  60|0x0000000707800000, 0x0000000707a00000, 0x0000000707a00000|100%| O|  |TAMS 0x0000000707800000, 0x0000000707a00000| Untracked 
|  61|0x0000000707a00000, 0x0000000707c00000, 0x0000000707c00000|100%| O|  |TAMS 0x0000000707a00000, 0x0000000707c00000| Untracked 
|  62|0x0000000707c00000, 0x0000000707e00000, 0x0000000707e00000|100%| O|  |TAMS 0x0000000707c00000, 0x0000000707e00000| Untracked 
|  63|0x0000000707e00000, 0x0000000708000000, 0x0000000708000000|100%| O|  |TAMS 0x0000000707e00000, 0x0000000708000000| Untracked 
|  64|0x0000000708000000, 0x0000000708200000, 0x0000000708200000|100%| O|  |TAMS 0x0000000708000000, 0x0000000708200000| Untracked 
|  65|0x0000000708200000, 0x0000000708400000, 0x0000000708400000|100%| O|  |TAMS 0x0000000708200000, 0x0000000708400000| Untracked 
|  66|0x0000000708400000, 0x0000000708600000, 0x0000000708600000|100%| O|  |TAMS 0x0000000708400000, 0x0000000708600000| Untracked 
|  67|0x0000000708600000, 0x0000000708800000, 0x0000000708800000|100%| O|  |TAMS 0x0000000708600000, 0x0000000708800000| Untracked 
|  68|0x0000000708800000, 0x0000000708a00000, 0x0000000708a00000|100%| O|  |TAMS 0x0000000708800000, 0x0000000708a00000| Untracked 
|  69|0x0000000708a00000, 0x0000000708c00000, 0x0000000708c00000|100%| O|  |TAMS 0x0000000708a00000, 0x0000000708c00000| Untracked 
|  70|0x0000000708c00000, 0x0000000708e00000, 0x0000000708e00000|100%| O|  |TAMS 0x0000000708c00000, 0x0000000708e00000| Untracked 
|  71|0x0000000708e00000, 0x0000000709000000, 0x0000000709000000|100%|HS|  |TAMS 0x0000000708e00000, 0x0000000709000000| Complete 
|  72|0x0000000709000000, 0x0000000709200000, 0x0000000709200000|100%|HC|  |TAMS 0x0000000709000000, 0x0000000709200000| Complete 
|  73|0x0000000709200000, 0x0000000709400000, 0x0000000709400000|100%|HS|  |TAMS 0x0000000709200000, 0x0000000709400000| Complete 
|  74|0x0000000709400000, 0x0000000709600000, 0x0000000709600000|100%|HC|  |TAMS 0x0000000709400000, 0x0000000709600000| Complete 
|  75|0x0000000709600000, 0x0000000709800000, 0x0000000709800000|100%|HS|  |TAMS 0x0000000709600000, 0x0000000709800000| Complete 
|  76|0x0000000709800000, 0x0000000709a00000, 0x0000000709a00000|100%|HC|  |TAMS 0x0000000709800000, 0x0000000709a00000| Complete 
|  77|0x0000000709a00000, 0x0000000709c00000, 0x0000000709c00000|100%| O|  |TAMS 0x0000000709a00000, 0x0000000709c00000| Untracked 
|  78|0x0000000709c00000, 0x0000000709e00000, 0x0000000709e00000|100%| O|  |TAMS 0x0000000709c00000, 0x0000000709e00000| Untracked 
|  79|0x0000000709e00000, 0x000000070a000000, 0x000000070a000000|100%| O|  |TAMS 0x0000000709e00000, 0x000000070a000000| Untracked 
|  80|0x000000070a000000, 0x000000070a1a8400, 0x000000070a200000| 82%| O|  |TAMS 0x000000070a000000, 0x000000070a1a8400| Untracked 
|  81|0x000000070a200000, 0x000000070a200000, 0x000000070a400000|  0%| F|  |TAMS 0x000000070a200000, 0x000000070a200000| Untracked 
|  82|0x000000070a400000, 0x000000070a400000, 0x000000070a600000|  0%| F|  |TAMS 0x000000070a400000, 0x000000070a400000| Untracked 
|  83|0x000000070a600000, 0x000000070a600000, 0x000000070a800000|  0%| F|  |TAMS 0x000000070a600000, 0x000000070a600000| Untracked 
|  84|0x000000070a800000, 0x000000070a800000, 0x000000070aa00000|  0%| F|  |TAMS 0x000000070a800000, 0x000000070a800000| Untracked 
|  85|0x000000070aa00000, 0x000000070aa00000, 0x000000070ac00000|  0%| F|  |TAMS 0x000000070aa00000, 0x000000070aa00000| Untracked 
|  86|0x000000070ac00000, 0x000000070ac00000, 0x000000070ae00000|  0%| F|  |TAMS 0x000000070ac00000, 0x000000070ac00000| Untracked 
|  87|0x000000070ae00000, 0x000000070ae00000, 0x000000070b000000|  0%| F|  |TAMS 0x000000070ae00000, 0x000000070ae00000| Untracked 
|  88|0x000000070b000000, 0x000000070b000000, 0x000000070b200000|  0%| F|  |TAMS 0x000000070b000000, 0x000000070b000000| Untracked 
|  89|0x000000070b200000, 0x000000070b200000, 0x000000070b400000|  0%| F|  |TAMS 0x000000070b200000, 0x000000070b200000| Untracked 
|  90|0x000000070b400000, 0x000000070b400000, 0x000000070b600000|  0%| F|  |TAMS 0x000000070b400000, 0x000000070b400000| Untracked 
|  91|0x000000070b600000, 0x000000070b600000, 0x000000070b800000|  0%| F|  |TAMS 0x000000070b600000, 0x000000070b600000| Untracked 
|  92|0x000000070b800000, 0x000000070b800000, 0x000000070ba00000|  0%| F|  |TAMS 0x000000070b800000, 0x000000070b800000| Untracked 
|  93|0x000000070ba00000, 0x000000070ba00000, 0x000000070bc00000|  0%| F|  |TAMS 0x000000070ba00000, 0x000000070ba00000| Untracked 
|  94|0x000000070bc00000, 0x000000070bc00000, 0x000000070be00000|  0%| F|  |TAMS 0x000000070bc00000, 0x000000070bc00000| Untracked 
|  95|0x000000070be00000, 0x000000070be00000, 0x000000070c000000|  0%| F|  |TAMS 0x000000070be00000, 0x000000070be00000| Untracked 
|  96|0x000000070c000000, 0x000000070c1a0790, 0x000000070c200000| 81%| S|CS|TAMS 0x000000070c000000, 0x000000070c000000| Complete 
|  97|0x000000070c200000, 0x000000070c400000, 0x000000070c400000|100%| S|CS|TAMS 0x000000070c200000, 0x000000070c200000| Complete 
|  98|0x000000070c400000, 0x000000070c400000, 0x000000070c600000|  0%| F|  |TAMS 0x000000070c400000, 0x000000070c400000| Untracked 
|  99|0x000000070c600000, 0x000000070c600000, 0x000000070c800000|  0%| F|  |TAMS 0x000000070c600000, 0x000000070c600000| Untracked 
| 100|0x000000070c800000, 0x000000070ca00000, 0x000000070ca00000|100%| S|CS|TAMS 0x000000070c800000, 0x000000070c800000| Complete 
| 101|0x000000070ca00000, 0x000000070ca00000, 0x000000070cc00000|  0%| F|  |TAMS 0x000000070ca00000, 0x000000070ca00000| Untracked 
| 102|0x000000070cc00000, 0x000000070cc00000, 0x000000070ce00000|  0%| F|  |TAMS 0x000000070cc00000, 0x000000070cc00000| Untracked 
| 103|0x000000070ce00000, 0x000000070ce00000, 0x000000070d000000|  0%| F|  |TAMS 0x000000070ce00000, 0x000000070ce00000| Untracked 
| 104|0x000000070d000000, 0x000000070d000000, 0x000000070d200000|  0%| F|  |TAMS 0x000000070d000000, 0x000000070d000000| Untracked 
| 105|0x000000070d200000, 0x000000070d200000, 0x000000070d400000|  0%| F|  |TAMS 0x000000070d200000, 0x000000070d200000| Untracked 
| 106|0x000000070d400000, 0x000000070d400000, 0x000000070d600000|  0%| F|  |TAMS 0x000000070d400000, 0x000000070d400000| Untracked 
| 107|0x000000070d600000, 0x000000070d600000, 0x000000070d800000|  0%| F|  |TAMS 0x000000070d600000, 0x000000070d600000| Untracked 
| 108|0x000000070d800000, 0x000000070d800000, 0x000000070da00000|  0%| F|  |TAMS 0x000000070d800000, 0x000000070d800000| Untracked 
| 109|0x000000070da00000, 0x000000070da00000, 0x000000070dc00000|  0%| F|  |TAMS 0x000000070da00000, 0x000000070da00000| Untracked 
| 110|0x000000070dc00000, 0x000000070dc00000, 0x000000070de00000|  0%| F|  |TAMS 0x000000070dc00000, 0x000000070dc00000| Untracked 
| 111|0x000000070de00000, 0x000000070de00000, 0x000000070e000000|  0%| F|  |TAMS 0x000000070de00000, 0x000000070de00000| Untracked 
| 112|0x000000070e000000, 0x000000070e000000, 0x000000070e200000|  0%| F|  |TAMS 0x000000070e000000, 0x000000070e000000| Untracked 
| 113|0x000000070e200000, 0x000000070e200000, 0x000000070e400000|  0%| F|  |TAMS 0x000000070e200000, 0x000000070e200000| Untracked 
| 114|0x000000070e400000, 0x000000070e400000, 0x000000070e600000|  0%| F|  |TAMS 0x000000070e400000, 0x000000070e400000| Untracked 
| 115|0x000000070e600000, 0x000000070e600000, 0x000000070e800000|  0%| F|  |TAMS 0x000000070e600000, 0x000000070e600000| Untracked 
| 116|0x000000070e800000, 0x000000070e800000, 0x000000070ea00000|  0%| F|  |TAMS 0x000000070e800000, 0x000000070e800000| Untracked 
| 117|0x000000070ea00000, 0x000000070ea00000, 0x000000070ec00000|  0%| F|  |TAMS 0x000000070ea00000, 0x000000070ea00000| Untracked 
| 118|0x000000070ec00000, 0x000000070ec00000, 0x000000070ee00000|  0%| F|  |TAMS 0x000000070ec00000, 0x000000070ec00000| Untracked 
| 119|0x000000070ee00000, 0x000000070ee00000, 0x000000070f000000|  0%| F|  |TAMS 0x000000070ee00000, 0x000000070ee00000| Untracked 
| 120|0x000000070f000000, 0x000000070f000000, 0x000000070f200000|  0%| F|  |TAMS 0x000000070f000000, 0x000000070f000000| Untracked 
| 121|0x000000070f200000, 0x000000070f200000, 0x000000070f400000|  0%| F|  |TAMS 0x000000070f200000, 0x000000070f200000| Untracked 
| 122|0x000000070f400000, 0x000000070f400000, 0x000000070f600000|  0%| F|  |TAMS 0x000000070f400000, 0x000000070f400000| Untracked 
| 123|0x000000070f600000, 0x000000070f600000, 0x000000070f800000|  0%| F|  |TAMS 0x000000070f600000, 0x000000070f600000| Untracked 
| 124|0x000000070f800000, 0x000000070f800000, 0x000000070fa00000|  0%| F|  |TAMS 0x000000070f800000, 0x000000070f800000| Untracked 
| 125|0x000000070fa00000, 0x000000070fa00000, 0x000000070fc00000|  0%| F|  |TAMS 0x000000070fa00000, 0x000000070fa00000| Untracked 
| 126|0x000000070fc00000, 0x000000070fc00000, 0x000000070fe00000|  0%| F|  |TAMS 0x000000070fc00000, 0x000000070fc00000| Untracked 
| 127|0x000000070fe00000, 0x000000070fe00000, 0x0000000710000000|  0%| F|  |TAMS 0x000000070fe00000, 0x000000070fe00000| Untracked 

Card table byte_map: [0x00000218a1e50000,0x00000218a2650000] _byte_map_base: 0x000002189e650000

Marking Bits (Prev, Next): (CMBitMap*) 0x000002188eeaf870, (CMBitMap*) 0x000002188eeaf8b0
 Prev Bits: [0x00000218a2e50000, 0x00000218a6e50000)
 Next Bits: [0x00000218a6e50000, 0x00000218aae50000)

Polling page: 0x000002188e600000

Metaspace:

Usage:
  Non-class:     88.68 MB used.
      Class:     14.11 MB used.
       Both:    102.79 MB used.

Virtual space:
  Non-class space:      128.00 MB reserved,      89.25 MB ( 70%) committed,  2 nodes.
      Class space:        1.00 GB reserved,      14.56 MB (  1%) committed,  1 nodes.
             Both:        1.12 GB reserved,     103.81 MB (  9%) committed. 

Chunk freelists:
   Non-Class:  6.58 MB
       Class:  1.33 MB
        Both:  7.91 MB

MaxMetaspaceSize: unlimited
CompressedClassSpaceSize: 1.00 GB
Initial GC threshold: 21.00 MB
Current GC threshold: 161.81 MB
CDS: off
MetaspaceReclaimPolicy: balanced
 - commit_granule_bytes: 65536.
 - commit_granule_words: 8192.
 - virtual_space_node_default_size: 8388608.
 - enlarge_chunks_in_place: 1.
 - new_chunks_are_fully_committed: 0.
 - uncommit_free_chunks: 1.
 - use_allocation_guard: 0.
 - handle_deallocations: 1.


Internal statistics:

num_allocs_failed_limit: 6.
num_arena_births: 1500.
num_arena_deaths: 0.
num_vsnodes_births: 3.
num_vsnodes_deaths: 0.
num_space_committed: 1661.
num_space_uncommitted: 0.
num_chunks_returned_to_freelist: 6.
num_chunks_taken_from_freelist: 5877.
num_chunk_merges: 6.
num_chunk_splits: 3744.
num_chunks_enlarged: 2355.
num_inconsistent_stats: 0.

CodeHeap 'non-profiled nmethods': size=120000Kb used=7812Kb max_used=7812Kb free=112187Kb
 bounds [0x0000021899df0000, 0x000002189a5a0000, 0x00000218a1320000]
CodeHeap 'profiled nmethods': size=120000Kb used=24053Kb max_used=24053Kb free=95946Kb
 bounds [0x0000021892320000, 0x0000021893aa0000, 0x0000021899850000]
CodeHeap 'non-nmethods': size=5760Kb used=2413Kb max_used=2485Kb free=3346Kb
 bounds [0x0000021899850000, 0x0000021899ad0000, 0x0000021899df0000]
 total_blobs=12706 nmethods=11758 adapters=859
 compilation: enabled
              stopped_count=0, restarted_count=0
 full_count=0

Compilation events (20 events):
Event: 15.956 Thread 0x00000218adab7090 nmethod 13393 0x0000021893a9d090 code [0x0000021893a9d260, 0x0000021893a9d6d8]
Event: 15.963 Thread 0x00000218b6411030 13394       4       org.gradle.internal.io.StreamByteBuffer$StreamByteBufferInputStream::read (8 bytes)
Event: 15.965 Thread 0x00000218b5389d80 13395       4       com.google.common.base.Equivalence$Equals::doEquivalent (6 bytes)
Event: 15.967 Thread 0x00000218b5389d80 nmethod 13395 0x000002189a588110 code [0x000002189a5882a0, 0x000002189a5884b8]
Event: 15.970 Thread 0x00000218b5389d80 13396       4       java.io.File::<init> (47 bytes)
Event: 15.976 Thread 0x00000218b5389d80 nmethod 13396 0x000002189a588610 code [0x000002189a5887c0, 0x000002189a588ce8]
Event: 15.980 Thread 0x00000218adab2340 nmethod 13384 0x000002189a589110 code [0x000002189a589380, 0x000002189a58c100]
Event: 15.980 Thread 0x00000218adab2340 13397       4       org.gradle.internal.time.DefaultTimer::getElapsedMillis (29 bytes)
Event: 15.981 Thread 0x00000218b5389d80 13398       4       org.gradle.internal.time.DefaultCountdownTimer::hasExpired (15 bytes)
Event: 15.981 Thread 0x00000218adab2340 nmethod 13397 0x000002189a58d110 code [0x000002189a58d2a0, 0x000002189a58d438]
Event: 15.982 Thread 0x00000218b5389d80 nmethod 13398 0x000002189a58d590 code [0x000002189a58d720, 0x000002189a58d8f8]
Event: 15.983 Thread 0x00000218b5389d80 13399   !   4       org.gradle.cache.internal.DefaultCacheCoordinator::getFileLock (98 bytes)
Event: 15.984 Thread 0x00000218adab2340 13400       4       com.google.common.collect.MapMakerInternalMap$WeakKeyDummyValueEntry$Helper::newEntry (16 bytes)
Event: 15.988 Thread 0x00000218b6411030 nmethod 13394 0x000002189a58db10 code [0x000002189a58dcc0, 0x000002189a58ecb8]
Event: 15.988 Thread 0x00000218b6411030 13402       4       com.google.common.collect.MapMakerInternalMap$WeakKeyDummyValueEntry$Helper::newEntry (39 bytes)
Event: 15.988 Thread 0x00000218b5389d80 nmethod 13399 0x000002189a58f290 code [0x000002189a58f440, 0x000002189a58f9b8]
Event: 15.988 Thread 0x00000218b5389d80 13401       4       com.google.common.collect.MapMakerInternalMap$WeakKeyDummyValueEntry$Helper::setValue (17 bytes)
Event: 15.989 Thread 0x00000218adab2340 nmethod 13400 0x000002189a58fd10 code [0x000002189a58fea0, 0x000002189a590398]
Event: 15.989 Thread 0x00000218b5389d80 nmethod 13401 0x000002189a590510 code [0x000002189a5906a0, 0x000002189a5907f8]
Event: 15.992 Thread 0x00000218b6411030 nmethod 13402 0x000002189a590990 code [0x000002189a590b20, 0x000002189a591078]

GC Heap History (20 events):
Event: 10.234 GC heap after
{Heap after GC invocations=36 (full 0):
 garbage-first heap   total 237568K, used 111137K [0x0000000700000000, 0x0000000800000000)
  region size 2048K, 2 young (4096K), 2 survivors (4096K)
 Metaspace       used 77421K, committed 78208K, reserved 1179648K
  class space    used 10385K, committed 10752K, reserved 1048576K
}
Event: 10.910 GC heap before
{Heap before GC invocations=37 (full 0):
 garbage-first heap   total 237568K, used 186913K [0x0000000700000000, 0x0000000800000000)
  region size 2048K, 38 young (77824K), 2 survivors (4096K)
 Metaspace       used 80229K, committed 80960K, reserved 1179648K
  class space    used 10769K, committed 11072K, reserved 1048576K
}
Event: 10.916 GC heap after
{Heap after GC invocations=38 (full 0):
 garbage-first heap   total 237568K, used 118572K [0x0000000700000000, 0x0000000800000000)
  region size 2048K, 5 young (10240K), 5 survivors (10240K)
 Metaspace       used 80229K, committed 80960K, reserved 1179648K
  class space    used 10769K, committed 11072K, reserved 1048576K
}
Event: 11.586 GC heap before
{Heap before GC invocations=38 (full 0):
 garbage-first heap   total 237568K, used 188204K [0x0000000700000000, 0x0000000800000000)
  region size 2048K, 39 young (79872K), 5 survivors (10240K)
 Metaspace       used 85796K, committed 86656K, reserved 1179648K
  class space    used 11742K, committed 12160K, reserved 1048576K
}
Event: 11.592 GC heap after
{Heap after GC invocations=39 (full 0):
 garbage-first heap   total 237568K, used 121043K [0x0000000700000000, 0x0000000800000000)
  region size 2048K, 2 young (4096K), 2 survivors (4096K)
 Metaspace       used 85796K, committed 86656K, reserved 1179648K
  class space    used 11742K, committed 12160K, reserved 1048576K
}
Event: 12.145 GC heap before
{Heap before GC invocations=39 (full 0):
 garbage-first heap   total 237568K, used 192723K [0x0000000700000000, 0x0000000800000000)
  region size 2048K, 37 young (75776K), 2 survivors (4096K)
 Metaspace       used 90329K, committed 91136K, reserved 1179648K
  class space    used 12388K, committed 12736K, reserved 1048576K
}
Event: 12.149 GC heap after
{Heap after GC invocations=40 (full 0):
 garbage-first heap   total 237568K, used 122937K [0x0000000700000000, 0x0000000800000000)
  region size 2048K, 3 young (6144K), 3 survivors (6144K)
 Metaspace       used 90329K, committed 91136K, reserved 1179648K
  class space    used 12388K, committed 12736K, reserved 1048576K
}
Event: 12.803 GC heap before
{Heap before GC invocations=41 (full 0):
 garbage-first heap   total 237568K, used 194617K [0x0000000700000000, 0x0000000800000000)
  region size 2048K, 38 young (77824K), 3 survivors (6144K)
 Metaspace       used 95571K, committed 96384K, reserved 1179648K
  class space    used 13143K, committed 13504K, reserved 1048576K
}
Event: 12.810 GC heap after
{Heap after GC invocations=42 (full 0):
 garbage-first heap   total 237568K, used 126868K [0x0000000700000000, 0x0000000800000000)
  region size 2048K, 4 young (8192K), 4 survivors (8192K)
 Metaspace       used 95571K, committed 96384K, reserved 1179648K
  class space    used 13143K, committed 13504K, reserved 1048576K
}
Event: 13.420 GC heap before
{Heap before GC invocations=42 (full 0):
 garbage-first heap   total 237568K, used 194452K [0x0000000700000000, 0x0000000800000000)
  region size 2048K, 38 young (77824K), 4 survivors (8192K)
 Metaspace       used 98404K, committed 99328K, reserved 1179648K
  class space    used 13583K, committed 14016K, reserved 1048576K
}
Event: 13.428 GC heap after
{Heap after GC invocations=43 (full 0):
 garbage-first heap   total 237568K, used 132876K [0x0000000700000000, 0x0000000800000000)
  region size 2048K, 5 young (10240K), 5 survivors (10240K)
 Metaspace       used 98404K, committed 99328K, reserved 1179648K
  class space    used 13583K, committed 14016K, reserved 1048576K
}
Event: 14.654 GC heap before
{Heap before GC invocations=44 (full 0):
 garbage-first heap   total 237568K, used 196364K [0x0000000700000000, 0x0000000800000000)
  region size 2048K, 36 young (73728K), 5 survivors (10240K)
 Metaspace       used 99480K, committed 100480K, reserved 1179648K
  class space    used 13692K, committed 14144K, reserved 1048576K
}
Event: 14.670 GC heap after
{Heap after GC invocations=45 (full 0):
 garbage-first heap   total 237568K, used 143980K [0x0000000700000000, 0x0000000800000000)
  region size 2048K, 5 young (10240K), 5 survivors (10240K)
 Metaspace       used 99480K, committed 100480K, reserved 1179648K
  class space    used 13692K, committed 14144K, reserved 1048576K
}
Event: 14.697 GC heap before
{Heap before GC invocations=45 (full 0):
 garbage-first heap   total 237568K, used 146028K [0x0000000700000000, 0x0000000800000000)
  region size 2048K, 6 young (12288K), 5 survivors (10240K)
 Metaspace       used 99502K, committed 100480K, reserved 1179648K
  class space    used 13693K, committed 14144K, reserved 1048576K
}
Event: 14.705 GC heap after
{Heap after GC invocations=46 (full 0):
 garbage-first heap   total 237568K, used 145408K [0x0000000700000000, 0x0000000800000000)
  region size 2048K, 1 young (2048K), 1 survivors (2048K)
 Metaspace       used 99502K, committed 100480K, reserved 1179648K
  class space    used 13693K, committed 14144K, reserved 1048576K
}
Event: 15.385 GC heap before
{Heap before GC invocations=46 (full 0):
 garbage-first heap   total 237568K, used 206848K [0x0000000700000000, 0x0000000800000000)
  region size 2048K, 25 young (51200K), 1 survivors (2048K)
 Metaspace       used 103771K, committed 104832K, reserved 1179648K
  class space    used 14289K, committed 14784K, reserved 1048576K
}
Event: 15.391 GC heap after
{Heap after GC invocations=47 (full 0):
 garbage-first heap   total 237568K, used 165549K [0x0000000700000000, 0x0000000800000000)
  region size 2048K, 4 young (8192K), 4 survivors (8192K)
 Metaspace       used 103771K, committed 104832K, reserved 1179648K
  class space    used 14289K, committed 14784K, reserved 1048576K
}
Event: 15.681 GC heap before
{Heap before GC invocations=47 (full 0):
 garbage-first heap   total 237568K, used 198317K [0x0000000700000000, 0x0000000800000000)
  region size 2048K, 20 young (40960K), 4 survivors (8192K)
 Metaspace       used 104457K, committed 105536K, reserved 1179648K
  class space    used 14382K, committed 14912K, reserved 1048576K
}
Event: 15.689 GC heap after
{Heap after GC invocations=48 (full 0):
 garbage-first heap   total 237568K, used 168911K [0x0000000700000000, 0x0000000800000000)
  region size 2048K, 2 young (4096K), 2 survivors (4096K)
 Metaspace       used 104457K, committed 105536K, reserved 1179648K
  class space    used 14382K, committed 14912K, reserved 1048576K
}
Event: 15.996 GC heap before
{Heap before GC invocations=48 (full 0):
 garbage-first heap   total 237568K, used 197583K [0x0000000700000000, 0x0000000800000000)
  region size 2048K, 17 young (34816K), 2 survivors (4096K)
 Metaspace       used 105257K, committed 106304K, reserved 1179648K
  class space    used 14444K, committed 14912K, reserved 1048576K
}

Dll operation events (3 events):
Event: 0.005 Loaded shared library C:\Program Files\Android\Android Studio\jbr\bin\java.dll
Event: 0.132 Loaded shared library C:\Program Files\Android\Android Studio\jbr\bin\zip.dll
Event: 0.518 Loaded shared library C:\Program Files\Android\Android Studio\jbr\bin\verify.dll

Deoptimization events (20 events):
Event: 15.627 Thread 0x00000218b260d980 DEOPT PACKING pc=0x000002189a354f98 sp=0x00000069c0cf91b0
Event: 15.627 Thread 0x00000218b260d980 DEOPT UNPACKING pc=0x00000218998a69a3 sp=0x00000069c0cf9180 mode 2
Event: 15.877 Thread 0x00000218b260d980 Uncommon trap: trap_request=0xffffffbe fr.pc=0x000002189a529138 relative=0x0000000000001e58
Event: 15.877 Thread 0x00000218b260d980 Uncommon trap: reason=profile_predicate action=maybe_recompile pc=0x000002189a529138 method=jdk.internal.jimage.ImageStringsReader.stringFromByteBufferMatches(Ljava/nio/ByteBuffer;ILjava/lang/String;I)I @ 19 c2
Event: 15.877 Thread 0x00000218b260d980 DEOPT PACKING pc=0x000002189a529138 sp=0x00000069c0cf9810
Event: 15.877 Thread 0x00000218b260d980 DEOPT UNPACKING pc=0x00000218998a69a3 sp=0x00000069c0cf9568 mode 2
Event: 15.878 Thread 0x00000218b260d980 Uncommon trap: trap_request=0xffffffbe fr.pc=0x000002189a529138 relative=0x0000000000001e58
Event: 15.878 Thread 0x00000218b260d980 Uncommon trap: reason=profile_predicate action=maybe_recompile pc=0x000002189a529138 method=jdk.internal.jimage.ImageStringsReader.stringFromByteBufferMatches(Ljava/nio/ByteBuffer;ILjava/lang/String;I)I @ 19 c2
Event: 15.878 Thread 0x00000218b260d980 DEOPT PACKING pc=0x000002189a529138 sp=0x00000069c0cf9810
Event: 15.878 Thread 0x00000218b260d980 DEOPT UNPACKING pc=0x00000218998a69a3 sp=0x00000069c0cf9568 mode 2
Event: 15.878 Thread 0x00000218b260d980 Uncommon trap: trap_request=0xffffffbe fr.pc=0x000002189a529138 relative=0x0000000000001e58
Event: 15.878 Thread 0x00000218b260d980 Uncommon trap: reason=profile_predicate action=maybe_recompile pc=0x000002189a529138 method=jdk.internal.jimage.ImageStringsReader.stringFromByteBufferMatches(Ljava/nio/ByteBuffer;ILjava/lang/String;I)I @ 19 c2
Event: 15.878 Thread 0x00000218b260d980 DEOPT PACKING pc=0x000002189a529138 sp=0x00000069c0cf9810
Event: 15.878 Thread 0x00000218b260d980 DEOPT UNPACKING pc=0x00000218998a69a3 sp=0x00000069c0cf9568 mode 2
Event: 15.878 Thread 0x00000218b260d980 Uncommon trap: trap_request=0xffffffbe fr.pc=0x000002189a529138 relative=0x0000000000001e58
Event: 15.878 Thread 0x00000218b260d980 Uncommon trap: reason=profile_predicate action=maybe_recompile pc=0x000002189a529138 method=jdk.internal.jimage.ImageStringsReader.stringFromByteBufferMatches(Ljava/nio/ByteBuffer;ILjava/lang/String;I)I @ 19 c2
Event: 15.878 Thread 0x00000218b260d980 DEOPT PACKING pc=0x000002189a529138 sp=0x00000069c0cf9810
Event: 15.878 Thread 0x00000218b260d980 DEOPT UNPACKING pc=0x00000218998a69a3 sp=0x00000069c0cf9568 mode 2
Event: 15.937 Thread 0x00000218b260d980 DEOPT PACKING pc=0x00000218939302e4 sp=0x00000069c0cf8b60
Event: 15.937 Thread 0x00000218b260d980 DEOPT UNPACKING pc=0x00000218998a7143 sp=0x00000069c0cf8070 mode 0

Classes unloaded (0 events):
No events

Classes redefined (0 events):
No events

Internal exceptions (20 events):
Event: 15.627 Thread 0x00000218b260d980 Exception <a 'java/lang/ClassNotFoundException'{0x000000070d1d3e10}: java/lang/IntegerCustomizer> (0x000000070d1d3e10) 
thrown [s\src\hotspot\share\classfile\systemDictionary.cpp, line 256]
Event: 15.644 Thread 0x00000218b260d980 Exception <a 'java/lang/ClassNotFoundException'{0x000000070cca9400}: org/codehaus/groovy/runtime/NullObjectBeanInfo> (0x000000070cca9400) 
thrown [s\src\hotspot\share\classfile\systemDictionary.cpp, line 256]
Event: 15.646 Thread 0x00000218b260d980 Exception <a 'java/lang/ClassNotFoundException'{0x000000070ca736e0}: org/codehaus/groovy/runtime/NullObjectCustomizer> (0x000000070ca736e0) 
thrown [s\src\hotspot\share\classfile\systemDictionary.cpp, line 256]
Event: 15.652 Thread 0x00000218b260d980 Exception <a 'java/lang/ClassNotFoundException'{0x000000070caaf700}: org/gradle/api/internal/catalog/DefaultDependenciesAccessors_DecoratedBeanInfo> (0x000000070caaf700) 
thrown [s\src\hotspot\share\classfile\systemDictionary.cpp, line 256]
Event: 15.653 Thread 0x00000218b260d980 Exception <a 'java/lang/ClassNotFoundException'{0x000000070cabba80}: org/gradle/api/internal/catalog/DefaultDependenciesAccessorsBeanInfo> (0x000000070cabba80) 
thrown [s\src\hotspot\share\classfile\systemDictionary.cpp, line 256]
Event: 15.653 Thread 0x00000218b260d980 Exception <a 'java/lang/ClassNotFoundException'{0x000000070cac7e28}: org/gradle/api/internal/catalog/DefaultDependenciesAccessorsCustomizer> (0x000000070cac7e28) 
thrown [s\src\hotspot\share\classfile\systemDictionary.cpp, line 256]
Event: 15.654 Thread 0x00000218b260d980 Exception <a 'java/lang/ClassNotFoundException'{0x000000070cadae28}: org/gradle/api/internal/catalog/DefaultDependenciesAccessors_DecoratedCustomizer> (0x000000070cadae28) 
thrown [s\src\hotspot\share\classfile\systemDictionary.cpp, line 256]
Event: 15.657 Thread 0x00000218b260d980 Exception <a 'java/lang/ClassNotFoundException'{0x000000070cb08fb0}: org/gradle/internal/classpath/DefaultClassPathBeanInfo> (0x000000070cb08fb0) 
thrown [s\src\hotspot\share\classfile\systemDictionary.cpp, line 256]
Event: 15.657 Thread 0x00000218b260d980 Exception <a 'java/lang/ClassNotFoundException'{0x000000070cb13248}: org/gradle/internal/classpath/DefaultClassPathCustomizer> (0x000000070cb13248) 
thrown [s\src\hotspot\share\classfile\systemDictionary.cpp, line 256]
Event: 15.661 Thread 0x00000218b260d980 Exception <a 'java/lang/ClassNotFoundException'{0x000000070c8302b0}: org/gradle/internal/classpath/DefaultClassPath$ImmutableUniqueListBeanInfo> (0x000000070c8302b0) 
thrown [s\src\hotspot\share\classfile\systemDictionary.cpp, line 256]
Event: 15.661 Thread 0x00000218b260d980 Exception <a 'java/lang/ClassNotFoundException'{0x000000070c8358a0}: java/util/AbstractListBeanInfo> (0x000000070c8358a0) 
thrown [s\src\hotspot\share\classfile\systemDictionary.cpp, line 256]
Event: 15.662 Thread 0x00000218b260d980 Exception <a 'java/lang/ClassNotFoundException'{0x000000070c83aed0}: java/util/AbstractListCustomizer> (0x000000070c83aed0) 
thrown [s\src\hotspot\share\classfile\systemDictionary.cpp, line 256]
Event: 15.662 Thread 0x00000218b260d980 Exception <a 'java/lang/ClassNotFoundException'{0x000000070c8505d0}: org/gradle/internal/classpath/DefaultClassPath$ImmutableUniqueListCustomizer> (0x000000070c8505d0) 
thrown [s\src\hotspot\share\classfile\systemDictionary.cpp, line 256]
Event: 15.671 Thread 0x00000218b260d980 Exception <a 'java/lang/ClassNotFoundException'{0x000000070c8d2538}: org/jetbrains/plugins/gradle/model/DefaultDependencyAccessorsModelBeanInfo> (0x000000070c8d2538) 
thrown [s\src\hotspot\share\classfile\systemDictionary.cpp, line 256]
Event: 15.672 Thread 0x00000218b260d980 Exception <a 'java/lang/ClassNotFoundException'{0x000000070c8dc778}: org/jetbrains/plugins/gradle/model/DefaultDependencyAccessorsModelCustomizer> (0x000000070c8dc778) 
thrown [s\src\hotspot\share\classfile\systemDictionary.cpp, line 256]
Event: 15.676 Thread 0x00000218bef69d70 Exception <a 'java/lang/NoSuchMethodError'{0x000000070cf15bd8}: static Lorg/jetbrains/plugins/gradle/tooling/internal/VersionCatalogsModelImpl;.<clinit>()V> (0x000000070cf15bd8) 
thrown [s\src\hotspot\share\prims\jni.cpp, line 1108]
Event: 15.691 Thread 0x00000218b260d980 Exception <a 'java/lang/ClassNotFoundException'{0x000000070ff49048}: org/gradle/api/internal/tasks/DefaultSourceSetContainer_DecoratedBeanInfo> (0x000000070ff49048) 
thrown [s\src\hotspot\share\classfile\systemDictionary.cpp, line 256]
Event: 15.691 Thread 0x00000218b260d980 Exception <a 'java/lang/ClassNotFoundException'{0x000000070ff550a0}: org/gradle/api/internal/tasks/DefaultSourceSetContainerBeanInfo> (0x000000070ff550a0) 
thrown [s\src\hotspot\share\classfile\systemDictionary.cpp, line 256]
Event: 15.692 Thread 0x00000218b260d980 Exception <a 'java/lang/ClassNotFoundException'{0x000000070ff613c0}: org/gradle/api/internal/tasks/DefaultSourceSetContainerCustomizer> (0x000000070ff613c0) 
thrown [s\src\hotspot\share\classfile\systemDictionary.cpp, line 256]
Event: 15.692 Thread 0x00000218b260d980 Exception <a 'java/lang/ClassNotFoundException'{0x000000070ff79438}: org/gradle/api/internal/tasks/DefaultSourceSetContainer_DecoratedCustomizer> (0x000000070ff79438) 
thrown [s\src\hotspot\share\classfile\systemDictionary.cpp, line 256]

VM Operations (20 events):
Event: 15.391 Executing VM operation: G1CollectForAllocation done
Event: 15.681 Executing VM operation: G1CollectForAllocation
Event: 15.689 Executing VM operation: G1CollectForAllocation done
Event: 15.875 Executing VM operation: HandshakeAllThreads
Event: 15.875 Executing VM operation: HandshakeAllThreads done
Event: 15.909 Executing VM operation: ICBufferFull
Event: 15.909 Executing VM operation: ICBufferFull done
Event: 15.937 Executing VM operation: HandshakeAllThreads
Event: 15.937 Executing VM operation: HandshakeAllThreads done
Event: 15.940 Executing VM operation: HandshakeAllThreads
Event: 15.940 Executing VM operation: HandshakeAllThreads done
Event: 15.941 Executing VM operation: HandshakeAllThreads
Event: 15.948 Executing VM operation: HandshakeAllThreads done
Event: 15.950 Executing VM operation: HandshakeAllThreads
Event: 15.950 Executing VM operation: HandshakeAllThreads done
Event: 15.952 Executing VM operation: HandshakeAllThreads
Event: 15.952 Executing VM operation: HandshakeAllThreads done
Event: 15.955 Executing VM operation: HandshakeAllThreads
Event: 15.955 Executing VM operation: HandshakeAllThreads done
Event: 15.996 Executing VM operation: G1CollectForAllocation

Events (20 events):
Event: 15.626 loading class java/lang/NumberBeanInfo done
Event: 15.626 loading class java/lang/NumberCustomizer
Event: 15.626 loading class java/lang/NumberCustomizer done
Event: 15.626 loading class java/lang/NumberCustomizer
Event: 15.626 loading class java/lang/NumberCustomizer done
Event: 15.627 loading class java/lang/IntegerCustomizer
Event: 15.627 loading class java/lang/IntegerCustomizer done
Event: 15.627 loading class java/lang/IntegerCustomizer
Event: 15.627 loading class java/lang/IntegerCustomizer done
Event: 15.627 loading class jdk/internal/ValueBased
Event: 15.627 loading class jdk/internal/ValueBased done
Event: 15.661 loading class java/util/AbstractListBeanInfo
Event: 15.661 loading class java/util/AbstractListBeanInfo done
Event: 15.661 loading class java/util/AbstractListBeanInfo
Event: 15.661 loading class java/util/AbstractListBeanInfo done
Event: 15.662 loading class java/util/AbstractListCustomizer
Event: 15.662 loading class java/util/AbstractListCustomizer done
Event: 15.662 loading class java/util/AbstractListCustomizer
Event: 15.662 loading class java/util/AbstractListCustomizer done
Event: 15.956 Thread 0x00000218bef65ba0 Thread added: 0x00000218bef65ba0


Dynamic libraries:
0x00007ff65df50000 - 0x00007ff65df5a000 	C:\Program Files\Android\Android Studio\jbr\bin\java.exe
0x00007fff6e810000 - 0x00007fff6ea08000 	C:\WINDOWS\SYSTEM32\ntdll.dll
0x00007fff6cc30000 - 0x00007fff6ccf2000 	C:\WINDOWS\System32\KERNEL32.DLL
0x00007fff6bea0000 - 0x00007fff6c196000 	C:\WINDOWS\System32\KERNELBASE.dll
0x00007fff6c1d0000 - 0x00007fff6c2d0000 	C:\WINDOWS\System32\ucrtbase.dll
0x00007fff68510000 - 0x00007fff68527000 	C:\Program Files\Android\Android Studio\jbr\bin\jli.dll
0x00007fff64200000 - 0x00007fff6421b000 	C:\Program Files\Android\Android Studio\jbr\bin\VCRUNTIME140.dll
0x00007fff6c9f0000 - 0x00007fff6cb91000 	C:\WINDOWS\System32\USER32.dll
0x00007fff6c1a0000 - 0x00007fff6c1c2000 	C:\WINDOWS\System32\win32u.dll
0x00007fff5a4c0000 - 0x00007fff5a75b000 	C:\WINDOWS\WinSxS\amd64_microsoft.windows.common-controls_6595b64144ccf1df_6.0.19041.6456_none_60b8a6cb71f64256\COMCTL32.dll
0x00007fff6cba0000 - 0x00007fff6cbcb000 	C:\WINDOWS\System32\GDI32.dll
0x00007fff6d780000 - 0x00007fff6d81e000 	C:\WINDOWS\System32\msvcrt.dll
0x00007fff6c500000 - 0x00007fff6c619000 	C:\WINDOWS\System32\gdi32full.dll
0x00007fff6c380000 - 0x00007fff6c41d000 	C:\WINDOWS\System32\msvcp_win.dll
0x00007fff6d2b0000 - 0x00007fff6d2df000 	C:\WINDOWS\System32\IMM32.DLL
0x00007fff68f10000 - 0x00007fff68f1c000 	C:\Program Files\Android\Android Studio\jbr\bin\vcruntime140_1.dll
0x00007fff3a1e0000 - 0x00007fff3a26d000 	C:\Program Files\Android\Android Studio\jbr\bin\msvcp140.dll
0x00007ffeba020000 - 0x00007ffebaca3000 	C:\Program Files\Android\Android Studio\jbr\bin\server\jvm.dll
0x00007fff6e6b0000 - 0x00007fff6e761000 	C:\WINDOWS\System32\ADVAPI32.dll
0x00007fff6d820000 - 0x00007fff6d8bf000 	C:\WINDOWS\System32\sechost.dll
0x00007fff6e3e0000 - 0x00007fff6e500000 	C:\WINDOWS\System32\RPCRT4.dll
0x00007fff6c2d0000 - 0x00007fff6c2f7000 	C:\WINDOWS\System32\bcrypt.dll
0x00007fff6bd00000 - 0x00007fff6bd4b000 	C:\WINDOWS\SYSTEM32\POWRPROF.dll
0x00007fff68fd0000 - 0x00007fff68fd9000 	C:\WINDOWS\SYSTEM32\WSOCK32.dll
0x00007fff57fc0000 - 0x00007fff57fe7000 	C:\WINDOWS\SYSTEM32\WINMM.dll
0x00007fff68e50000 - 0x00007fff68e5a000 	C:\WINDOWS\SYSTEM32\VERSION.dll
0x00007fff6e2c0000 - 0x00007fff6e32b000 	C:\WINDOWS\System32\WS2_32.dll
0x00007fff6bce0000 - 0x00007fff6bcf2000 	C:\WINDOWS\SYSTEM32\UMPDC.dll
0x00007fff69d10000 - 0x00007fff69d22000 	C:\WINDOWS\SYSTEM32\kernel.appcore.dll
0x00007fff69040000 - 0x00007fff6904a000 	C:\Program Files\Android\Android Studio\jbr\bin\jimage.dll
0x00007fff58240000 - 0x00007fff58441000 	C:\WINDOWS\SYSTEM32\DBGHELP.DLL
0x00007fff53b00000 - 0x00007fff53b34000 	C:\WINDOWS\SYSTEM32\dbgcore.DLL
0x00007fff6c420000 - 0x00007fff6c4a2000 	C:\WINDOWS\System32\bcryptPrimitives.dll
0x00007fff68f40000 - 0x00007fff68f4e000 	C:\Program Files\Android\Android Studio\jbr\bin\instrument.dll
0x00007fff56660000 - 0x00007fff56685000 	C:\Program Files\Android\Android Studio\jbr\bin\java.dll
0x00007fff484e0000 - 0x00007fff484f8000 	C:\Program Files\Android\Android Studio\jbr\bin\zip.dll
0x00007fff6db50000 - 0x00007fff6e2c0000 	C:\WINDOWS\System32\SHELL32.dll
0x00007fff69f10000 - 0x00007fff6a6b5000 	C:\WINDOWS\SYSTEM32\windows.storage.dll
0x00007fff6d2e0000 - 0x00007fff6d634000 	C:\WINDOWS\System32\combase.dll
0x00007fff6b7f0000 - 0x00007fff6b81b000 	C:\WINDOWS\SYSTEM32\Wldp.dll
0x00007fff6d8c0000 - 0x00007fff6d98d000 	C:\WINDOWS\System32\OLEAUT32.dll
0x00007fff6e330000 - 0x00007fff6e3dd000 	C:\WINDOWS\System32\SHCORE.dll
0x00007fff6e770000 - 0x00007fff6e7cb000 	C:\WINDOWS\System32\shlwapi.dll
0x00007fff6bdd0000 - 0x00007fff6bdf4000 	C:\WINDOWS\SYSTEM32\profapi.dll
0x00007fff477a0000 - 0x00007fff477b9000 	C:\Program Files\Android\Android Studio\jbr\bin\net.dll
0x00007fff631d0000 - 0x00007fff632da000 	C:\WINDOWS\SYSTEM32\WINHTTP.dll
0x00007fff6b550000 - 0x00007fff6b5ba000 	C:\WINDOWS\system32\mswsock.dll
0x00007fff47780000 - 0x00007fff47796000 	C:\Program Files\Android\Android Studio\jbr\bin\nio.dll
0x00007fff65dd0000 - 0x00007fff65de0000 	C:\Program Files\Android\Android Studio\jbr\bin\verify.dll
0x00007fff47750000 - 0x00007fff47777000 	C:\Users\a\.gradle\native\1def1411415f61bf3af743bc5b6707747c0891f09f0c88961ee8f79bc544acac\windows-amd64\native-platform.dll
0x00007fff20630000 - 0x00007fff206a8000 	C:\Users\a\.gradle\native\0.2.7\x86_64-windows-gnu\gradle-fileevents.dll
0x00007fff68f30000 - 0x00007fff68f39000 	C:\Program Files\Android\Android Studio\jbr\bin\management.dll
0x00007fff67ad0000 - 0x00007fff67adb000 	C:\Program Files\Android\Android Studio\jbr\bin\management_ext.dll
0x00007fff6c830000 - 0x00007fff6c838000 	C:\WINDOWS\System32\PSAPI.DLL
0x00007fff6b230000 - 0x00007fff6b26b000 	C:\WINDOWS\SYSTEM32\IPHLPAPI.DLL
0x00007fff6db40000 - 0x00007fff6db48000 	C:\WINDOWS\System32\NSI.dll
0x00007fff63de0000 - 0x00007fff63df7000 	C:\WINDOWS\SYSTEM32\dhcpcsvc6.DLL
0x00007fff65000000 - 0x00007fff6501d000 	C:\WINDOWS\SYSTEM32\dhcpcsvc.DLL
0x00007fff6b270000 - 0x00007fff6b33a000 	C:\WINDOWS\SYSTEM32\DNSAPI.dll
0x00007fff6b750000 - 0x00007fff6b768000 	C:\WINDOWS\SYSTEM32\CRYPTSP.dll
0x00007fff6ae70000 - 0x00007fff6aea8000 	C:\WINDOWS\system32\rsaenh.dll
0x00007fff6bd90000 - 0x00007fff6bdbe000 	C:\WINDOWS\SYSTEM32\USERENV.dll
0x00007fff6b740000 - 0x00007fff6b74c000 	C:\WINDOWS\SYSTEM32\CRYPTBASE.dll
0x00007fff450a0000 - 0x00007fff450a7000 	C:\WINDOWS\system32\wshunix.dll

dbghelp: loaded successfully - version: 4.0.5 - missing functions: none
symbol engine: initialized successfully - sym options: 0x614 - pdb path: .;C:\Program Files\Android\Android Studio\jbr\bin;C:\WINDOWS\SYSTEM32;C:\WINDOWS\WinSxS\amd64_microsoft.windows.common-controls_6595b64144ccf1df_6.0.19041.6456_none_60b8a6cb71f64256;C:\Program Files\Android\Android Studio\jbr\bin\server;C:\Users\a\.gradle\native\1def1411415f61bf3af743bc5b6707747c0891f09f0c88961ee8f79bc544acac\windows-amd64;C:\Users\a\.gradle\native\0.2.7\x86_64-windows-gnu

VM Arguments:
jvm_args: --add-opens=java.base/java.lang=ALL-UNNAMED --add-opens=java.base/java.lang.invoke=ALL-UNNAMED --add-opens=java.base/java.util=ALL-UNNAMED --add-opens=java.prefs/java.util.prefs=ALL-UNNAMED --add-exports=jdk.compiler/com.sun.tools.javac.api=ALL-UNNAMED --add-exports=jdk.compiler/com.sun.tools.javac.util=ALL-UNNAMED --add-opens=java.base/java.util=ALL-UNNAMED --add-opens=java.prefs/java.util.prefs=ALL-UNNAMED --add-opens=java.base/java.nio.charset=ALL-UNNAMED --add-opens=java.base/java.net=ALL-UNNAMED --add-opens=java.base/java.util.concurrent.atomic=ALL-UNNAMED --add-opens=java.xml/javax.xml.namespace=ALL-UNNAMED -Xmx4096m -Dfile.encoding=windows-1252 -Duser.country=AU -Duser.language=en -Duser.variant -javaagent:C:\Users\a\.gradle\wrapper\dists\gradle-8.14.3-bin\40dfek2kz346l18gf9ltjsnyd\gradle-8.14.3\lib\agents\gradle-instrumentation-agent-8.14.3.jar 
java_command: org.gradle.launcher.daemon.bootstrap.GradleDaemon 8.14.3
java_class_path (initial): C:\Users\a\.gradle\wrapper\dists\gradle-8.14.3-bin\40dfek2kz346l18gf9ltjsnyd\gradle-8.14.3\lib\gradle-daemon-main-8.14.3.jar
Launcher Type: SUN_STANDARD

[Global flags]
     intx CICompilerCount                          = 4                                         {product} {ergonomic}
     uint ConcGCThreads                            = 2                                         {product} {ergonomic}
     uint G1ConcRefinementThreads                  = 8                                         {product} {ergonomic}
   size_t G1HeapRegionSize                         = 2097152                                   {product} {ergonomic}
    uintx GCDrainStackTargetSize                   = 64                                        {product} {ergonomic}
   size_t InitialHeapSize                          = 268435456                                 {product} {ergonomic}
   size_t MarkStackSize                            = 4194304                                   {product} {ergonomic}
   size_t MaxHeapSize                              = 4294967296                                {product} {command line}
   size_t MaxNewSize                               = 2575302656                                {product} {ergonomic}
   size_t MinHeapDeltaBytes                        = 2097152                                   {product} {ergonomic}
   size_t MinHeapSize                              = 8388608                                   {product} {ergonomic}
    uintx NonNMethodCodeHeapSize                   = 5839372                                {pd product} {ergonomic}
    uintx NonProfiledCodeHeapSize                  = 122909434                              {pd product} {ergonomic}
    uintx ProfiledCodeHeapSize                     = 122909434                              {pd product} {ergonomic}
    uintx ReservedCodeCacheSize                    = 251658240                              {pd product} {ergonomic}
     bool SegmentedCodeCache                       = true                                      {product} {ergonomic}
   size_t SoftMaxHeapSize                          = 4294967296                             {manageable} {ergonomic}
     bool UseCompressedClassPointers               = true                           {product lp64_product} {ergonomic}
     bool UseCompressedOops                        = true                           {product lp64_product} {ergonomic}
     bool UseG1GC                                  = true                                      {product} {ergonomic}
     bool UseLargePagesIndividualAllocation        = false                                  {pd product} {ergonomic}

Logging:
Log output configuration:
 #0: stdout all=warning uptime,level,tags
 #1: stderr all=off uptime,level,tags

Environment Variables:
JAVA_HOME=C:\Program Files\Java\jdk-17
PATH=C:\Program Files\Java\jdk-17\bin;C:\Program Files\Common Files\Oracle\Java\javapath;C:\Program Files (x86)\Intel\iCLS Client\;C:\Program Files\Intel\iCLS Client\;C:\WINDOWS\system32;C:\WINDOWS;C:\WINDOWS\System32\Wbem;C:\WINDOWS\System32\WindowsPowerShell\v1.0\;C:\WINDOWS\System32\OpenSSH\;C:\Program Files\dotnet\;C:\Program Files\Git\cmd;C:\Program Files\Java\jdk-17\bin;C:\Users\a\Documents\gradle\gradle-7.5\bin;C:\Users\a\AppData\Local\Android\Sdk\emulator;C:\Users\a\AppData\Local\Android\Sdk\platform-tools;C:\Program Files\MongoDB\Server\8.0\bin;C:\Program Files\PuTTY\;C:\Program Files\Go\bin;C:\Program Files\nodejs\;C:\Program Files\GitHub CLI\;C:\protoc\bin;C:\Program Files\Memurai\;C:\Users\a\AppData\Local\Programs\Python\Python313\Scripts\;C:\Users\a\AppData\Local\Programs\Python\Python313\;C:\Users\a\AppData\Local\Microsoft\WindowsApps;C:\Users\a\AppData\Local\Programs\Microsoft VS Code\bin;C:\flutter\bin;C:\Users\a\AppData\Local\Android\Sdk;C:\Program Files\Java\jdk-17;C:\maven\bin;C:\Users\a\go\bin;C:\Program Files (x86)\Nmap;C:\Users\a\AppData\Roaming\npm;C:\Users\a\AppData\Local\Pub\Cache\bin;C:\Gradle\bin;C:\Program Files\OpenSSL-Win64\bin;C:\protoc\bin;C:\etcd;
USERNAME=a
OS=Windows_NT
PROCESSOR_IDENTIFIER=Intel64 Family 6 Model 70 Stepping 1, GenuineIntel
TMP=C:\Users\a\AppData\Local\Temp
TEMP=C:\Users\a\AppData\Local\Temp



Periodic native trim disabled

JNI global refs:
JNI global refs: 26, weak refs: 0

JNI global refs memory usage: 843, weak refs: 841

OOME stack traces (most recent first):
Classloader memory used:
Loader org.gradle.internal.classloader.VisitableURLClassLoader                         : 5235K
Loader org.gradle.internal.classloader.VisitableURLClassLoader$InstrumentingVisitableURLClassLoader: 3182K
Loader bootstrap                                                                       : 2852K
Loader org.gradle.initialization.MixInLegacyTypesClassLoader                           : 1383K
Loader org.gradle.internal.classloader.VisitableURLClassLoader                         : 173K
Loader jdk.internal.reflect.DelegatingClassLoader                                      : 129K
Loader org.gradle.groovy.scripts.internal.DefaultScriptCompilationHandler$ScriptClassLoader: 97157B
Loader jdk.internal.loader.ClassLoaders$PlatformClassLoader                            : 70861B
Loader jdk.internal.loader.ClassLoaders$AppClassLoader                                 : 29359B
Loader org.codehaus.groovy.runtime.callsite.CallSiteClassLoader                        : 7881B

Classes loaded by more than one classloader:
Class Program                                                                         : loaded 10 times (x 70B)
Class org.gradle.kotlin.dsl.ImplementationConfigurationAccessorsKt                    : loaded 5 times (x 69B)
Class Build_gradle$1$1                                                                : loaded 5 times (x 76B)
Class org.gradle.kotlin.dsl.Accessors7y9hz5zm5pocrb21isjhik2uhKt                      : loaded 5 times (x 69B)
Class Build_gradle                                                                    : loaded 5 times (x 128B)
Class Build_gradle$1                                                                  : loaded 5 times (x 72B)
Class Build_gradle$2                                                                  : loaded 5 times (x 72B)
Class Build_gradle$2$1                                                                : loaded 4 times (x 76B)
Class org.gradle.api.UncheckedIOException                                             : loaded 3 times (x 80B)
Class org.gradle.internal.Cast                                                        : loaded 3 times (x 69B)
Class org.gradle.internal.IoActions                                                   : loaded 3 times (x 69B)
Class Build_gradle$1$2                                                                : loaded 3 times (x 76B)
Class org.gradle.kotlin.dsl.Accessors3b22zubz91h1vnit99qiq17ljKt                      : loaded 3 times (x 69B)
Class org.gradle.kotlin.dsl.ApiConfigurationAccessorsKt                               : loaded 3 times (x 69B)
Class org.gradle.api.GradleException                                                  : loaded 3 times (x 80B)
Class Build_gradle$3                                                                  : loaded 3 times (x 76B)
Class org.gradle.api.Action                                                           : loaded 3 times (x 68B)
Class com.intellij.openapi.externalSystem.model.ExternalSystemException               : loaded 2 times (x 84B)
Class org.gradle.tooling.model.kotlin.dsl.KotlinDslScriptsModel                       : loaded 2 times (x 68B)
Class com.google.common.cache.CacheBuilder$OneWeigher                                 : loaded 2 times (x 80B)
Class com.google.common.collect.AbstractMultimap                                      : loaded 2 times (x 121B)
Class org.jetbrains.plugins.gradle.tooling.serialization.KotlinDslScriptsModelSerializationService: loaded 2 times (x 79B)
Class org.jetbrains.kotlin.idea.gradleTooling.model.samWithReceiver.SamWithReceiverModel: loaded 2 times (x 68B)
Class com.google.common.collect.ImmutableEntry                                        : loaded 2 times (x 80B)
Class com.google.common.collect.Lists$StringAsImmutableList                           : loaded 2 times (x 167B)
Class org.gradle.tooling.internal.adapter.ProtocolToModelAdapter$SafeMethodInvoker    : loaded 2 times (x 74B)
Class org.jetbrains.plugins.gradle.model.ExternalProject                              : loaded 2 times (x 68B)
Class com.google.common.cache.LocalCache$StrongEntry                                  : loaded 2 times (x 106B)
Class org.gradle.tooling.internal.adapter.ProtocolToModelAdapter$1                    : loaded 2 times (x 73B)
Class org.jetbrains.plugins.gradle.model.IntelliJSettings                             : loaded 2 times (x 68B)
Class org.objectweb.asm.FieldWriter                                                   : loaded 2 times (x 76B)
Class com.google.common.base.CharMatcher                                              : loaded 2 times (x 109B)
Class com.google.common.base.CharMatcher$IsNot                                        : loaded 2 times (x 109B)
Class org.jetbrains.plugins.gradle.model.ExternalLibraryDependency                    : loaded 2 times (x 68B)
Class com.google.common.collect.RegularImmutableSortedSet                             : loaded 2 times (x 233B)
Class org.gradle.internal.impldep.gnu.trove.THash                                     : loaded 2 times (x 79B)
Class org.jetbrains.kotlin.tooling.core.Extras                                        : loaded 2 times (x 68B)
Class com.google.common.base.Splitter                                                 : loaded 2 times (x 70B)
Class [Lcom.google.common.cache.Weigher;                                              : loaded 2 times (x 67B)
Class com.google.common.collect.Iterators$ArrayItr                                    : loaded 2 times (x 95B)
Class com.google.common.cache.LocalCache$Segment                                      : loaded 2 times (x 152B)
Class org.jetbrains.kotlin.idea.gradleTooling.KotlinMPPGradleModel                    : loaded 2 times (x 68B)
Class org.gradle.api.internal.DefaultClassPathProvider                                : loaded 2 times (x 74B)
Class org.gradle.internal.installation.GradleInstallation$1                           : loaded 2 times (x 73B)
Class com.google.common.cache.LocalCache$AbstractReferenceEntry                       : loaded 2 times (x 105B)
Class org.objectweb.asm.Type                                                          : loaded 2 times (x 70B)
Class com.google.common.util.concurrent.AbstractFuture$Failure                        : loaded 2 times (x 70B)
Class com.google.common.base.CharMatcher$BitSetMatcher                                : loaded 2 times (x 110B)
Class com.google.common.collect.ImmutableMap$IteratorBasedImmutableMap                : loaded 2 times (x 123B)
Class org.gradle.internal.exceptions.DefaultMultiCauseException                       : loaded 2 times (x 89B)
Class com.google.common.collect.ImmutableMap                                          : loaded 2 times (x 118B)
Class com.google.common.base.Converter                                                : loaded 2 times (x 88B)
Class org.gradle.tooling.model.UnsupportedMethodException                             : loaded 2 times (x 80B)
Class com.google.common.collect.ImmutableSet$EmptySetBuilderImpl                      : loaded 2 times (x 74B)
Class com.google.common.base.Equivalence                                              : loaded 2 times (x 80B)
Class com.google.common.primitives.Ints                                               : loaded 2 times (x 69B)
Class com.google.common.cache.LocalCache$EntryFactory$1                               : loaded 2 times (x 81B)
Class org.gradle.tooling.model.build.JavaEnvironment                                  : loaded 2 times (x 68B)
Class org.gradle.tooling.internal.adapter.ProtocolToModelAdapter$PropertyCachingMethodInvoker: loaded 2 times (x 74B)
Class com.google.common.cache.LocalCache$EntryFactory$2                               : loaded 2 times (x 81B)
Class com.google.common.cache.LocalCache$EntryFactory$3                               : loaded 2 times (x 81B)
Class com.google.common.cache.LocalCache$EntryFactory$4                               : loaded 2 times (x 81B)
Class org.gradle.tooling.internal.adapter.ProtocolToModelAdapter$NoOpDecoration       : loaded 2 times (x 77B)
Class com.google.common.cache.LocalCache$EntryFactory$5                               : loaded 2 times (x 81B)
Class com.google.common.cache.LocalCache$EntryFactory$6                               : loaded 2 times (x 81B)
Class com.google.common.cache.LocalCache$EntryFactory$7                               : loaded 2 times (x 81B)
Class org.gradle.internal.time.MonotonicClock                                         : loaded 2 times (x 75B)
Class com.google.common.cache.LocalCache$EntryFactory$8                               : loaded 2 times (x 81B)
Class org.gradle.tooling.internal.adapter.ProtocolToModelAdapter$SupportedPropertyInvoker: loaded 2 times (x 74B)
Class com.google.common.base.Predicate                                                : loaded 2 times (x 68B)
Class com.google.common.cache.LocalCache$StrongValueReference                         : loaded 2 times (x 88B)
Class org.gradle.internal.classloader.FilteringClassLoader                            : loaded 2 times (x 103B)
Class com.google.common.collect.RegularImmutableSet                                   : loaded 2 times (x 146B)
Class org.jetbrains.plugins.gradle.tooling.serialization.SerializationService         : loaded 2 times (x 68B)
Class kotlin.jvm.internal.Lambda                                                      : loaded 2 times (x 73B)
Class org.gradle.tooling.model.Model                                                  : loaded 2 times (x 68B)
Class [Lcom.google.common.cache.LocalCache$Strength;                                  : loaded 2 times (x 67B)
Class org.gradle.internal.classpath.DefaultClassPath$ImmutableUniqueList$Builder      : loaded 2 times (x 73B)
Class com.google.common.collect.AbstractRangeSet                                      : loaded 2 times (x 112B)
Class kotlin.UninitializedPropertyAccessException                                     : loaded 2 times (x 80B)
Class com.google.common.collect.Maps$8                                                : loaded 2 times (x 80B)
Class [Lcom.google.common.cache.CacheBuilder$NullListener;                            : loaded 2 times (x 67B)
Class com.google.common.base.PatternCompiler                                          : loaded 2 times (x 68B)
Class com.google.common.base.CharMatcher$InRange                                      : loaded 2 times (x 109B)
Class org.jetbrains.kotlin.idea.gradleTooling.KotlinSourceSetContainer                : loaded 2 times (x 68B)
Class com.google.common.collect.Sets$SetView                                          : loaded 2 times (x 136B)
Class com.google.common.collect.BiMap                                                 : loaded 2 times (x 68B)
Class com.google.common.collect.Lists                                                 : loaded 2 times (x 69B)
Class org.objectweb.asm.AnnotationWriter                                              : loaded 2 times (x 77B)
Class org.apache.commons.io.output.ThresholdingOutputStream                           : loaded 2 times (x 92B)
Class com.google.common.math.IntMath$1                                                : loaded 2 times (x 69B)
Class org.gradle.internal.classloader.ClassLoaderVisitor                              : loaded 2 times (x 74B)
Class org.objectweb.asm.Label                                                         : loaded 2 times (x 71B)
Class com.google.common.cache.CacheBuilder$NullListener                               : loaded 2 times (x 80B)
Class org.gradle.tooling.internal.adapter.ProtocolToModelAdapter$MethodInvocationCache$MethodInvocationKey: loaded 2 times (x 71B)
Class org.jetbrains.plugins.gradle.tooling.serialization.internal.adapter.Supplier    : loaded 2 times (x 68B)
Class com.google.common.math.MathPreconditions                                        : loaded 2 times (x 69B)
Class org.gradle.internal.time.DefaultCountdownTimer                                  : loaded 2 times (x 86B)
Class org.gradle.tooling.internal.adapter.CollectionMapper                            : loaded 2 times (x 71B)
Class org.gradle.internal.service.DefaultServiceLocator                               : loaded 2 times (x 81B)
Class org.gradle.internal.service.UnknownServiceException                             : loaded 2 times (x 81B)
Class org.jetbrains.plugins.gradle.model.ClasspathEntryModel                          : loaded 2 times (x 68B)
Class com.google.common.collect.ArrayListMultimap                                     : loaded 2 times (x 170B)
Class com.google.common.base.Strings                                                  : loaded 2 times (x 69B)
Class org.jetbrains.plugins.gradle.model.DependencyAccessorsModel                     : loaded 2 times (x 68B)
Class com.google.common.cache.CacheLoader$InvalidCacheLoadException                   : loaded 2 times (x 80B)
Class org.gradle.internal.classloader.DefaultClassLoaderFactory                       : loaded 2 times (x 80B)
Class com.google.common.collect.UnmodifiableIterator                                  : loaded 2 times (x 78B)
Class org.jetbrains.plugins.gradle.model.internal.TurnOffDefaultTasks                 : loaded 2 times (x 68B)
Class com.google.common.base.Stopwatch                                                : loaded 2 times (x 70B)
Class com.google.common.base.Platform$JdkPatternCompiler                              : loaded 2 times (x 73B)
Class org.jetbrains.plugins.gradle.tooling.ModelBuilderService$Parameter              : loaded 2 times (x 68B)
Class com.google.common.cache.LocalCache$LoadingValueReference                        : loaded 2 times (x 94B)
Class org.apache.commons.io.output.ByteArrayOutputStream                              : loaded 2 times (x 100B)
Class org.gradle.tooling.internal.adapter.ProtocolToModelAdapter$DefaultViewBuilder   : loaded 2 times (x 78B)
Class build_782jvh5doak2ite4e4h9y012e$_run_closure1                                   : loaded 2 times (x 137B)
Class com.google.common.collect.Hashing                                               : loaded 2 times (x 69B)
Class org.jetbrains.plugins.gradle.model.internal.DummyModel                          : loaded 2 times (x 68B)
Class org.jetbrains.plugins.gradle.model.GradleExtensions                             : loaded 2 times (x 68B)
Class com.google.common.collect.ImmutableRangeSet$ComplementRanges                    : loaded 2 times (x 167B)
Class org.jetbrains.plugins.gradle.tooling.serialization.GradleExtensionsSerializationService$WriteContext: loaded 2 times (x 70B)
Class com.google.common.base.JdkPattern                                               : loaded 2 times (x 73B)
Class com.google.common.collect.Multimap                                              : loaded 2 times (x 68B)
Class com.google.common.base.FunctionalEquivalence                                    : loaded 2 times (x 81B)
Class org.objectweb.asm.AnnotationVisitor                                             : loaded 2 times (x 76B)
Class org.objectweb.asm.RecordComponentWriter                                         : loaded 2 times (x 76B)
Class com.google.common.cache.LocalCache$1                                            : loaded 2 times (x 87B)
Class com.google.common.cache.LocalCache$2                                            : loaded 2 times (x 140B)
Class com.google.common.collect.RegularImmutableBiMap                                 : loaded 2 times (x 146B)
Class org.jetbrains.plugins.gradle.tooling.serialization.internal.IdeaProjectSerializationService$WriteContext$1: loaded 2 times (x 81B)
Class com.google.common.collect.ListMultimap                                          : loaded 2 times (x 68B)
Class org.jetbrains.plugins.gradle.tooling.serialization.internal.IdeaProjectSerializationService$WriteContext$2: loaded 2 times (x 81B)
Class org.jetbrains.plugins.gradle.model.VersionCatalogsModel                         : loaded 2 times (x 68B)
Class org.jetbrains.plugins.gradle.tooling.serialization.internal.IdeaProjectSerializationService$WriteContext$3: loaded 2 times (x 81B)
Class build_5q4hxj825yizmrns5qsbqz6zy                                                 : loaded 2 times (x 178B)
Class org.jetbrains.kotlin.idea.gradleTooling.AndroidAwareGradleModelProvider$Companion: loaded 2 times (x 69B)
Class org.jetbrains.plugins.gradle.tooling.serialization.internal.IdeaProjectSerializationService$WriteContext$4: loaded 2 times (x 81B)
Class org.gradle.internal.classloader.VisitableURLClassLoader$Spec                    : loaded 2 times (x 72B)
Class org.jetbrains.plugins.gradle.tooling.serialization.internal.IdeaProjectSerializationService$WriteContext$5: loaded 2 times (x 81B)
Class org.gradle.tooling.model.ProjectModel                                           : loaded 2 times (x 68B)
Class org.gradle.internal.impldep.gnu.trove.TObjectIdentityHashingStrategy            : loaded 2 times (x 76B)
Class org.jetbrains.plugins.gradle.tooling.serialization.internal.IdeaProjectSerializationService$WriteContext$6: loaded 2 times (x 81B)
Class com.google.common.collect.ImmutableEnumSet                                      : loaded 2 times (x 144B)
Class org.jetbrains.plugins.gradle.tooling.serialization.internal.IdeaProjectSerializationService$WriteContext$7: loaded 2 times (x 81B)
Class org.gradle.tooling.internal.gradle.DefaultProjectIdentifier                     : loaded 2 times (x 84B)
Class org.jetbrains.plugins.gradle.tooling.serialization.internal.IdeaProjectSerializationService$WriteContext$8: loaded 2 times (x 81B)
Class build_5q4hxj825yizmrns5qsbqz6zy$_run_closure1                                   : loaded 2 times (x 137B)
Class com.intellij.util.containers.IntObjectHashMap                                   : loaded 2 times (x 70B)
Class org.gradle.api.internal.classpath.ModuleRegistry                                : loaded 2 times (x 68B)
Class org.gradle.internal.exceptions.NonGradleCauseExceptionsHolder                   : loaded 2 times (x 68B)
Class com.google.common.cache.CacheBuilder                                            : loaded 2 times (x 70B)
Class org.objectweb.asm.ByteVector                                                    : loaded 2 times (x 77B)
Class com.google.common.collect.ImmutableCollection                                   : loaded 2 times (x 123B)
Class org.jetbrains.plugins.gradle.model.RepositoriesModel                            : loaded 2 times (x 68B)
Class com.google.common.collect.ImmutableRangeSet                                     : loaded 2 times (x 113B)
Class com.google.common.base.PairwiseEquivalence                                      : loaded 2 times (x 81B)
Class com.google.common.base.Ticker                                                   : loaded 2 times (x 70B)
Class kotlin.jvm.internal.markers.KMappedMarker                                       : loaded 2 times (x 68B)
Class org.gradle.tooling.internal.adapter.TypeInspector                               : loaded 2 times (x 71B)
Class org.gradle.api.internal.ClassPathProvider                                       : loaded 2 times (x 68B)
Class com.google.common.base.Ascii                                                    : loaded 2 times (x 69B)
Class com.google.common.collect.RegularImmutableMap$Values                            : loaded 2 times (x 167B)
Class org.objectweb.asm.ModuleWriter                                                  : loaded 2 times (x 80B)
Class org.gradle.internal.classloader.ClasspathUtil$1                                 : loaded 2 times (x 74B)
Class org.jetbrains.plugins.gradle.tooling.serialization.ExternalTestsSerializationService$ReadContext: loaded 2 times (x 70B)
Class com.google.common.collect.ImmutableEnumMap                                      : loaded 2 times (x 123B)
Class org.gradle.tooling.model.DomainObjectSet                                        : loaded 2 times (x 68B)
Class org.jetbrains.plugins.gradle.model.ExternalProjectDependency                    : loaded 2 times (x 68B)
Class com.google.common.collect.ImmutableList$ReverseImmutableList                    : loaded 2 times (x 168B)
Class com.google.common.cache.AbstractCache$StatsCounter                              : loaded 2 times (x 68B)
Class org.objectweb.asm.FieldVisitor                                                  : loaded 2 times (x 75B)
Class org.objectweb.asm.Symbol                                                        : loaded 2 times (x 71B)
Class org.gradle.api.internal.classpath.DefaultModuleRegistry                         : loaded 2 times (x 84B)
Class com.google.common.cache.RemovalListener                                         : loaded 2 times (x 68B)
Class com.google.common.cache.LocalCache$Strength$1                                   : loaded 2 times (x 79B)
Class com.google.common.cache.LocalCache$Strength$2                                   : loaded 2 times (x 79B)
Class com.google.common.cache.LocalCache$Strength$3                                   : loaded 2 times (x 79B)
Class org.gradle.internal.classloader.ClassLoaderFactory                              : loaded 2 times (x 68B)
Class com.google.common.collect.ObjectArrays                                          : loaded 2 times (x 69B)
Class com.google.common.util.concurrent.Uninterruptibles                              : loaded 2 times (x 69B)
Class com.google.common.collect.ImmutableList                                         : loaded 2 times (x 166B)
Class org.jetbrains.plugins.gradle.model.FileCollectionDependency                     : loaded 2 times (x 68B)
Class org.gradle.api.internal.classpath.ManifestUtil                                  : loaded 2 times (x 69B)
Class org.gradle.api.specs.Spec                                                       : loaded 2 times (x 68B)
Class com.google.common.collect.RangeSet                                              : loaded 2 times (x 68B)
Class com.google.common.cache.CacheLoader$UnsupportedLoadingOperationException        : loaded 2 times (x 80B)
Class kotlin.jvm.internal.Intrinsics                                                  : loaded 2 times (x 69B)
Class com.google.common.util.concurrent.ListenableFuture                              : loaded 2 times (x 68B)
Class org.gradle.tooling.internal.gradle.GradleBuildIdentity                          : loaded 2 times (x 68B)
Class org.gradle.tooling.internal.adapter.ProtocolToModelAdapter$ReflectionMethodInvoker: loaded 2 times (x 74B)
Class com.google.common.collect.Iterators$1                                           : loaded 2 times (x 79B)
Class org.jetbrains.plugins.gradle.model.GradleConfiguration                          : loaded 2 times (x 68B)
Class com.google.common.collect.Iterators$4                                           : loaded 2 times (x 80B)
Class com.google.common.collect.RegularImmutableMap$BucketOverflowException           : loaded 2 times (x 80B)
Class com.google.common.collect.Iterators$5                                           : loaded 2 times (x 80B)
Class com.google.common.base.Joiner                                                   : loaded 2 times (x 77B)
Class com.google.common.base.Equivalence$Equals                                       : loaded 2 times (x 80B)
Class com.google.common.base.Preconditions                                            : loaded 2 times (x 69B)
Class com.google.common.base.Function                                                 : loaded 2 times (x 68B)
Class com.google.common.collect.Iterators$9                                           : loaded 2 times (x 79B)
Class org.gradle.internal.classpath.ClassPath                                         : loaded 2 times (x 68B)
Class org.jetbrains.plugins.gradle.model.FilePatternSet                               : loaded 2 times (x 68B)
Class com.google.common.cache.ReferenceEntry                                          : loaded 2 times (x 68B)
Class org.gradle.tooling.internal.adapter.ObjectGraphAdapter                          : loaded 2 times (x 68B)
Class com.google.common.collect.RegularImmutableMap$KeySet                            : loaded 2 times (x 148B)
Class com.google.common.collect.CollectPreconditions                                  : loaded 2 times (x 69B)
Class com.google.common.primitives.IntsMethodsForWeb                                  : loaded 2 times (x 69B)
Class com.google.common.collect.RangeGwtSerializationDependencies                     : loaded 2 times (x 69B)
Class com.google.common.collect.Maps                                                  : loaded 2 times (x 69B)
Class com.google.common.collect.RegularImmutableMap                                   : loaded 2 times (x 119B)
Class com.google.common.collect.AbstractIndexedListIterator                           : loaded 2 times (x 94B)
Class com.google.common.base.CharMatcher$None                                         : loaded 2 times (x 110B)
Class [Lorg.apache.commons.io.StandardLineSeparator;                                  : loaded 2 times (x 67B)
Class org.gradle.api.internal.classpath.EffectiveClassPath                            : loaded 2 times (x 88B)
Class org.apache.commons.io.StandardLineSeparator                                     : loaded 2 times (x 77B)
Class com.google.common.cache.CacheLoader$SupplierToCacheLoader                       : loaded 2 times (x 73B)
Class com.google.common.collect.UnmodifiableListIterator                              : loaded 2 times (x 93B)
Class kotlin.jvm.internal.DefaultConstructorMarker                                    : loaded 2 times (x 69B)
Class com.google.common.cache.CacheLoader$FunctionToCacheLoader                       : loaded 2 times (x 73B)
Class com.google.common.cache.CacheBuilder$1                                          : loaded 2 times (x 83B)
Class com.google.common.cache.CacheBuilder$2                                          : loaded 2 times (x 70B)
Class com.google.common.collect.ImmutableList$1                                       : loaded 2 times (x 95B)
Class com.google.common.base.Splitter$Strategy                                        : loaded 2 times (x 68B)
Class com.google.common.collect.ImmutableMapEntrySet$RegularEntrySet                  : loaded 2 times (x 149B)
Class [Lcom.google.common.cache.RemovalListener;                                      : loaded 2 times (x 67B)
Class [Lcom.google.common.collect.ImmutableMapEntry;                                  : loaded 2 times (x 67B)
Class org.gradle.tooling.model.idea.IdeaDependency                                    : loaded 2 times (x 68B)
Class org.jetbrains.kotlin.idea.gradleTooling.model.annotation.AnnotationBasedPluginModel: loaded 2 times (x 68B)
Class org.jetbrains.kotlin.idea.gradleTooling.model.assignment.AssignmentModel        : loaded 2 times (x 68B)
Class org.jetbrains.plugins.gradle.tooling.serialization.ExternalProjectSerializationService: loaded 2 times (x 75B)
Class org.gradle.internal.installation.CurrentGradleInstallation                      : loaded 2 times (x 71B)
Class org.gradle.internal.installation.CurrentGradleInstallationLocator               : loaded 2 times (x 69B)
Class [Lcom.google.common.cache.LocalCache$Segment;                                   : loaded 2 times (x 67B)
Class org.gradle.api.internal.classpath.Module                                        : loaded 2 times (x 68B)
Class com.google.common.collect.ImmutableSortedSet                                    : loaded 2 times (x 233B)
Class org.jetbrains.plugins.gradle.tooling.serialization.ProjectDependenciesSerializationService$ReadContext: loaded 2 times (x 70B)
Class org.jetbrains.plugins.gradle.tooling.serialization.internal.IdeaProjectSerializationService$WriteContext: loaded 2 times (x 70B)
Class org.gradle.tooling.internal.adapter.ViewBuilder                                 : loaded 2 times (x 68B)
Class org.gradle.tooling.internal.adapter.ProtocolToModelAdapter                      : loaded 2 times (x 78B)
Class com.google.common.collect.ImmutableSet$JdkBackedSetBuilderImpl                  : loaded 2 times (x 74B)
Class org.gradle.tooling.internal.adapter.WeakIdentityHashMap$WeakKey                 : loaded 2 times (x 77B)
Class com.google.common.collect.ImmutableSet$RegularSetBuilderImpl                    : loaded 2 times (x 75B)
Class [Lorg.objectweb.asm.AnnotationWriter;                                           : loaded 2 times (x 67B)
Class org.gradle.internal.service.CachingServiceLocator                               : loaded 2 times (x 80B)
Class org.gradle.internal.time.Timer                                                  : loaded 2 times (x 68B)
Class [Lcom.google.common.collect.ImmutableEntry;                                     : loaded 2 times (x 67B)
Class org.jetbrains.plugins.gradle.model.tests.ExternalTestsModel                     : loaded 2 times (x 68B)
Class org.jetbrains.kotlin.idea.gradleTooling.KotlinDslScriptAdditionalTask           : loaded 2 times (x 68B)
Class org.jetbrains.plugins.gradle.tooling.util.ObjectCollector                       : loaded 2 times (x 70B)
Class org.gradle.internal.classpath.DefaultClassPath                                  : loaded 2 times (x 88B)
Class org.gradle.internal.impldep.gnu.trove.TObjectHash$NULL                          : loaded 2 times (x 69B)
Class org.jetbrains.plugins.gradle.tooling.serialization.GradleExtensionsSerializationService$ReadContext: loaded 2 times (x 70B)
Class org.jetbrains.plugins.gradle.tooling.serialization.internal.IdeaProjectSerializationService: loaded 2 times (x 75B)
Class com.google.common.collect.CollectCollectors                                     : loaded 2 times (x 69B)
Class org.gradle.internal.impldep.gnu.trove.TObjectIntHashMap                         : loaded 2 times (x 107B)
Class org.gradle.tooling.model.idea.IdeaProject                                       : loaded 2 times (x 68B)
Class org.gradle.tooling.model.Element                                                : loaded 2 times (x 68B)
Class com.google.common.base.Splitter$SplittingIterator                               : loaded 2 times (x 82B)
Class org.gradle.internal.impldep.gnu.trove.TObjectHash                               : loaded 2 times (x 92B)
Class com.intellij.openapi.externalSystem.model.project.dependencies.ProjectDependencies: loaded 2 times (x 68B)
Class com.google.common.cache.LocalCache$LocalManualCache$1                           : loaded 2 times (x 73B)
Class com.google.common.collect.SingletonImmutableList                                : loaded 2 times (x 167B)
Class com.google.common.collect.ImmutableRangeSet$AsSet                               : loaded 2 times (x 233B)
Class org.jetbrains.kotlin.idea.gradleTooling.PrepareKotlinIdeImportTaskModel         : loaded 2 times (x 68B)
Class [Lcom.google.common.collect.AbstractMapEntry;                                   : loaded 2 times (x 67B)
Class org.gradle.tooling.internal.adapter.TargetTypeProvider                          : loaded 2 times (x 68B)
Class org.gradle.internal.impldep.com.google.common.base.Preconditions                : loaded 2 times (x 69B)
Class kotlin.jvm.functions.Function1                                                  : loaded 2 times (x 68B)
Class org.jetbrains.kotlin.idea.gradleTooling.AndroidAwareGradleModelProvider         : loaded 2 times (x 74B)
Class org.objectweb.asm.SymbolTable$Entry                                             : loaded 2 times (x 72B)
Class [Lcom.google.common.cache.LocalCache$EntryFactory;                              : loaded 2 times (x 67B)
Class com.google.common.base.CharMatcher$Is                                           : loaded 2 times (x 109B)
Class com.google.common.base.Platform                                                 : loaded 2 times (x 69B)
Class com.google.common.collect.RegularImmutableAsList                                : loaded 2 times (x 176B)
Class com.google.common.collect.PeekingIterator                                       : loaded 2 times (x 68B)
Class org.gradle.internal.time.Time                                                   : loaded 2 times (x 69B)
Class org.gradle.internal.time.TimeSource$1                                           : loaded 2 times (x 75B)
Class org.apache.commons.io.CloseableURLConnection                                    : loaded 2 times (x 115B)
Class org.jetbrains.plugins.gradle.tooling.serialization.RepositoriesModelSerializationService$WriteContext: loaded 2 times (x 70B)
Class kotlin.KotlinNullPointerException                                               : loaded 2 times (x 81B)
Class com.google.common.collect.ImmutableMapEntrySet                                  : loaded 2 times (x 149B)
Class com.google.common.cache.CacheLoader                                             : loaded 2 times (x 72B)
Class org.objectweb.asm.MethodTooLargeException                                       : loaded 2 times (x 81B)
Class org.apache.commons.io.output.NullWriter                                         : loaded 2 times (x 97B)
Class com.google.common.cache.Cache                                                   : loaded 2 times (x 68B)
Class org.gradle.tooling.internal.adapter.ProtocolToModelAdapter$MixInMappingAction   : loaded 2 times (x 78B)
Class org.gradle.internal.classloader.SystemClassLoaderSpec                           : loaded 2 times (x 69B)
Class com.google.common.util.concurrent.internal.InternalFutureFailureAccess          : loaded 2 times (x 70B)
Class org.jetbrains.plugins.gradle.tooling.serialization.AnnotationProcessingModelSerializationService$ReadContext: loaded 2 times (x 70B)
Class com.google.common.collect.SingletonImmutableSet                                 : loaded 2 times (x 144B)
Class [Lcom.google.common.base.AbstractIterator$State;                                : loaded 2 times (x 67B)
Class org.jetbrains.plugins.gradle.tooling.serialization.RepositoriesModelSerializationService: loaded 2 times (x 80B)
Class org.jetbrains.plugins.gradle.tooling.serialization.ProjectDependenciesSerializationService: loaded 2 times (x 75B)
Class org.gradle.tooling.internal.adapter.WeakIdentityHashMap$AbsentValueProvider     : loaded 2 times (x 68B)
Class com.google.common.collect.ImmutableMap$Builder                                  : loaded 2 times (x 80B)
Class org.gradle.tooling.model.Dependency                                             : loaded 2 times (x 68B)
Class com.google.common.base.AbstractIterator                                         : loaded 2 times (x 78B)
Class org.jetbrains.plugins.gradle.tooling.serialization.AnnotationProcessingModelSerializationService: loaded 2 times (x 75B)
Class org.objectweb.asm.ClassWriter                                                   : loaded 2 times (x 104B)
Class com.google.common.collect.Range                                                 : loaded 2 times (x 85B)
Class org.apache.commons.io.IOUtils                                                   : loaded 2 times (x 69B)
Class kotlin.jvm.internal.FunctionBase                                                : loaded 2 times (x 68B)
Class [Lcom.google.common.cache.CacheBuilder$OneWeigher;                              : loaded 2 times (x 67B)
Class kotlin.Function                                                                 : loaded 2 times (x 68B)
Class com.google.common.collect.Iterators                                             : loaded 2 times (x 69B)
Class org.jetbrains.plugins.gradle.tooling.serialization.BuildScriptClasspathModelSerializationService$ReadContext: loaded 2 times (x 70B)
Class com.google.common.base.CharMatcher$1                                            : loaded 2 times (x 111B)
Class com.google.common.cache.LocalCache$ComputingValueReference                      : loaded 2 times (x 94B)
Class org.jetbrains.plugins.gradle.tooling.util.ObjectCollector$Processor             : loaded 2 times (x 68B)
Class org.gradle.util.internal.DefaultGradleVersion                                   : loaded 2 times (x 82B)
Class com.google.common.base.CharMatcher$And                                          : loaded 2 times (x 110B)
Class build_782jvh5doak2ite4e4h9y012e                                                 : loaded 2 times (x 178B)
Class com.google.common.collect.IndexedImmutableSet                                   : loaded 2 times (x 148B)
Class com.google.common.base.ExtraObjectsMethodsForWeb                                : loaded 2 times (x 69B)
Class org.gradle.tooling.internal.adapter.ProtocolToModelAdapter$ViewKey              : loaded 2 times (x 70B)
Class com.google.common.collect.AbstractListMultimap                                  : loaded 2 times (x 170B)
Class org.jetbrains.plugins.gradle.model.MavenRepositoryModel                         : loaded 2 times (x 68B)
Class org.apache.commons.io.output.UnsynchronizedByteArrayOutputStream                : loaded 2 times (x 100B)
Class com.google.common.cache.LocalCache$Strength                                     : loaded 2 times (x 79B)
Class com.google.common.collect.SortedIterable                                        : loaded 2 times (x 68B)
Class com.google.common.collect.ArrayListMultimapGwtSerializationDependencies         : loaded 2 times (x 170B)
Class kotlin.Unit                                                                     : loaded 2 times (x 69B)
Class org.objectweb.asm.Handler                                                       : loaded 2 times (x 70B)
Class org.gradle.api.internal.classpath.GlobalCacheRootsProvider                      : loaded 2 times (x 68B)
Class org.gradle.internal.impldep.gnu.trove.TObjectIntProcedure                       : loaded 2 times (x 68B)
Class org.gradle.tooling.internal.gradle.GradleProjectIdentity                        : loaded 2 times (x 68B)
Class com.google.common.collect.ImmutableList$SubList                                 : loaded 2 times (x 168B)
Class com.google.common.cache.LocalCache$ValueReference                               : loaded 2 times (x 68B)
Class org.gradle.tooling.internal.adapter.MethodInvocation                            : loaded 2 times (x 83B)
Class org.gradle.internal.time.CountdownTimer                                         : loaded 2 times (x 68B)
Class org.gradle.internal.time.Clock                                                  : loaded 2 times (x 68B)
Class org.gradle.internal.classloader.ClasspathUtil                                   : loaded 2 times (x 69B)
Class org.objectweb.asm.CurrentFrame                                                  : loaded 2 times (x 71B)
Class com.google.common.util.concurrent.AbstractFuture                                : loaded 2 times (x 93B)
Class ijInit1_9er5d4emp97zuwg5ti0aen9m0                                               : loaded 2 times (x 177B)
Class org.jetbrains.kotlin.tooling.core.HasMutableExtras                              : loaded 2 times (x 68B)
Class org.gradle.tooling.model.BuildIdentifier                                        : loaded 2 times (x 68B)
Class com.google.common.base.Splitter$1                                               : loaded 2 times (x 75B)
Class com.google.common.base.Ticker$1                                                 : loaded 2 times (x 70B)
Class com.google.common.collect.Maps$BiMapConverter                                   : loaded 2 times (x 88B)
Class org.gradle.api.internal.DefaultClassPathRegistry                                : loaded 2 times (x 74B)
Class com.google.common.util.concurrent.AbstractFuture$Cancellation                   : loaded 2 times (x 70B)
Class [Lorg.objectweb.asm.Symbol;                                                     : loaded 2 times (x 67B)
Class com.google.common.collect.ImmutableSet$SetBuilderImpl                           : loaded 2 times (x 74B)
Class org.gradle.api.internal.classpath.DefaultModuleRegistry$DefaultModule           : loaded 2 times (x 84B)
Class com.google.common.collect.ImmutableMap$1                                        : loaded 2 times (x 79B)
Class org.gradle.tooling.model.build.GradleEnvironment                                : loaded 2 times (x 68B)
Class com.google.common.base.CharMatcher$Or                                           : loaded 2 times (x 110B)
Class org.jetbrains.plugins.gradle.tooling.serialization.ExternalTestsSerializationService$WriteContext: loaded 2 times (x 70B)
Class org.gradle.internal.time.TimeSource                                             : loaded 2 times (x 68B)
Class com.google.common.base.Suppliers$SupplierOfInstance                             : loaded 2 times (x 77B)
Class org.objectweb.asm.RecordComponentVisitor                                        : loaded 2 times (x 75B)
Class com.intellij.util.containers.IntObjectHashMap$ArrayProducer                     : loaded 2 times (x 68B)
Class sync_studio_tooling1560_8lyb8fb04zaifsz04gryv0600$_run_closure1                 : loaded 2 times (x 137B)
Class com.google.common.collect.Iterables                                             : loaded 2 times (x 69B)
Class org.jetbrains.kotlin.android.synthetic.idea.AndroidExtensionsGradleModel        : loaded 2 times (x 68B)
Class [Lcom.intellij.openapi.externalSystem.model.project.dependencies.ResolutionState;: loaded 2 times (x 67B)
Class org.objectweb.asm.ClassTooLargeException                                        : loaded 2 times (x 81B)
Class com.intellij.openapi.externalSystem.model.project.dependencies.ResolutionState  : loaded 2 times (x 77B)
Class org.gradle.api.internal.classpath.UnknownModuleException                        : loaded 2 times (x 80B)
Class com.google.common.util.concurrent.AbstractFuture$Listener                       : loaded 2 times (x 70B)
Class org.apache.commons.io.output.AbstractByteArrayOutputStream                      : loaded 2 times (x 100B)
Class org.objectweb.asm.Edge                                                          : loaded 2 times (x 70B)
Class com.android.ide.gradle.model.GradlePluginModel                                  : loaded 2 times (x 68B)
Class org.objectweb.asm.ModuleVisitor                                                 : loaded 2 times (x 79B)
Class com.google.common.collect.ImmutableCollection$Builder                           : loaded 2 times (x 74B)
Class org.jetbrains.plugins.gradle.model.ProjectImportModelProvider                   : loaded 2 times (x 68B)
Class org.jetbrains.plugins.gradle.tooling.serialization.GradleExtensionsSerializationService: loaded 2 times (x 75B)
Class [Lorg.objectweb.asm.SymbolTable$Entry;                                          : loaded 2 times (x 67B)
Class com.google.common.collect.SingletonImmutableBiMap                               : loaded 2 times (x 141B)
Class com.google.common.base.CommonPattern                                            : loaded 2 times (x 72B)
Class com.google.common.base.Suppliers                                                : loaded 2 times (x 69B)
Class build_782jvh5doak2ite4e4h9y012e$_run_closure1$_closure3                         : loaded 2 times (x 137B)
Class org.jetbrains.plugins.gradle.model.IntelliJProjectSettings                      : loaded 2 times (x 68B)
Class org.objectweb.asm.ClassVisitor                                                  : loaded 2 times (x 86B)
Class com.google.common.cache.LoadingCache                                            : loaded 2 times (x 68B)
Class org.gradle.internal.service.ServiceLookupException                              : loaded 2 times (x 80B)
Class com.google.common.collect.Iterators$MergingIterator                             : loaded 2 times (x 79B)
Class org.jetbrains.kotlin.idea.gradleTooling.model.lombok.LombokModel                : loaded 2 times (x 68B)
Class sync_studio_tooling1560_8lyb8fb04zaifsz04gryv0600                               : loaded 2 times (x 177B)
Class org.gradle.tooling.model.ProjectIdentifier                                      : loaded 2 times (x 68B)
Class com.google.common.base.CharMatcher$NegatedFastMatcher                           : loaded 2 times (x 111B)
Class [Lorg.gradle.api.internal.ClassPathProvider;                                    : loaded 2 times (x 67B)
Class org.gradle.internal.operations.MultipleBuildOperationFailures                   : loaded 2 times (x 89B)
Class org.gradle.util.internal.GUtil                                                  : loaded 2 times (x 69B)
Class org.gradle.tooling.model.internal.ImmutableDomainObjectSet                      : loaded 2 times (x 153B)
Class org.gradle.tooling.internal.adapter.MethodInvoker                               : loaded 2 times (x 68B)
Class org.jetbrains.plugins.gradle.model.AnnotationProcessingModel                    : loaded 2 times (x 68B)
Class com.google.common.math.IntMath                                                  : loaded 2 times (x 69B)
Class org.jetbrains.plugins.gradle.model.ExternalTask                                 : loaded 2 times (x 68B)
Class org.gradle.tooling.model.HierarchicalElement                                    : loaded 2 times (x 68B)
Class com.google.common.collect.AbstractIterator                                      : loaded 2 times (x 80B)
Class org.jetbrains.plugins.gradle.tooling.serialization.ExternalProjectSerializationService$ReadContext: loaded 2 times (x 72B)
Class org.gradle.internal.classloader.ClassLoaderSpec                                 : loaded 2 times (x 69B)
Class com.google.common.base.NullnessCasts                                            : loaded 2 times (x 69B)
Class org.objectweb.asm.Frame                                                         : loaded 2 times (x 71B)
Class com.google.common.cache.LocalCache$LocalManualCache                             : loaded 2 times (x 97B)
Class com.google.common.collect.AbstractMapEntry                                      : loaded 2 times (x 79B)
Class com.google.common.collect.ImmutableList$Builder                                 : loaded 2 times (x 75B)
Class com.google.common.base.CharMatcher$Negated                                      : loaded 2 times (x 111B)
Class com.google.common.cache.CacheLoader$1                                           : loaded 2 times (x 73B)
Class org.jetbrains.plugins.gradle.model.GradleExtension                              : loaded 2 times (x 68B)
Class org.gradle.tooling.internal.adapter.ProtocolToModelAdapter$AdaptingMethodInvoker: loaded 2 times (x 74B)
Class org.jetbrains.plugins.gradle.tooling.util.IntObjectMap                          : loaded 2 times (x 71B)
Class org.gradle.tooling.model.idea.IdeaModuleDependency                              : loaded 2 times (x 68B)
Class com.google.common.util.concurrent.AbstractFuture$TrustedFuture                  : loaded 2 times (x 95B)
Class org.jetbrains.plugins.gradle.tooling.serialization.RepositoriesModelSerializationService$ReadContext: loaded 2 times (x 70B)
Class org.gradle.internal.classloader.InstrumentingClassLoader                        : loaded 2 times (x 68B)
Class org.jetbrains.plugins.gradle.model.BuildScriptClasspathModel                    : loaded 2 times (x 68B)
Class com.google.common.collect.Sets                                                  : loaded 2 times (x 69B)
Class org.apache.commons.io.output.QueueOutputStream                                  : loaded 2 times (x 85B)
Class com.google.common.collect.ImmutableSet$Builder                                  : loaded 2 times (x 83B)
Class org.gradle.util.GradleVersion                                                   : loaded 2 times (x 81B)
Class com.google.common.base.CharMatcher$ForPredicate                                 : loaded 2 times (x 110B)
Class com.google.common.collect.ImmutableMap$MapViewOfValuesAsSingletonSets           : loaded 2 times (x 123B)
Class org.apache.commons.io.output.StringBuilderWriter                                : loaded 2 times (x 98B)
Class com.google.common.base.MoreObjects                                              : loaded 2 times (x 69B)
Class com.google.common.collect.SortedMapDifference                                   : loaded 2 times (x 68B)
Class org.objectweb.asm.SymbolTable                                                   : loaded 2 times (x 70B)
Class org.gradle.tooling.internal.adapter.ProtocolToModelAdapter$ViewGraphDetails$1   : loaded 2 times (x 75B)
Class [Lorg.objectweb.asm.AnnotationVisitor;                                          : loaded 2 times (x 67B)
Class com.google.common.cache.CacheStats                                              : loaded 2 times (x 69B)
Class org.objectweb.asm.Attribute                                                     : loaded 2 times (x 75B)
Class org.gradle.internal.classloader.VisitableURLClassLoader                         : loaded 2 times (x 115B)
Class com.google.common.cache.LocalCache$LocalLoadingCache                            : loaded 2 times (x 132B)
Class com.google.common.base.Supplier                                                 : loaded 2 times (x 68B)
Class org.jetbrains.plugins.gradle.tooling.serialization.BuildScriptClasspathModelSerializationService: loaded 2 times (x 75B)
Class com.google.common.base.Objects                                                  : loaded 2 times (x 69B)
Class com.google.common.collect.ImmutableBiMap                                        : loaded 2 times (x 141B)
Class org.apache.commons.io.output.AppendableWriter                                   : loaded 2 times (x 98B)
Class build_69lill7znr8hg7c90uo3amkd1                                                 : loaded 2 times (x 178B)
Class org.gradle.internal.installation.GradleInstallation                             : loaded 2 times (x 73B)
Class org.jetbrains.plugins.gradle.model.GradleProperty                               : loaded 2 times (x 68B)
Class build_69lill7znr8hg7c90uo3amkd1$_run_closure1                                   : loaded 2 times (x 137B)
Class org.gradle.api.internal.ClassPathRegistry                                       : loaded 2 times (x 68B)
Class com.google.common.cache.LocalCache$EntryFactory                                 : loaded 2 times (x 81B)
Class com.google.common.util.concurrent.UncheckedExecutionException                   : loaded 2 times (x 80B)
Class com.google.common.collect.ImmutableSet                                          : loaded 2 times (x 143B)
Class org.gradle.internal.classloader.VisitableURLClassLoader$InstrumentingVisitableURLClassLoader: loaded 2 times (x 121B)
Class org.gradle.internal.classloader.ClassLoaderHierarchy                            : loaded 2 times (x 68B)
Class org.jetbrains.plugins.gradle.tooling.serialization.BuildScriptClasspathModelSerializationService$WriteContext: loaded 2 times (x 70B)
Class org.gradle.internal.exceptions.MultiCauseException                              : loaded 2 times (x 68B)
Class org.jetbrains.kotlin.idea.gradleTooling.model.parcelize.ParcelizeGradleModel    : loaded 2 times (x 68B)
Class [Lorg.objectweb.asm.Type;                                                       : loaded 2 times (x 67B)
Class com.google.common.base.AbstractIterator$State                                   : loaded 2 times (x 77B)
Class com.google.common.cache.Weigher                                                 : loaded 2 times (x 68B)
Class com.google.common.base.CharMatcher$NamedFastMatcher                             : loaded 2 times (x 110B)
Class org.gradle.internal.InternalTransformer                                         : loaded 2 times (x 68B)
Class org.apache.commons.io.output.NullOutputStream                                   : loaded 2 times (x 83B)
Class org.jetbrains.kotlin.idea.gradleTooling.model.noarg.NoArgModel                  : loaded 2 times (x 68B)
Class org.jetbrains.kotlin.idea.gradleTooling.KotlinGradleModel                       : loaded 2 times (x 68B)
Class org.gradle.tooling.internal.gradle.DefaultBuildIdentifier                       : loaded 2 times (x 77B)
Class org.gradle.internal.service.ServiceLocator                                      : loaded 2 times (x 68B)
Class org.jetbrains.plugins.gradle.model.ExternalDependency                           : loaded 2 times (x 68B)
Class com.google.common.collect.ImmutableRangeSet$1                                   : loaded 2 times (x 169B)
Class com.google.common.util.concurrent.SettableFuture                                : loaded 2 times (x 95B)
Class org.gradle.internal.impldep.gnu.trove.TObjectHashingStrategy                    : loaded 2 times (x 68B)
Class org.gradle.tooling.internal.adapter.ProtocolToModelAdapter$MethodInvocationCache: loaded 2 times (x 71B)
Class com.google.common.collect.ImmutableMapEntry                                     : loaded 2 times (x 83B)
Class org.jetbrains.kotlin.idea.gradleTooling.model.allopen.AllOpenModel              : loaded 2 times (x 68B)
Class org.jetbrains.plugins.gradle.model.AnnotationProcessingConfig                   : loaded 2 times (x 68B)
Class org.jetbrains.plugins.gradle.tooling.serialization.ExternalTestsSerializationService: loaded 2 times (x 75B)
Class com.google.common.base.Joiner$1                                                 : loaded 2 times (x 78B)
Class org.jetbrains.plugins.gradle.tooling.serialization.ProjectDependenciesSerializationService$WriteContext: loaded 2 times (x 70B)
Class com.google.common.base.Joiner$2                                                 : loaded 2 times (x 77B)
Class org.gradle.tooling.internal.adapter.WeakIdentityHashMap                         : loaded 2 times (x 74B)
Class com.google.common.base.CharMatcher$FastMatcher                                  : loaded 2 times (x 109B)
Class org.gradle.internal.classpath.DefaultClassPath$ImmutableUniqueList              : loaded 2 times (x 159B)
Class org.gradle.internal.time.DefaultTimer                                           : loaded 2 times (x 78B)
Class com.intellij.util.ThrowableConsumer                                             : loaded 2 times (x 68B)
Class org.gradle.internal.classpath.TransformedClassPath                              : loaded 2 times (x 94B)
Class com.google.common.collect.MapDifference                                         : loaded 2 times (x 68B)
Class org.jetbrains.plugins.gradle.tooling.serialization.ExternalProjectSerializationService$WriteContext: loaded 2 times (x 72B)
Class org.jetbrains.kotlin.tooling.core.HasExtras                                     : loaded 2 times (x 68B)
Class com.google.common.collect.Sets$1                                                : loaded 2 times (x 137B)
Class com.google.common.collect.Sets$2                                                : loaded 2 times (x 137B)
Class com.google.common.util.concurrent.AbstractFuture$Trusted                        : loaded 2 times (x 68B)
Class org.gradle.tooling.internal.adapter.ProtocolToModelAdapter$InvocationHandlerImpl: loaded 2 times (x 75B)
Class com.google.common.collect.Sets$3                                                : loaded 2 times (x 137B)
Class com.google.common.collect.Sets$4                                                : loaded 2 times (x 137B)
Class org.jetbrains.plugins.gradle.tooling.serialization.AnnotationProcessingModelSerializationService$WriteContext: loaded 2 times (x 70B)
Class org.jetbrains.plugins.gradle.tooling.serialization.internal.IdeaProjectSerializationService$ReadContext: loaded 2 times (x 70B)
Class org.objectweb.asm.MethodWriter                                                  : loaded 2 times (x 104B)
Class org.gradle.tooling.internal.adapter.ProtocolToModelAdapter$ViewDecoration       : loaded 2 times (x 68B)
Class com.google.common.collect.Platform                                              : loaded 2 times (x 69B)
Class com.google.common.collect.ImmutableAsList                                       : loaded 2 times (x 169B)
Class com.google.common.util.concurrent.ExecutionError                                : loaded 2 times (x 80B)
Class com.google.common.base.Equivalence$Identity                                     : loaded 2 times (x 80B)
Class com.google.common.base.CharMatcher$AnyOf                                        : loaded 2 times (x 110B)
Class com.google.common.base.CharMatcher$IsEither                                     : loaded 2 times (x 109B)
Class com.google.common.cache.LocalCache                                              : loaded 2 times (x 185B)
Class com.google.common.collect.ImmutableRangeSet$Builder                             : loaded 2 times (x 75B)
Class com.google.common.collect.RegularImmutableList                                  : loaded 2 times (x 172B)
Class org.gradle.internal.impldep.gnu.trove.TObjectCanonicalHashingStrategy           : loaded 2 times (x 78B)
Class org.jetbrains.plugins.gradle.tooling.util.IntObjectMap$ObjectFactory            : loaded 2 times (x 68B)
Class com.google.common.collect.Multiset                                              : loaded 2 times (x 68B)
Class com.google.common.collect.ImmutableSet$CachingAsList                            : loaded 2 times (x 145B)
Class org.jetbrains.plugins.gradle.tooling.util.IntObjectMap$1                        : loaded 2 times (x 75B)
Class org.gradle.tooling.internal.adapter.ProtocolToModelAdapter$ViewGraphDetails     : loaded 2 times (x 70B)
Class org.objectweb.asm.MethodVisitor                                                 : loaded 2 times (x 103B)
Class com.google.common.collect.ImmutableMapEntry$NonTerminalImmutableMapEntry        : loaded 2 times (x 83B)
Class com.google.common.collect.AbstractMapBasedMultimap                              : loaded 2 times (x 137B)
Class org.gradle.internal.impldep.gnu.trove.Equality                                  : loaded 2 times (x 68B)


---------------  S Y S T E M  ---------------

OS:
 Windows 10 , 64 bit Build 19041 (10.0.19041.5915)
OS uptime: 0 days 18:24 hours

CPU: total 8 (initial active 8) (4 cores per cpu, 2 threads per core) family 6 model 70 stepping 1 microcode 0x1c, cx8, cmov, fxsr, ht, mmx, sse, sse2, sse3, ssse3, sse4.1, sse4.2, popcnt, lzcnt, tsc, tscinvbit, avx, avx2, aes, erms, clmul, bmi1, bmi2, fma, vzeroupper, clflush
Processor Information for all 8 processors :
  Max Mhz: 2301, Current Mhz: 2301, Mhz Limit: 2301

Memory: 4k page, system-wide physical 16292M (4320M free)
TotalPageFile size 18173M (AvailPageFile size 146M)
current process WorkingSet (physical memory assigned to process): 523M, peak: 534M
current process commit charge ("private bytes"): 586M, peak: 741M

vm_info: OpenJDK 64-Bit Server VM (17.0.9+0--11185874) for windows-amd64 JRE (17.0.9+0--11185874), built on Dec  6 2023 18:57:44 by "androidbuild" with MS VC++ 16.10 / 16.11 (VS2019)

END.
