#
# There is insufficient memory for the Java Runtime Environment to continue.
# Native memory allocation (mmap) failed to map 260046848 bytes for G1 virtual space
# Possible reasons:
#   The system is out of physical RAM or swap space
#   The process is running with CompressedOops enabled, and the Java Heap may be blocking the growth of the native heap
# Possible solutions:
#   Reduce memory load on the system
#   Increase physical memory or swap space
#   Check if swap backing store is full
#   Decrease Java heap size (-Xmx/-Xms)
#   Decrease number of Java threads
#   Decrease Java thread stack sizes (-Xss)
#   Set larger code cache with -XX:ReservedCodeCacheSize=
#   JVM is running with Zero Based Compressed Oops mode in which the Java heap is
#     placed in the first 32GB address space. The Java Heap base address is the
#     maximum limit for the native heap growth. Please use -XX:HeapBaseMinAddress
#     to set the Java Heap base and to place the Java Heap above 32GB virtual address.
# This output file may be truncated or incomplete.
#
#  Out of Memory Error (os_windows.cpp:3825), pid=18636, tid=20840
#
# JRE version: OpenJDK Runtime Environment (17.0.9) (build 17.0.9+0--11185874)
# Java VM: OpenJDK 64-Bit Server VM (17.0.9+0--11185874, mixed mode, tiered, compressed oops, compressed class ptrs, g1 gc, windows-amd64)
# No core dump will be written. Minidumps are not enabled by default on client versions of Windows
#

---------------  S U M M A R Y ------------

Command Line: --add-opens=java.base/java.lang=ALL-UNNAMED --add-opens=java.base/java.lang.invoke=ALL-UNNAMED --add-opens=java.base/java.util=ALL-UNNAMED --add-opens=java.prefs/java.util.prefs=ALL-UNNAMED --add-exports=jdk.compiler/com.sun.tools.javac.api=ALL-UNNAMED --add-exports=jdk.compiler/com.sun.tools.javac.util=ALL-UNNAMED --add-opens=java.base/java.util=ALL-UNNAMED --add-opens=java.prefs/java.util.prefs=ALL-UNNAMED --add-opens=java.base/java.nio.charset=ALL-UNNAMED --add-opens=java.base/java.net=ALL-UNNAMED --add-opens=java.base/java.util.concurrent.atomic=ALL-UNNAMED --add-opens=java.xml/javax.xml.namespace=ALL-UNNAMED -Xmx4096m -Dfile.encoding=windows-1252 -Duser.country=AU -Duser.language=en -Duser.variant -javaagent:C:\Users\a\.gradle\wrapper\dists\gradle-8.14.3-bin\40dfek2kz346l18gf9ltjsnyd\gradle-8.14.3\lib\agents\gradle-instrumentation-agent-8.14.3.jar org.gradle.launcher.daemon.bootstrap.GradleDaemon 8.14.3

Host: Intel(R) Core(TM) i7-4850HQ CPU @ 2.30GHz, 8 cores, 15G,  Windows 10 , 64 bit Build 19041 (10.0.19041.5915)
Time: Mon Aug 31 17:20:07 2026 China Standard Time elapsed time: 15.216467 seconds (0d 0h 0m 15s)

---------------  T H R E A D  ---------------

Current thread (0x0000026fc5b6d470):  VMThread "VM Thread" [stack: 0x000000d8ecb00000,0x000000d8ecc00000] [id=20840]

Stack: [0x000000d8ecb00000,0x000000d8ecc00000]
Native frames: (J=compiled Java code, j=interpreted, Vv=VM code, C=native code)
V  [jvm.dll+0x6886e9]
V  [jvm.dll+0x841e4a]
V  [jvm.dll+0x843a8e]
V  [jvm.dll+0x8440f3]
V  [jvm.dll+0x24c14f]
V  [jvm.dll+0x685499]
V  [jvm.dll+0x679c2a]
V  [jvm.dll+0x30cf9b]
V  [jvm.dll+0x314446]
V  [jvm.dll+0x36425e]
V  [jvm.dll+0x36448f]
V  [jvm.dll+0x2e2d68]
V  [jvm.dll+0x2e0f44]
V  [jvm.dll+0x2e054c]
V  [jvm.dll+0x3253fb]
V  [jvm.dll+0x8487eb]
V  [jvm.dll+0x849531]
V  [jvm.dll+0x849a4d]
V  [jvm.dll+0x849e24]
V  [jvm.dll+0x849ef0]
V  [jvm.dll+0x7f06aa]
V  [jvm.dll+0x687565]
C  [ucrtbase.dll+0x21bb2]
C  [KERNEL32.DLL+0x17374]
C  [ntdll.dll+0x4cc91]

VM_Operation (0x000000d8eecfe7b0): G1CollectForAllocation, mode: safepoint, requested by thread 0x0000026fcc283ee0


---------------  P R O C E S S  ---------------

Threads class SMR info:
_java_thread_list=0x0000026fd0f69520, length=95, elements={
0x0000026fa4fd3490, 0x0000026fc5b70fb0, 0x0000026fc5b71d40, 0x0000026fc5bbddb0,
0x0000026fc5be7520, 0x0000026fc5bdb160, 0x0000026fc5bdba30, 0x0000026fc5bdfb30,
0x0000026fc5be04f0, 0x0000026fc5bf5b30, 0x0000026fc5d4a040, 0x0000026fc5f073e0,
0x0000026fca7fa030, 0x0000026fcb3125d0, 0x0000026fcc37d050, 0x0000026fca58d450,
0x0000026fcc1f5880, 0x0000026fcc2843f0, 0x0000026fcc284900, 0x0000026fcc2839d0,
0x0000026fcc2834c0, 0x0000026fcc282aa0, 0x0000026fcc284e10, 0x0000026fcc282590,
0x0000026fcc283ee0, 0x0000026fcc282fb0, 0x0000026fcc285830, 0x0000026fcc282080,
0x0000026fce1ff150, 0x0000026fce1fb9a0, 0x0000026fce1fa050, 0x0000026fce1fd2f0,
0x0000026fce1fe730, 0x0000026fce1ff660, 0x0000026fce1ffb70, 0x0000026fce1fbeb0,
0x0000026fce200080, 0x0000026fce1fe220, 0x0000026fce1fb490, 0x0000026fce1fdd10,
0x0000026fce1fec40, 0x0000026fce2019d0, 0x0000026fce1fa560, 0x0000026fce1faa70,
0x0000026fce1faf80, 0x0000026fca45eef0, 0x0000026fca460330, 0x0000026fca45c160,
0x0000026fca4630c0, 0x0000026fca4635d0, 0x0000026fca45fe20, 0x0000026fca45e4d0,
0x0000026fca463ae0, 0x0000026fca461770, 0x0000026fca45f910, 0x0000026fca45e9e0,
0x0000026fca45f400, 0x0000026fca460840, 0x0000026fca45c670, 0x0000026fca45d090,
0x0000026fca45dab0, 0x0000026fca462190, 0x0000026fca45d5a0, 0x0000026fca45dfc0,
0x0000026fca460d50, 0x0000026fca461260, 0x0000026fca462bb0, 0x0000026fcff9adb0,
0x0000026fcffa03c0, 0x0000026fcff9d120, 0x0000026fcff9d630, 0x0000026fcff99970,
0x0000026fcff9c1f0, 0x0000026fcff9a390, 0x0000026fcff9cc10, 0x0000026fcff9c700,
0x0000026fcff9feb0, 0x0000026fcff9db40, 0x0000026fcff9a8a0, 0x0000026fcff99e80,
0x0000026fcff9b2c0, 0x0000026fcff99460, 0x0000026fccfa9020, 0x0000026fccfaaab0,
0x0000026fd1a1d9b0, 0x0000026fd1a1dec0, 0x0000026fd1a21160, 0x0000026fd1a20230,
0x0000026fd1a20c50, 0x0000026fd1a1bb50, 0x0000026fd1a234d0, 0x0000026fd1a1c060,
0x0000026fd1a1f300, 0x0000026fd1a1c570, 0x0000026fd1a1e3d0
}

Java Threads: ( => current thread )
  0x0000026fa4fd3490 JavaThread "main" [_thread_blocked, id=18552, stack(0x000000d8ec500000,0x000000d8ec600000)]
  0x0000026fc5b70fb0 JavaThread "Reference Handler" daemon [_thread_blocked, id=18048, stack(0x000000d8ecc00000,0x000000d8ecd00000)]
  0x0000026fc5b71d40 JavaThread "Finalizer" daemon [_thread_blocked, id=19516, stack(0x000000d8ecd00000,0x000000d8ece00000)]
  0x0000026fc5bbddb0 JavaThread "Signal Dispatcher" daemon [_thread_blocked, id=20484, stack(0x000000d8ece00000,0x000000d8ecf00000)]
  0x0000026fc5be7520 JavaThread "Attach Listener" daemon [_thread_blocked, id=20032, stack(0x000000d8ecf00000,0x000000d8ed000000)]
  0x0000026fc5bdb160 JavaThread "Service Thread" daemon [_thread_blocked, id=6560, stack(0x000000d8ed000000,0x000000d8ed100000)]
  0x0000026fc5bdba30 JavaThread "Monitor Deflation Thread" daemon [_thread_blocked, id=13964, stack(0x000000d8ed100000,0x000000d8ed200000)]
  0x0000026fc5bdfb30 JavaThread "C2 CompilerThread0" daemon [_thread_blocked, id=18044, stack(0x000000d8ed200000,0x000000d8ed300000)]
  0x0000026fc5be04f0 JavaThread "C1 CompilerThread0" daemon [_thread_blocked, id=11688, stack(0x000000d8ed300000,0x000000d8ed400000)]
  0x0000026fc5bf5b30 JavaThread "Sweeper thread" daemon [_thread_blocked, id=18052, stack(0x000000d8ed400000,0x000000d8ed500000)]
  0x0000026fc5d4a040 JavaThread "Common-Cleaner" daemon [_thread_blocked, id=18116, stack(0x000000d8ed500000,0x000000d8ed600000)]
  0x0000026fc5f073e0 JavaThread "Notification Thread" daemon [_thread_blocked, id=12840, stack(0x000000d8ed600000,0x000000d8ed700000)]
  0x0000026fca7fa030 JavaThread "Daemon health stats" [_thread_blocked, id=18280, stack(0x000000d8ee100000,0x000000d8ee200000)]
  0x0000026fcb3125d0 JavaThread "Incoming local TCP Connector on port 34377" [_thread_in_native, id=1188, stack(0x000000d8ee000000,0x000000d8ee100000)]
  0x0000026fcc37d050 JavaThread "Daemon periodic checks" [_thread_blocked, id=18944, stack(0x000000d8ee200000,0x000000d8ee300000)]
  0x0000026fca58d450 JavaThread "Daemon" [_thread_blocked, id=20636, stack(0x000000d8ee300000,0x000000d8ee400000)]
  0x0000026fcc1f5880 JavaThread "Handler for socket connection from /127.0.0.1:34377 to /127.0.0.1:34378" [_thread_in_native, id=19984, stack(0x000000d8ee400000,0x000000d8ee500000)]
  0x0000026fcc2843f0 JavaThread "Cancel handler" [_thread_blocked, id=13824, stack(0x000000d8ed800000,0x000000d8ed900000)]
  0x0000026fcc284900 JavaThread "Daemon worker" [_thread_blocked, id=18680, stack(0x000000d8ee500000,0x000000d8ee600000)]
  0x0000026fcc2839d0 JavaThread "Asynchronous log dispatcher for DefaultDaemonConnection: socket connection from /127.0.0.1:34377 to /127.0.0.1:34378" [_thread_blocked, id=21160, stack(0x000000d8ee600000,0x000000d8ee700000)]
  0x0000026fcc2834c0 JavaThread "Stdin handler" [_thread_blocked, id=19280, stack(0x000000d8ee700000,0x000000d8ee800000)]
  0x0000026fcc282aa0 JavaThread "Daemon client event forwarder" [_thread_blocked, id=21016, stack(0x000000d8ee800000,0x000000d8ee900000)]
  0x0000026fcc284e10 JavaThread "Cache worker for journal cache (C:\Users\a\.gradle\caches\journal-1)" [_thread_blocked, id=19336, stack(0x000000d8eea00000,0x000000d8eeb00000)]
  0x0000026fcc282590 JavaThread "File lock request listener" [_thread_in_native, id=4600, stack(0x000000d8eeb00000,0x000000d8eec00000)]
  0x0000026fcc283ee0 JavaThread "Cache worker for file hash cache (C:\Users\a\.gradle\caches\8.14.3\fileHashes)" [_thread_blocked, id=20764, stack(0x000000d8eec00000,0x000000d8eed00000)]
  0x0000026fcc282fb0 JavaThread "Cache worker for file hash cache (C:\Users\a\Documents\Android-SDK@4.87.82540_20251128\UniPlugin-Hello-AS - Copy\.gradle\8.14.3\fileHashes)" [_thread_blocked, id=19164, stack(0x000000d8eef00000,0x000000d8ef000000)]
  0x0000026fcc285830 JavaThread "Cache worker for Build Output Cleanup Cache (C:\Users\a\Documents\Android-SDK@4.87.82540_20251128\UniPlugin-Hello-AS - Copy\.gradle\buildOutputCleanup)" [_thread_blocked, id=6192, stack(0x000000d8ef000000,0x000000d8ef100000)]
  0x0000026fcc282080 JavaThread "File watcher server" daemon [_thread_in_native, id=20476, stack(0x000000d8ef100000,0x000000d8ef200000)]
  0x0000026fce1ff150 JavaThread "File watcher consumer" daemon [_thread_blocked, id=19940, stack(0x000000d8ef200000,0x000000d8ef300000)]
  0x0000026fce1fb9a0 JavaThread "jar transforms" [_thread_blocked, id=18968, stack(0x000000d8ef300000,0x000000d8ef400000)]
  0x0000026fce1fa050 JavaThread "jar transforms Thread 2" [_thread_blocked, id=19304, stack(0x000000d8ef400000,0x000000d8ef500000)]
  0x0000026fce1fd2f0 JavaThread "jar transforms Thread 3" [_thread_blocked, id=16784, stack(0x000000d8ef500000,0x000000d8ef600000)]
  0x0000026fce1fe730 JavaThread "jar transforms Thread 4" [_thread_blocked, id=20964, stack(0x000000d8ef600000,0x000000d8ef700000)]
  0x0000026fce1ff660 JavaThread "jar transforms Thread 5" [_thread_blocked, id=10696, stack(0x000000d8ef700000,0x000000d8ef800000)]
  0x0000026fce1ffb70 JavaThread "jar transforms Thread 6" [_thread_blocked, id=6984, stack(0x000000d8ef800000,0x000000d8ef900000)]
  0x0000026fce1fbeb0 JavaThread "jar transforms Thread 7" [_thread_blocked, id=20512, stack(0x000000d8ef900000,0x000000d8efa00000)]
  0x0000026fce200080 JavaThread "jar transforms Thread 8" [_thread_blocked, id=20324, stack(0x000000d8efa00000,0x000000d8efb00000)]
  0x0000026fce1fe220 JavaThread "Cache worker for checksums cache (C:\Users\a\Documents\Android-SDK@4.87.82540_20251128\UniPlugin-Hello-AS - Copy\.gradle\8.14.3\checksums)" [_thread_blocked, id=18932, stack(0x000000d8efc00000,0x000000d8efd00000)]
  0x0000026fce1fb490 JavaThread "Cache worker for file content cache (C:\Users\a\.gradle\caches\8.14.3\fileContent)" [_thread_blocked, id=18928, stack(0x000000d8efd00000,0x000000d8efe00000)]
  0x0000026fce1fdd10 JavaThread "Cache worker for cache directory md-supplier (C:\Users\a\.gradle\caches\8.14.3\md-supplier)" [_thread_blocked, id=20400, stack(0x000000d8efe00000,0x000000d8eff00000)]
  0x0000026fce1fec40 JavaThread "Cache worker for cache directory md-rule (C:\Users\a\.gradle\caches\8.14.3\md-rule)" [_thread_blocked, id=17568, stack(0x000000d8eff00000,0x000000d8f0000000)]
  0x0000026fce2019d0 JavaThread "Unconstrained build operations" [_thread_blocked, id=19132, stack(0x000000d8f0000000,0x000000d8f0100000)]
  0x0000026fce1fa560 JavaThread "Unconstrained build operations Thread 2" [_thread_blocked, id=20624, stack(0x000000d8f0100000,0x000000d8f0200000)]
  0x0000026fce1faa70 JavaThread "Unconstrained build operations Thread 3" [_thread_blocked, id=18972, stack(0x000000d8f0200000,0x000000d8f0300000)]
  0x0000026fce1faf80 JavaThread "Unconstrained build operations Thread 4" [_thread_blocked, id=1552, stack(0x000000d8f0300000,0x000000d8f0400000)]
  0x0000026fca45eef0 JavaThread "Unconstrained build operations Thread 5" [_thread_blocked, id=20060, stack(0x000000d8f0400000,0x000000d8f0500000)]
  0x0000026fca460330 JavaThread "Unconstrained build operations Thread 6" [_thread_blocked, id=20748, stack(0x000000d8f0500000,0x000000d8f0600000)]
  0x0000026fca45c160 JavaThread "Unconstrained build operations Thread 7" [_thread_blocked, id=20872, stack(0x000000d8f0600000,0x000000d8f0700000)]
  0x0000026fca4630c0 JavaThread "Unconstrained build operations Thread 8" [_thread_blocked, id=9652, stack(0x000000d8f0700000,0x000000d8f0800000)]
  0x0000026fca4635d0 JavaThread "Unconstrained build operations Thread 9" [_thread_blocked, id=9852, stack(0x000000d8f0800000,0x000000d8f0900000)]
  0x0000026fca45fe20 JavaThread "Unconstrained build operations Thread 10" [_thread_blocked, id=18576, stack(0x000000d8f0900000,0x000000d8f0a00000)]
  0x0000026fca45e4d0 JavaThread "Unconstrained build operations Thread 11" [_thread_blocked, id=18504, stack(0x000000d8f0a00000,0x000000d8f0b00000)]
  0x0000026fca463ae0 JavaThread "Unconstrained build operations Thread 12" [_thread_blocked, id=12156, stack(0x000000d8f0b00000,0x000000d8f0c00000)]
  0x0000026fca461770 JavaThread "Unconstrained build operations Thread 13" [_thread_blocked, id=20556, stack(0x000000d8f0c00000,0x000000d8f0d00000)]
  0x0000026fca45f910 JavaThread "Unconstrained build operations Thread 14" [_thread_blocked, id=8072, stack(0x000000d8f0d00000,0x000000d8f0e00000)]
  0x0000026fca45e9e0 JavaThread "Unconstrained build operations Thread 15" [_thread_blocked, id=7472, stack(0x000000d8f0e00000,0x000000d8f0f00000)]
  0x0000026fca45f400 JavaThread "Unconstrained build operations Thread 16" [_thread_blocked, id=20352, stack(0x000000d8f0f00000,0x000000d8f1000000)]
  0x0000026fca460840 JavaThread "Unconstrained build operations Thread 17" [_thread_blocked, id=11896, stack(0x000000d8f1000000,0x000000d8f1100000)]
  0x0000026fca45c670 JavaThread "Unconstrained build operations Thread 18" [_thread_blocked, id=20396, stack(0x000000d8f1100000,0x000000d8f1200000)]
  0x0000026fca45d090 JavaThread "Problems report writer" [_thread_blocked, id=18600, stack(0x000000d8f1200000,0x000000d8f1300000)]
  0x0000026fca45dab0 JavaThread "Unconstrained build operations Thread 19" [_thread_blocked, id=21272, stack(0x000000d8f1300000,0x000000d8f1400000)]
  0x0000026fca462190 JavaThread "Unconstrained build operations Thread 20" [_thread_blocked, id=1944, stack(0x000000d8f1400000,0x000000d8f1500000)]
  0x0000026fca45d5a0 JavaThread "Unconstrained build operations Thread 21" [_thread_blocked, id=10356, stack(0x000000d8f1500000,0x000000d8f1600000)]
  0x0000026fca45dfc0 JavaThread "Unconstrained build operations Thread 22" [_thread_blocked, id=14008, stack(0x000000d8f1600000,0x000000d8f1700000)]
  0x0000026fca460d50 JavaThread "Unconstrained build operations Thread 23" [_thread_blocked, id=15784, stack(0x000000d8f1700000,0x000000d8f1800000)]
  0x0000026fca461260 JavaThread "Unconstrained build operations Thread 24" [_thread_blocked, id=17928, stack(0x000000d8f1800000,0x000000d8f1900000)]
  0x0000026fca462bb0 JavaThread "Unconstrained build operations Thread 25" [_thread_blocked, id=21428, stack(0x000000d8f1900000,0x000000d8f1a00000)]
  0x0000026fcff9adb0 JavaThread "Unconstrained build operations Thread 26" [_thread_blocked, id=7048, stack(0x000000d8f1a00000,0x000000d8f1b00000)]
  0x0000026fcffa03c0 JavaThread "Unconstrained build operations Thread 27" [_thread_blocked, id=20776, stack(0x000000d8f1b00000,0x000000d8f1c00000)]
  0x0000026fcff9d120 JavaThread "Unconstrained build operations Thread 28" [_thread_blocked, id=21064, stack(0x000000d8f1c00000,0x000000d8f1d00000)]
  0x0000026fcff9d630 JavaThread "Unconstrained build operations Thread 29" [_thread_blocked, id=6724, stack(0x000000d8f1d00000,0x000000d8f1e00000)]
  0x0000026fcff99970 JavaThread "Unconstrained build operations Thread 30" [_thread_blocked, id=9632, stack(0x000000d8f1e00000,0x000000d8f1f00000)]
  0x0000026fcff9c1f0 JavaThread "Unconstrained build operations Thread 31" [_thread_blocked, id=17348, stack(0x000000d8f1f00000,0x000000d8f2000000)]
  0x0000026fcff9a390 JavaThread "Unconstrained build operations Thread 32" [_thread_blocked, id=8060, stack(0x000000d8f2000000,0x000000d8f2100000)]
  0x0000026fcff9cc10 JavaThread "Unconstrained build operations Thread 33" [_thread_blocked, id=19260, stack(0x000000d8f2100000,0x000000d8f2200000)]
  0x0000026fcff9c700 JavaThread "Unconstrained build operations Thread 34" [_thread_blocked, id=20132, stack(0x000000d8f2200000,0x000000d8f2300000)]
  0x0000026fcff9feb0 JavaThread "Unconstrained build operations Thread 35" [_thread_blocked, id=18892, stack(0x000000d8f2300000,0x000000d8f2400000)]
  0x0000026fcff9db40 JavaThread "Unconstrained build operations Thread 36" [_thread_blocked, id=16456, stack(0x000000d8f2400000,0x000000d8f2500000)]
  0x0000026fcff9a8a0 JavaThread "Unconstrained build operations Thread 37" [_thread_blocked, id=17604, stack(0x000000d8f2500000,0x000000d8f2600000)]
  0x0000026fcff99e80 JavaThread "Unconstrained build operations Thread 38" [_thread_blocked, id=20932, stack(0x000000d8f2600000,0x000000d8f2700000)]
  0x0000026fcff9b2c0 JavaThread "Unconstrained build operations Thread 39" [_thread_blocked, id=5204, stack(0x000000d8f2700000,0x000000d8f2800000)]
  0x0000026fcff99460 JavaThread "Memory manager" [_thread_blocked, id=20668, stack(0x000000d8f2800000,0x000000d8f2900000)]
  0x0000026fccfa9020 JavaThread "C2 CompilerThread1" daemon [_thread_in_native, id=20152, stack(0x000000d8eed00000,0x000000d8eee00000)]
  0x0000026fccfaaab0 JavaThread "C2 CompilerThread2" daemon [_thread_blocked, id=3652, stack(0x000000d8eee00000,0x000000d8eef00000)]
  0x0000026fd1a1d9b0 JavaThread "included builds" [_thread_blocked, id=20136, stack(0x000000d8f2900000,0x000000d8f2a00000)]
  0x0000026fd1a1dec0 JavaThread "Execution worker" [_thread_blocked, id=408, stack(0x000000d8f2a00000,0x000000d8f2b00000)]
  0x0000026fd1a21160 JavaThread "Execution worker Thread 2" [_thread_blocked, id=21144, stack(0x000000d8f2b00000,0x000000d8f2c00000)]
  0x0000026fd1a20230 JavaThread "Execution worker Thread 3" [_thread_blocked, id=8452, stack(0x000000d8f2c00000,0x000000d8f2d00000)]
  0x0000026fd1a20c50 JavaThread "Execution worker Thread 4" [_thread_blocked, id=18884, stack(0x000000d8f2d00000,0x000000d8f2e00000)]
  0x0000026fd1a1bb50 JavaThread "Execution worker Thread 5" [_thread_blocked, id=18284, stack(0x000000d8f2e00000,0x000000d8f2f00000)]
  0x0000026fd1a234d0 JavaThread "Execution worker Thread 6" [_thread_blocked, id=7004, stack(0x000000d8f2f00000,0x000000d8f3000000)]
  0x0000026fd1a1c060 JavaThread "Execution worker Thread 7" [_thread_blocked, id=21128, stack(0x000000d8f3000000,0x000000d8f3100000)]
  0x0000026fd1a1f300 JavaThread "Cache worker for execution history cache (C:\Users\a\Documents\Android-SDK@4.87.82540_20251128\UniPlugin-Hello-AS - Copy\.gradle\8.14.3\executionHistory)" [_thread_blocked, id=8524, stack(0x000000d8f3100000,0x000000d8f3200000)]
  0x0000026fd1a1c570 JavaThread "idea-tooling-model-converter" [_thread_blocked, id=18240, stack(0x000000d8f3200000,0x000000d8f3300000)]
  0x0000026fd1a1e3d0 JavaThread "Unconstrained build operations Thread 40" [_thread_blocked, id=21100, stack(0x000000d8f3300000,0x000000d8f3400000)]

Other Threads:
=>0x0000026fc5b6d470 VMThread "VM Thread" [stack: 0x000000d8ecb00000,0x000000d8ecc00000] [id=20840]
  0x0000026fc5f07cc0 WatcherThread [stack: 0x000000d8ed700000,0x000000d8ed800000] [id=11652]
  0x0000026fa503f650 GCTaskThread "GC Thread#0" [stack: 0x000000d8ec600000,0x000000d8ec700000] [id=6784]
  0x0000026fc5bd00f0 GCTaskThread "GC Thread#1" [stack: 0x000000d8eda00000,0x000000d8edb00000] [id=8200]
  0x0000026fc5bcf5f0 GCTaskThread "GC Thread#2" [stack: 0x000000d8edb00000,0x000000d8edc00000] [id=20452]
  0x0000026fc5bcfe30 GCTaskThread "GC Thread#3" [stack: 0x000000d8edc00000,0x000000d8edd00000] [id=19160]
  0x0000026fc5bcfb70 GCTaskThread "GC Thread#4" [stack: 0x000000d8edd00000,0x000000d8ede00000] [id=19460]
  0x0000026fc5bd0670 GCTaskThread "GC Thread#5" [stack: 0x000000d8ede00000,0x000000d8edf00000] [id=9860]
  0x0000026fc5bcf8b0 GCTaskThread "GC Thread#6" [stack: 0x000000d8ed900000,0x000000d8eda00000] [id=18040]
  0x0000026fc5bcf070 GCTaskThread "GC Thread#7" [stack: 0x000000d8edf00000,0x000000d8ee000000] [id=1724]
  0x0000026fa50514c0 ConcurrentGCThread "G1 Main Marker" [stack: 0x000000d8ec700000,0x000000d8ec800000] [id=18776]
  0x0000026fa5052590 ConcurrentGCThread "G1 Conc#0" [stack: 0x000000d8ec800000,0x000000d8ec900000] [id=18148]
  0x0000026fcc2f5f60 ConcurrentGCThread "G1 Conc#1" [stack: 0x000000d8ee900000,0x000000d8eea00000] [id=21256]
  0x0000026fa508e0c0 ConcurrentGCThread "G1 Refine#0" [stack: 0x000000d8ec900000,0x000000d8eca00000] [id=19372]
  0x0000026fcedc9cd0 ConcurrentGCThread "G1 Refine#1" [stack: 0x000000d8efb00000,0x000000d8efc00000] [id=12376]
  0x0000026fa508ea00 ConcurrentGCThread "G1 Service" [stack: 0x000000d8eca00000,0x000000d8ecb00000] [id=17684]

Threads with active compile tasks:
C2 CompilerThread0    15238 13333       4       org.gradle.internal.snapshot.impl.DirectorySnapshotter$PathVisitor::shouldVisit (92 bytes)
C2 CompilerThread1    15238 13285   !   4       java.net.URLClassLoader::findClass (47 bytes)

VM state: at safepoint (normal execution)

VM Mutex/Monitor currently owned by a thread:  ([mutex/lock_event])
[0x0000026fa4fceea0] Threads_lock - owner thread: 0x0000026fc5b6d470
[0x0000026fa4fcf830] Heap_lock - owner thread: 0x0000026fcc283ee0

Heap address: 0x0000000700000000, size: 4096 MB, Compressed Oops mode: Zero based, Oop shift amount: 3

CDS archive(s) not mapped
Compressed class space mapped at: 0x0000000800000000-0x0000000840000000, reserved size: 1073741824
Narrow klass base: 0x0000000800000000, Narrow klass shift: 0, Narrow klass range: 0x40000000

GC Precious Log:
 CPUs: 8 total, 8 available
 Memory: 16292M
 Large Page Support: Disabled
 NUMA Support: Disabled
 Compressed Oops: Enabled (Zero based)
 Heap Region Size: 2M
 Heap Min Capacity: 8M
 Heap Initial Capacity: 256M
 Heap Max Capacity: 4G
 Pre-touch: Disabled
 Parallel Workers: 8
 Concurrent Workers: 2
 Concurrent Refinement Workers: 8
 Periodic GC: Disabled

Heap:
 garbage-first heap   total 262144K, used 173620K [0x0000000700000000, 0x0000000800000000)
  region size 2048K, 2 young (4096K), 2 survivors (4096K)
 Metaspace       used 105198K, committed 106176K, reserved 1179648K
  class space    used 14435K, committed 14912K, reserved 1048576K

Heap Regions: E=young(eden), S=young(survivor), O=old, HS=humongous(starts), HC=humongous(continues), CS=collection set, F=free, OA=open archive, CA=closed archive, TAMS=top-at-mark-start (previous, next)
|   0|0x0000000700000000, 0x0000000700200000, 0x0000000700200000|100%|HS|  |TAMS 0x0000000700200000, 0x0000000700000000| Complete 
|   1|0x0000000700200000, 0x0000000700400000, 0x0000000700400000|100%|HC|  |TAMS 0x0000000700400000, 0x0000000700200000| Complete 
|   2|0x0000000700400000, 0x0000000700600000, 0x0000000700600000|100%| O|  |TAMS 0x0000000700600000, 0x0000000700400000| Untracked 
|   3|0x0000000700600000, 0x0000000700800000, 0x0000000700800000|100%| O|  |TAMS 0x0000000700800000, 0x0000000700600000| Untracked 
|   4|0x0000000700800000, 0x0000000700a00000, 0x0000000700a00000|100%| O|  |TAMS 0x0000000700a00000, 0x0000000700800000| Untracked 
|   5|0x0000000700a00000, 0x0000000700c00000, 0x0000000700c00000|100%|HS|  |TAMS 0x0000000700c00000, 0x0000000700a00000| Complete 
|   6|0x0000000700c00000, 0x0000000700e00000, 0x0000000700e00000|100%| O|  |TAMS 0x0000000700e00000, 0x0000000700c00000| Untracked 
|   7|0x0000000700e00000, 0x0000000701000000, 0x0000000701000000|100%| O|  |TAMS 0x0000000701000000, 0x0000000700e00000| Untracked 
|   8|0x0000000701000000, 0x0000000701200000, 0x0000000701200000|100%| O|  |TAMS 0x0000000701200000, 0x0000000701000000| Untracked 
|   9|0x0000000701200000, 0x0000000701400000, 0x0000000701400000|100%| O|  |TAMS 0x0000000701400000, 0x0000000701200000| Untracked 
|  10|0x0000000701400000, 0x0000000701600000, 0x0000000701600000|100%| O|  |TAMS 0x0000000701600000, 0x0000000701400000| Untracked 
|  11|0x0000000701600000, 0x0000000701800000, 0x0000000701800000|100%| O|  |TAMS 0x0000000701800000, 0x0000000701600000| Untracked 
|  12|0x0000000701800000, 0x0000000701a00000, 0x0000000701a00000|100%|HS|  |TAMS 0x0000000701a00000, 0x0000000701800000| Complete 
|  13|0x0000000701a00000, 0x0000000701c00000, 0x0000000701c00000|100%|HC|  |TAMS 0x0000000701c00000, 0x0000000701a00000| Complete 
|  14|0x0000000701c00000, 0x0000000701e00000, 0x0000000701e00000|100%|HS|  |TAMS 0x0000000701e00000, 0x0000000701c00000| Complete 
|  15|0x0000000701e00000, 0x0000000702000000, 0x0000000702000000|100%|HC|  |TAMS 0x0000000702000000, 0x0000000701e00000| Complete 
|  16|0x0000000702000000, 0x0000000702200000, 0x0000000702200000|100%|HS|  |TAMS 0x0000000702200000, 0x0000000702000000| Complete 
|  17|0x0000000702200000, 0x0000000702400000, 0x0000000702400000|100%|HC|  |TAMS 0x0000000702400000, 0x0000000702200000| Complete 
|  18|0x0000000702400000, 0x0000000702600000, 0x0000000702600000|100%| O|  |TAMS 0x0000000702600000, 0x0000000702400000| Untracked 
|  19|0x0000000702600000, 0x0000000702800000, 0x0000000702800000|100%| O|  |TAMS 0x0000000702800000, 0x0000000702600000| Untracked 
|  20|0x0000000702800000, 0x0000000702a00000, 0x0000000702a00000|100%| O|  |TAMS 0x0000000702a00000, 0x0000000702800000| Untracked 
|  21|0x0000000702a00000, 0x0000000702c00000, 0x0000000702c00000|100%| O|  |TAMS 0x0000000702c00000, 0x0000000702a00000| Untracked 
|  22|0x0000000702c00000, 0x0000000702e00000, 0x0000000702e00000|100%| O|  |TAMS 0x0000000702e00000, 0x0000000702c00000| Untracked 
|  23|0x0000000702e00000, 0x0000000703000000, 0x0000000703000000|100%| O|  |TAMS 0x0000000703000000, 0x0000000702e00000| Untracked 
|  24|0x0000000703000000, 0x0000000703200000, 0x0000000703200000|100%| O|  |TAMS 0x0000000703200000, 0x0000000703000000| Untracked 
|  25|0x0000000703200000, 0x0000000703400000, 0x0000000703400000|100%| O|  |TAMS 0x0000000703400000, 0x0000000703200000| Untracked 
|  26|0x0000000703400000, 0x0000000703600000, 0x0000000703600000|100%|HS|  |TAMS 0x0000000703600000, 0x0000000703400000| Complete 
|  27|0x0000000703600000, 0x0000000703800000, 0x0000000703800000|100%|HC|  |TAMS 0x0000000703800000, 0x0000000703600000| Complete 
|  28|0x0000000703800000, 0x0000000703a00000, 0x0000000703a00000|100%|HS|  |TAMS 0x0000000703a00000, 0x0000000703800000| Complete 
|  29|0x0000000703a00000, 0x0000000703c00000, 0x0000000703c00000|100%|HC|  |TAMS 0x0000000703c00000, 0x0000000703a00000| Complete 
|  30|0x0000000703c00000, 0x0000000703e00000, 0x0000000703e00000|100%|HS|  |TAMS 0x0000000703e00000, 0x0000000703c00000| Complete 
|  31|0x0000000703e00000, 0x0000000704000000, 0x0000000704000000|100%|HC|  |TAMS 0x0000000704000000, 0x0000000703e00000| Complete 
|  32|0x0000000704000000, 0x0000000704200000, 0x0000000704200000|100%| O|  |TAMS 0x0000000704200000, 0x0000000704000000| Untracked 
|  33|0x0000000704200000, 0x0000000704400000, 0x0000000704400000|100%| O|  |TAMS 0x0000000704400000, 0x0000000704200000| Untracked 
|  34|0x0000000704400000, 0x0000000704600000, 0x0000000704600000|100%| O|  |TAMS 0x0000000704600000, 0x0000000704400000| Untracked 
|  35|0x0000000704600000, 0x0000000704800000, 0x0000000704800000|100%| O|  |TAMS 0x0000000704800000, 0x0000000704600000| Untracked 
|  36|0x0000000704800000, 0x0000000704a00000, 0x0000000704a00000|100%| O|  |TAMS 0x0000000704a00000, 0x0000000704800000| Untracked 
|  37|0x0000000704a00000, 0x0000000704c00000, 0x0000000704c00000|100%| O|  |TAMS 0x0000000704c00000, 0x0000000704a00000| Untracked 
|  38|0x0000000704c00000, 0x0000000704e00000, 0x0000000704e00000|100%| O|  |TAMS 0x0000000704e00000, 0x0000000704c00000| Untracked 
|  39|0x0000000704e00000, 0x0000000705000000, 0x0000000705000000|100%| O|  |TAMS 0x0000000705000000, 0x0000000704e00000| Untracked 
|  40|0x0000000705000000, 0x0000000705200000, 0x0000000705200000|100%|HS|  |TAMS 0x0000000705200000, 0x0000000705000000| Complete 
|  41|0x0000000705200000, 0x0000000705400000, 0x0000000705400000|100%| O|  |TAMS 0x0000000705400000, 0x0000000705200000| Untracked 
|  42|0x0000000705400000, 0x0000000705600000, 0x0000000705600000|100%| O|  |TAMS 0x0000000705600000, 0x0000000705400000| Untracked 
|  43|0x0000000705600000, 0x0000000705800000, 0x0000000705800000|100%|HS|  |TAMS 0x0000000705600000, 0x0000000705600000| Complete 
|  44|0x0000000705800000, 0x0000000705a00000, 0x0000000705a00000|100%| O|  |TAMS 0x0000000705a00000, 0x0000000705800000| Untracked 
|  45|0x0000000705a00000, 0x0000000705c00000, 0x0000000705c00000|100%| O|  |TAMS 0x0000000705c00000, 0x0000000705a00000| Untracked 
|  46|0x0000000705c00000, 0x0000000705e00000, 0x0000000705e00000|100%| O|  |TAMS 0x0000000705e00000, 0x0000000705c00000| Untracked 
|  47|0x0000000705e00000, 0x0000000706000000, 0x0000000706000000|100%| O|  |TAMS 0x0000000706000000, 0x0000000705e00000| Untracked 
|  48|0x0000000706000000, 0x0000000706200000, 0x0000000706200000|100%| O|  |TAMS 0x0000000706200000, 0x0000000706000000| Untracked 
|  49|0x0000000706200000, 0x0000000706400000, 0x0000000706400000|100%| O|  |TAMS 0x0000000706400000, 0x0000000706200000| Untracked 
|  50|0x0000000706400000, 0x0000000706600000, 0x0000000706600000|100%| O|  |TAMS 0x0000000706600000, 0x0000000706400000| Untracked 
|  51|0x0000000706600000, 0x0000000706800000, 0x0000000706800000|100%| O|  |TAMS 0x0000000706800000, 0x0000000706600000| Untracked 
|  52|0x0000000706800000, 0x0000000706a00000, 0x0000000706a00000|100%| O|  |TAMS 0x0000000706a00000, 0x0000000706800000| Untracked 
|  53|0x0000000706a00000, 0x0000000706c00000, 0x0000000706c00000|100%|HS|  |TAMS 0x0000000706c00000, 0x0000000706a00000| Complete 
|  54|0x0000000706c00000, 0x0000000706e00000, 0x0000000706e00000|100%| O|  |TAMS 0x0000000706e00000, 0x0000000706c00000| Untracked 
|  55|0x0000000706e00000, 0x0000000707000000, 0x0000000707000000|100%| O|  |TAMS 0x0000000707000000, 0x0000000706e00000| Untracked 
|  56|0x0000000707000000, 0x0000000707200000, 0x0000000707200000|100%| O|  |TAMS 0x000000070712e000, 0x0000000707000000| Untracked 
|  57|0x0000000707200000, 0x0000000707400000, 0x0000000707400000|100%| O|  |TAMS 0x0000000707200000, 0x0000000707200000| Untracked 
|  58|0x0000000707400000, 0x0000000707600000, 0x0000000707600000|100%| O|  |TAMS 0x0000000707400000, 0x0000000707400000| Untracked 
|  59|0x0000000707600000, 0x0000000707800000, 0x0000000707800000|100%| O|  |TAMS 0x0000000707600000, 0x0000000707600000| Untracked 
|  60|0x0000000707800000, 0x0000000707a00000, 0x0000000707a00000|100%| O|  |TAMS 0x0000000707800000, 0x0000000707800000| Untracked 
|  61|0x0000000707a00000, 0x0000000707c00000, 0x0000000707c00000|100%| O|  |TAMS 0x0000000707a00000, 0x0000000707a00000| Untracked 
|  62|0x0000000707c00000, 0x0000000707e00000, 0x0000000707e00000|100%| O|  |TAMS 0x0000000707c00000, 0x0000000707c00000| Untracked 
|  63|0x0000000707e00000, 0x0000000708000000, 0x0000000708000000|100%| O|  |TAMS 0x0000000707e00000, 0x0000000707e00000| Untracked 
|  64|0x0000000708000000, 0x0000000708200000, 0x0000000708200000|100%| O|  |TAMS 0x0000000708000000, 0x0000000708000000| Untracked 
|  65|0x0000000708200000, 0x0000000708400000, 0x0000000708400000|100%| O|  |TAMS 0x0000000708200000, 0x0000000708200000| Untracked 
|  66|0x0000000708400000, 0x0000000708600000, 0x0000000708600000|100%| O|  |TAMS 0x0000000708400000, 0x0000000708400000| Untracked 
|  67|0x0000000708600000, 0x0000000708800000, 0x0000000708800000|100%| O|  |TAMS 0x0000000708600000, 0x0000000708600000| Untracked 
|  68|0x0000000708800000, 0x0000000708a00000, 0x0000000708a00000|100%| O|  |TAMS 0x0000000708800000, 0x0000000708800000| Untracked 
|  69|0x0000000708a00000, 0x0000000708c00000, 0x0000000708c00000|100%| O|  |TAMS 0x0000000708a00000, 0x0000000708a00000| Untracked 
|  70|0x0000000708c00000, 0x0000000708e00000, 0x0000000708e00000|100%| O|  |TAMS 0x0000000708c00000, 0x0000000708c00000| Untracked 
|  71|0x0000000708e00000, 0x0000000709000000, 0x0000000709000000|100%| O|  |TAMS 0x0000000708e00000, 0x0000000708e00000| Untracked 
|  72|0x0000000709000000, 0x0000000709200000, 0x0000000709200000|100%|HS|  |TAMS 0x0000000709000000, 0x0000000709000000| Complete 
|  73|0x0000000709200000, 0x0000000709400000, 0x0000000709400000|100%|HC|  |TAMS 0x0000000709200000, 0x0000000709200000| Complete 
|  74|0x0000000709400000, 0x0000000709600000, 0x0000000709600000|100%|HS|  |TAMS 0x0000000709400000, 0x0000000709400000| Complete 
|  75|0x0000000709600000, 0x0000000709800000, 0x0000000709800000|100%|HC|  |TAMS 0x0000000709600000, 0x0000000709600000| Complete 
|  76|0x0000000709800000, 0x0000000709a00000, 0x0000000709a00000|100%|HS|  |TAMS 0x0000000709800000, 0x0000000709800000| Complete 
|  77|0x0000000709a00000, 0x0000000709c00000, 0x0000000709c00000|100%|HC|  |TAMS 0x0000000709a00000, 0x0000000709a00000| Complete 
|  78|0x0000000709c00000, 0x0000000709e00000, 0x0000000709e00000|100%| O|  |TAMS 0x0000000709c00000, 0x0000000709c00000| Untracked 
|  79|0x0000000709e00000, 0x000000070a000000, 0x000000070a000000|100%| O|  |TAMS 0x0000000709e00000, 0x0000000709e00000| Untracked 
|  80|0x000000070a000000, 0x000000070a200000, 0x000000070a200000|100%| O|  |TAMS 0x000000070a000000, 0x000000070a000000| Untracked 
|  81|0x000000070a200000, 0x000000070a400000, 0x000000070a400000|100%| O|  |TAMS 0x000000070a200000, 0x000000070a200000| Untracked 
|  82|0x000000070a400000, 0x000000070a5d7c00, 0x000000070a600000| 92%| O|  |TAMS 0x000000070a400000, 0x000000070a400000| Untracked 
|  83|0x000000070a600000, 0x000000070a600000, 0x000000070a800000|  0%| F|  |TAMS 0x000000070a600000, 0x000000070a600000| Untracked 
|  84|0x000000070a800000, 0x000000070a800000, 0x000000070aa00000|  0%| F|  |TAMS 0x000000070a800000, 0x000000070a800000| Untracked 
|  85|0x000000070aa00000, 0x000000070aa00000, 0x000000070ac00000|  0%| F|  |TAMS 0x000000070aa00000, 0x000000070aa00000| Untracked 
|  86|0x000000070ac00000, 0x000000070ac00000, 0x000000070ae00000|  0%| F|  |TAMS 0x000000070ac00000, 0x000000070ac00000| Untracked 
|  87|0x000000070ae00000, 0x000000070ae00000, 0x000000070b000000|  0%| F|  |TAMS 0x000000070ae00000, 0x000000070ae00000| Untracked 
|  88|0x000000070b000000, 0x000000070b000000, 0x000000070b200000|  0%| F|  |TAMS 0x000000070b000000, 0x000000070b000000| Untracked 
|  89|0x000000070b200000, 0x000000070b200000, 0x000000070b400000|  0%| F|  |TAMS 0x000000070b200000, 0x000000070b200000| Untracked 
|  90|0x000000070b400000, 0x000000070b400000, 0x000000070b600000|  0%| F|  |TAMS 0x000000070b400000, 0x000000070b400000| Untracked 
|  91|0x000000070b600000, 0x000000070b600000, 0x000000070b800000|  0%| F|  |TAMS 0x000000070b600000, 0x000000070b600000| Untracked 
|  92|0x000000070b800000, 0x000000070b800000, 0x000000070ba00000|  0%| F|  |TAMS 0x000000070b800000, 0x000000070b800000| Untracked 
|  93|0x000000070ba00000, 0x000000070ba00000, 0x000000070bc00000|  0%| F|  |TAMS 0x000000070ba00000, 0x000000070ba00000| Untracked 
|  94|0x000000070bc00000, 0x000000070bc00000, 0x000000070be00000|  0%| F|  |TAMS 0x000000070bc00000, 0x000000070bc00000| Untracked 
|  95|0x000000070be00000, 0x000000070be00000, 0x000000070c000000|  0%| F|  |TAMS 0x000000070be00000, 0x000000070be00000| Untracked 
|  96|0x000000070c000000, 0x000000070c000000, 0x000000070c200000|  0%| F|  |TAMS 0x000000070c000000, 0x000000070c000000| Untracked 
|  97|0x000000070c200000, 0x000000070c200000, 0x000000070c400000|  0%| F|  |TAMS 0x000000070c200000, 0x000000070c200000| Untracked 
|  98|0x000000070c400000, 0x000000070c400000, 0x000000070c600000|  0%| F|  |TAMS 0x000000070c400000, 0x000000070c400000| Untracked 
|  99|0x000000070c600000, 0x000000070c600000, 0x000000070c800000|  0%| F|  |TAMS 0x000000070c600000, 0x000000070c600000| Untracked 
| 100|0x000000070c800000, 0x000000070c9b5690, 0x000000070ca00000| 85%| S|CS|TAMS 0x000000070c800000, 0x000000070c800000| Complete 
| 101|0x000000070ca00000, 0x000000070cc00000, 0x000000070cc00000|100%| S|CS|TAMS 0x000000070ca00000, 0x000000070ca00000| Complete 
| 102|0x000000070cc00000, 0x000000070cc00000, 0x000000070ce00000|  0%| F|  |TAMS 0x000000070cc00000, 0x000000070cc00000| Untracked 
| 103|0x000000070ce00000, 0x000000070ce00000, 0x000000070d000000|  0%| F|  |TAMS 0x000000070ce00000, 0x000000070ce00000| Untracked 
| 104|0x000000070d000000, 0x000000070d000000, 0x000000070d200000|  0%| F|  |TAMS 0x000000070d000000, 0x000000070d000000| Untracked 
| 105|0x000000070d200000, 0x000000070d200000, 0x000000070d400000|  0%| F|  |TAMS 0x000000070d200000, 0x000000070d200000| Untracked 
| 106|0x000000070d400000, 0x000000070d400000, 0x000000070d600000|  0%| F|  |TAMS 0x000000070d400000, 0x000000070d400000| Untracked 
| 107|0x000000070d600000, 0x000000070d600000, 0x000000070d800000|  0%| F|  |TAMS 0x000000070d600000, 0x000000070d600000| Untracked 
| 108|0x000000070d800000, 0x000000070d800000, 0x000000070da00000|  0%| F|  |TAMS 0x000000070d800000, 0x000000070d800000| Untracked 
| 109|0x000000070da00000, 0x000000070da00000, 0x000000070dc00000|  0%| F|  |TAMS 0x000000070da00000, 0x000000070da00000| Untracked 
| 110|0x000000070dc00000, 0x000000070dc00000, 0x000000070de00000|  0%| F|  |TAMS 0x000000070dc00000, 0x000000070dc00000| Untracked 
| 111|0x000000070de00000, 0x000000070de00000, 0x000000070e000000|  0%| F|  |TAMS 0x000000070de00000, 0x000000070de00000| Untracked 
| 112|0x000000070e000000, 0x000000070e000000, 0x000000070e200000|  0%| F|  |TAMS 0x000000070e000000, 0x000000070e000000| Untracked 
| 113|0x000000070e200000, 0x000000070e200000, 0x000000070e400000|  0%| F|  |TAMS 0x000000070e200000, 0x000000070e200000| Untracked 
| 114|0x000000070e400000, 0x000000070e400000, 0x000000070e600000|  0%| F|  |TAMS 0x000000070e400000, 0x000000070e400000| Untracked 
| 115|0x000000070e600000, 0x000000070e600000, 0x000000070e800000|  0%| F|  |TAMS 0x000000070e600000, 0x000000070e600000| Untracked 
| 116|0x000000070e800000, 0x000000070e800000, 0x000000070ea00000|  0%| F|  |TAMS 0x000000070e800000, 0x000000070e800000| Untracked 
| 117|0x000000070ea00000, 0x000000070ea00000, 0x000000070ec00000|  0%| F|  |TAMS 0x000000070ea00000, 0x000000070ea00000| Untracked 
| 118|0x000000070ec00000, 0x000000070ec00000, 0x000000070ee00000|  0%| F|  |TAMS 0x000000070ec00000, 0x000000070ec00000| Untracked 
| 119|0x000000070ee00000, 0x000000070ee00000, 0x000000070f000000|  0%| F|  |TAMS 0x000000070ee00000, 0x000000070ee00000| Untracked 
| 120|0x000000070f000000, 0x000000070f000000, 0x000000070f200000|  0%| F|  |TAMS 0x000000070f000000, 0x000000070f000000| Untracked 
| 121|0x000000070f200000, 0x000000070f200000, 0x000000070f400000|  0%| F|  |TAMS 0x000000070f200000, 0x000000070f200000| Untracked 
| 122|0x000000070f400000, 0x000000070f400000, 0x000000070f600000|  0%| F|  |TAMS 0x000000070f400000, 0x000000070f400000| Untracked 
| 123|0x000000070f600000, 0x000000070f600000, 0x000000070f800000|  0%| F|  |TAMS 0x000000070f600000, 0x000000070f600000| Untracked 
| 124|0x000000070f800000, 0x000000070f800000, 0x000000070fa00000|  0%| F|  |TAMS 0x000000070f800000, 0x000000070f800000| Untracked 
| 125|0x000000070fa00000, 0x000000070fa00000, 0x000000070fc00000|  0%| F|  |TAMS 0x000000070fa00000, 0x000000070fa00000| Untracked 
| 126|0x000000070fc00000, 0x000000070fc00000, 0x000000070fe00000|  0%| F|  |TAMS 0x000000070fc00000, 0x000000070fc00000| Untracked 
| 127|0x000000070fe00000, 0x000000070fe00000, 0x0000000710000000|  0%| F|  |TAMS 0x000000070fe00000, 0x000000070fe00000| Untracked 

Card table byte_map: [0x0000026fb9ec0000,0x0000026fba6c0000] _byte_map_base: 0x0000026fb66c0000

Marking Bits (Prev, Next): (CMBitMap*) 0x0000026fa5040b90, (CMBitMap*) 0x0000026fa5040bd0
 Prev Bits: [0x0000026fbaec0000, 0x0000026fbeec0000)
 Next Bits: [0x0000026fbeec0000, 0x0000026fc2ec0000)

Polling page: 0x0000026fa4e60000

Metaspace:

Usage:
  Non-class:     88.64 MB used.
      Class:     14.10 MB used.
       Both:    102.73 MB used.

Virtual space:
  Non-class space:      128.00 MB reserved,      89.12 MB ( 70%) committed,  2 nodes.
      Class space:        1.00 GB reserved,      14.56 MB (  1%) committed,  1 nodes.
             Both:        1.12 GB reserved,     103.69 MB (  9%) committed. 

Chunk freelists:
   Non-Class:  6.69 MB
       Class:  1.44 MB
        Both:  8.12 MB

MaxMetaspaceSize: unlimited
CompressedClassSpaceSize: 1.00 GB
Initial GC threshold: 21.00 MB
Current GC threshold: 161.81 MB
CDS: off
MetaspaceReclaimPolicy: balanced
 - commit_granule_bytes: 65536.
 - commit_granule_words: 8192.
 - virtual_space_node_default_size: 8388608.
 - enlarge_chunks_in_place: 1.
 - new_chunks_are_fully_committed: 0.
 - uncommit_free_chunks: 1.
 - use_allocation_guard: 0.
 - handle_deallocations: 1.


Internal statistics:

num_allocs_failed_limit: 9.
num_arena_births: 1496.
num_arena_deaths: 0.
num_vsnodes_births: 3.
num_vsnodes_deaths: 0.
num_space_committed: 1659.
num_space_uncommitted: 0.
num_chunks_returned_to_freelist: 9.
num_chunks_taken_from_freelist: 5861.
num_chunk_merges: 9.
num_chunk_splits: 3756.
num_chunks_enlarged: 2354.
num_inconsistent_stats: 0.

CodeHeap 'non-profiled nmethods': size=120000Kb used=7754Kb max_used=7754Kb free=112246Kb
 bounds [0x0000026fb1730000, 0x0000026fb1ed0000, 0x0000026fb8c60000]
CodeHeap 'profiled nmethods': size=120000Kb used=23849Kb max_used=23849Kb free=96150Kb
 bounds [0x0000026fa9c60000, 0x0000026fab3b0000, 0x0000026fb1190000]
CodeHeap 'non-nmethods': size=5760Kb used=2420Kb max_used=2479Kb free=3339Kb
 bounds [0x0000026fb1190000, 0x0000026fb1410000, 0x0000026fb1730000]
 total_blobs=12687 nmethods=11739 adapters=859
 compilation: enabled
              stopped_count=0, restarted_count=0
 full_count=0

Compilation events (20 events):
Event: 15.174 Thread 0x0000026fc5bdfb30 13325       4       java.util.ArrayDeque::removeLast (19 bytes)
Event: 15.175 Thread 0x0000026fc5bdfb30 nmethod 13325 0x0000026fb1eb9810 code [0x0000026fb1eb9980, 0x0000026fb1eb9ab8]
Event: 15.175 Thread 0x0000026fc5bdfb30 13326  s    4       sun.nio.fs.WindowsDirectoryStream$WindowsDirectoryIterator::next (48 bytes)
Event: 15.176 Thread 0x0000026fc5bdfb30 nmethod 13326 0x0000026fb1eb9c10 code [0x0000026fb1eb9d80, 0x0000026fb1eb9fb8]
Event: 15.176 Thread 0x0000026fc5bdfb30 13327       4       sun.nio.fs.WindowsDirectoryStream$WindowsDirectoryIterator::next (5 bytes)
Event: 15.177 Thread 0x0000026fc5bdfb30 nmethod 13327 0x0000026fb1eba090 code [0x0000026fb1eba200, 0x0000026fb1eba438]
Event: 15.177 Thread 0x0000026fc5bdfb30 13328       4       com.google.common.cache.LocalCache$AccessQueue::offer (9 bytes)
Event: 15.179 Thread 0x0000026fccfaaab0 nmethod 13316 0x0000026fb1eba510 code [0x0000026fb1eba7a0, 0x0000026fb1ebbb60]
Event: 15.179 Thread 0x0000026fccfaaab0 13329       4       com.google.common.cache.LocalCache$AccessQueue::offer (38 bytes)
Event: 15.180 Thread 0x0000026fc5bdfb30 nmethod 13328 0x0000026fb1ebca10 code [0x0000026fb1ebcba0, 0x0000026fb1ebcef8]
Event: 15.180 Thread 0x0000026fc5bdfb30 13323       4       org.gradle.cache.internal.ExclusiveCacheAccessingWorker$$Lambda$355/0x000000080048f098::call (10 bytes)
Event: 15.182 Thread 0x0000026fccfaaab0 nmethod 13329 0x0000026fb1ebd110 code [0x0000026fb1ebd2a0, 0x0000026fb1ebd5f8]
Event: 15.182 Thread 0x0000026fccfaaab0 13330       4       java.util.Comparator$$Lambda$465/0x000000080026c2a0::compare (14 bytes)
Event: 15.188 Thread 0x0000026fccfaaab0 nmethod 13330 0x0000026fb1ebd810 code [0x0000026fb1ebd9e0, 0x0000026fb1ebe218]
Event: 15.189 Thread 0x0000026fccfaaab0 13331       4       org.gradle.internal.io.StreamByteBuffer$StreamByteBufferInputStream::read (8 bytes)
Event: 15.201 Thread 0x0000026fc5be04f0 13332       3       java.math.BigInteger::<init> (93 bytes)
Event: 15.202 Thread 0x0000026fc5be04f0 nmethod 13332 0x0000026fab3a9890 code [0x0000026fab3a9ae0, 0x0000026fab3aa428]
Event: 15.204 Thread 0x0000026fc5bdfb30 nmethod 13323 0x0000026fb1ebea10 code [0x0000026fb1ebecc0, 0x0000026fb1ec01a0]
Event: 15.205 Thread 0x0000026fc5bdfb30 13333       4       org.gradle.internal.snapshot.impl.DirectorySnapshotter$PathVisitor::shouldVisit (92 bytes)
Event: 15.211 Thread 0x0000026fccfaaab0 nmethod 13331 0x0000026fb1ec1090 code [0x0000026fb1ec1240, 0x0000026fb1ec2238]

GC Heap History (20 events):
Event: 9.965 GC heap after
{Heap after GC invocations=28 (full 0):
 garbage-first heap   total 215040K, used 108404K [0x0000000700000000, 0x0000000800000000)
  region size 2048K, 4 young (8192K), 4 survivors (8192K)
 Metaspace       used 76441K, committed 77120K, reserved 1179648K
  class space    used 10227K, committed 10560K, reserved 1048576K
}
Event: 10.376 GC heap before
{Heap before GC invocations=28 (full 0):
 garbage-first heap   total 215040K, used 167796K [0x0000000700000000, 0x0000000800000000)
  region size 2048K, 34 young (69632K), 4 survivors (8192K)
 Metaspace       used 77928K, committed 78656K, reserved 1179648K
  class space    used 10433K, committed 10816K, reserved 1048576K
}
Event: 10.384 GC heap after
{Heap after GC invocations=29 (full 0):
 garbage-first heap   total 215040K, used 114149K [0x0000000700000000, 0x0000000800000000)
  region size 2048K, 3 young (6144K), 3 survivors (6144K)
 Metaspace       used 77928K, committed 78656K, reserved 1179648K
  class space    used 10433K, committed 10816K, reserved 1048576K
}
Event: 10.866 GC heap before
{Heap before GC invocations=29 (full 0):
 garbage-first heap   total 215040K, used 173541K [0x0000000700000000, 0x0000000800000000)
  region size 2048K, 32 young (65536K), 3 survivors (6144K)
 Metaspace       used 82374K, committed 83136K, reserved 1179648K
  class space    used 11168K, committed 11520K, reserved 1048576K
}
Event: 10.872 GC heap after
{Heap after GC invocations=30 (full 0):
 garbage-first heap   total 258048K, used 118327K [0x0000000700000000, 0x0000000800000000)
  region size 2048K, 2 young (4096K), 2 survivors (4096K)
 Metaspace       used 82374K, committed 83136K, reserved 1179648K
  class space    used 11168K, committed 11520K, reserved 1048576K
}
Event: 11.539 GC heap before
{Heap before GC invocations=30 (full 0):
 garbage-first heap   total 258048K, used 206391K [0x0000000700000000, 0x0000000800000000)
  region size 2048K, 45 young (92160K), 2 survivors (4096K)
 Metaspace       used 87128K, committed 88000K, reserved 1179648K
  class space    used 11913K, committed 12352K, reserved 1048576K
}
Event: 11.544 GC heap after
{Heap after GC invocations=31 (full 0):
 garbage-first heap   total 258048K, used 122024K [0x0000000700000000, 0x0000000800000000)
  region size 2048K, 3 young (6144K), 3 survivors (6144K)
 Metaspace       used 87128K, committed 88000K, reserved 1179648K
  class space    used 11913K, committed 12352K, reserved 1048576K
}
Event: 12.283 GC heap before
{Heap before GC invocations=31 (full 0):
 garbage-first heap   total 258048K, used 210088K [0x0000000700000000, 0x0000000800000000)
  region size 2048K, 46 young (94208K), 3 survivors (6144K)
 Metaspace       used 94923K, committed 95744K, reserved 1179648K
  class space    used 13025K, committed 13440K, reserved 1048576K
}
Event: 12.290 GC heap after
{Heap after GC invocations=32 (full 0):
 garbage-first heap   total 258048K, used 124802K [0x0000000700000000, 0x0000000800000000)
  region size 2048K, 5 young (10240K), 5 survivors (10240K)
 Metaspace       used 94923K, committed 95744K, reserved 1179648K
  class space    used 13025K, committed 13440K, reserved 1048576K
}
Event: 12.945 GC heap before
{Heap before GC invocations=32 (full 0):
 garbage-first heap   total 258048K, used 196482K [0x0000000700000000, 0x0000000800000000)
  region size 2048K, 42 young (86016K), 5 survivors (10240K)
 Metaspace       used 98388K, committed 99200K, reserved 1179648K
  class space    used 13558K, committed 13952K, reserved 1048576K
}
Event: 12.955 GC heap after
{Heap after GC invocations=33 (full 0):
 garbage-first heap   total 258048K, used 131035K [0x0000000700000000, 0x0000000800000000)
  region size 2048K, 5 young (10240K), 5 survivors (10240K)
 Metaspace       used 98388K, committed 99200K, reserved 1179648K
  class space    used 13558K, committed 13952K, reserved 1048576K
}
Event: 13.893 GC heap before
{Heap before GC invocations=34 (full 0):
 garbage-first heap   total 258048K, used 210907K [0x0000000700000000, 0x0000000800000000)
  region size 2048K, 44 young (90112K), 5 survivors (10240K)
 Metaspace       used 99554K, committed 100608K, reserved 1179648K
  class space    used 13693K, committed 14208K, reserved 1048576K
}
Event: 13.911 GC heap after
{Heap after GC invocations=35 (full 0):
 garbage-first heap   total 258048K, used 145132K [0x0000000700000000, 0x0000000800000000)
  region size 2048K, 6 young (12288K), 6 survivors (12288K)
 Metaspace       used 99554K, committed 100608K, reserved 1179648K
  class space    used 13693K, committed 14208K, reserved 1048576K
}
Event: 13.936 GC heap before
{Heap before GC invocations=35 (full 0):
 garbage-first heap   total 258048K, used 147180K [0x0000000700000000, 0x0000000800000000)
  region size 2048K, 7 young (14336K), 6 survivors (12288K)
 Metaspace       used 99569K, committed 100608K, reserved 1179648K
  class space    used 13693K, committed 14208K, reserved 1048576K
}
Event: 13.951 GC heap after
{Heap after GC invocations=36 (full 0):
 garbage-first heap   total 258048K, used 146435K [0x0000000700000000, 0x0000000800000000)
  region size 2048K, 1 young (2048K), 1 survivors (2048K)
 Metaspace       used 99569K, committed 100608K, reserved 1179648K
  class space    used 13693K, committed 14208K, reserved 1048576K
}
Event: 14.579 GC heap before
{Heap before GC invocations=36 (full 0):
 garbage-first heap   total 258048K, used 222211K [0x0000000700000000, 0x0000000800000000)
  region size 2048K, 31 young (63488K), 1 survivors (2048K)
 Metaspace       used 103967K, committed 104960K, reserved 1179648K
  class space    used 14304K, committed 14784K, reserved 1048576K
}
Event: 14.585 GC heap after
{Heap after GC invocations=37 (full 0):
 garbage-first heap   total 258048K, used 167572K [0x0000000700000000, 0x0000000800000000)
  region size 2048K, 4 young (8192K), 4 survivors (8192K)
 Metaspace       used 103967K, committed 104960K, reserved 1179648K
  class space    used 14304K, committed 14784K, reserved 1048576K
}
Event: 14.974 GC heap before
{Heap before GC invocations=37 (full 0):
 garbage-first heap   total 258048K, used 210580K [0x0000000700000000, 0x0000000800000000)
  region size 2048K, 26 young (53248K), 4 survivors (8192K)
 Metaspace       used 105196K, committed 106176K, reserved 1179648K
  class space    used 14435K, committed 14912K, reserved 1048576K
}
Event: 14.982 GC heap after
{Heap after GC invocations=38 (full 0):
 garbage-first heap   total 258048K, used 171796K [0x0000000700000000, 0x0000000800000000)
  region size 2048K, 2 young (4096K), 2 survivors (4096K)
 Metaspace       used 105196K, committed 106176K, reserved 1179648K
  class space    used 14435K, committed 14912K, reserved 1048576K
}
Event: 15.211 GC heap before
{Heap before GC invocations=38 (full 0):
 garbage-first heap   total 258048K, used 216852K [0x0000000700000000, 0x0000000800000000)
  region size 2048K, 24 young (49152K), 2 survivors (4096K)
 Metaspace       used 105198K, committed 106176K, reserved 1179648K
  class space    used 14435K, committed 14912K, reserved 1048576K
}

Dll operation events (3 events):
Event: 0.006 Loaded shared library C:\Program Files\Android\Android Studio\jbr\bin\java.dll
Event: 0.147 Loaded shared library C:\Program Files\Android\Android Studio\jbr\bin\zip.dll
Event: 0.548 Loaded shared library C:\Program Files\Android\Android Studio\jbr\bin\verify.dll

Deoptimization events (20 events):
Event: 14.835 Thread 0x0000026fcc284900 DEOPT PACKING pc=0x0000026fb1e4f828 sp=0x000000d8ee5f9d00
Event: 14.835 Thread 0x0000026fcc284900 DEOPT UNPACKING pc=0x0000026fb11e69a3 sp=0x000000d8ee5f9a58 mode 2
Event: 14.835 Thread 0x0000026fcc284900 Uncommon trap: trap_request=0xffffffbe fr.pc=0x0000026fb1e4f828 relative=0x0000000000002448
Event: 14.835 Thread 0x0000026fcc284900 Uncommon trap: reason=profile_predicate action=maybe_recompile pc=0x0000026fb1e4f828 method=jdk.internal.jimage.ImageStringsReader.stringFromByteBufferMatches(Ljava/nio/ByteBuffer;ILjava/lang/String;I)I @ 19 c2
Event: 14.835 Thread 0x0000026fcc284900 DEOPT PACKING pc=0x0000026fb1e4f828 sp=0x000000d8ee5f9d00
Event: 14.836 Thread 0x0000026fcc284900 DEOPT UNPACKING pc=0x0000026fb11e69a3 sp=0x000000d8ee5f9a58 mode 2
Event: 14.836 Thread 0x0000026fcc284900 Uncommon trap: trap_request=0xffffffbe fr.pc=0x0000026fb1e4f828 relative=0x0000000000002448
Event: 14.836 Thread 0x0000026fcc284900 Uncommon trap: reason=profile_predicate action=maybe_recompile pc=0x0000026fb1e4f828 method=jdk.internal.jimage.ImageStringsReader.stringFromByteBufferMatches(Ljava/nio/ByteBuffer;ILjava/lang/String;I)I @ 19 c2
Event: 14.836 Thread 0x0000026fcc284900 DEOPT PACKING pc=0x0000026fb1e4f828 sp=0x000000d8ee5f9d00
Event: 14.836 Thread 0x0000026fcc284900 DEOPT UNPACKING pc=0x0000026fb11e69a3 sp=0x000000d8ee5f9a58 mode 2
Event: 14.836 Thread 0x0000026fcc284900 Uncommon trap: trap_request=0xffffffbe fr.pc=0x0000026fb1e4f828 relative=0x0000000000002448
Event: 14.836 Thread 0x0000026fcc284900 Uncommon trap: reason=profile_predicate action=maybe_recompile pc=0x0000026fb1e4f828 method=jdk.internal.jimage.ImageStringsReader.stringFromByteBufferMatches(Ljava/nio/ByteBuffer;ILjava/lang/String;I)I @ 19 c2
Event: 14.836 Thread 0x0000026fcc284900 DEOPT PACKING pc=0x0000026fb1e4f828 sp=0x000000d8ee5f9d00
Event: 14.836 Thread 0x0000026fcc284900 DEOPT UNPACKING pc=0x0000026fb11e69a3 sp=0x000000d8ee5f9a58 mode 2
Event: 14.900 Thread 0x0000026fcc284900 DEOPT PACKING pc=0x0000026fab2481e4 sp=0x000000d8ee5f9050
Event: 14.900 Thread 0x0000026fcc284900 DEOPT UNPACKING pc=0x0000026fb11e7143 sp=0x000000d8ee5f8560 mode 0
Event: 15.193 Thread 0x0000026fcc283ee0 Uncommon trap: trap_request=0xffffff45 fr.pc=0x0000026fb1eb4870 relative=0x0000000000000e10
Event: 15.193 Thread 0x0000026fcc283ee0 Uncommon trap: reason=unstable_if action=reinterpret pc=0x0000026fb1eb4870 method=java.math.BigInteger.makePositive([BII)[I @ 40 c2
Event: 15.193 Thread 0x0000026fcc283ee0 DEOPT PACKING pc=0x0000026fb1eb4870 sp=0x000000d8eecfeac0
Event: 15.193 Thread 0x0000026fcc283ee0 DEOPT UNPACKING pc=0x0000026fb11e69a3 sp=0x000000d8eecfe9d8 mode 2

Classes unloaded (0 events):
No events

Classes redefined (0 events):
No events

Internal exceptions (20 events):
Event: 14.613 Thread 0x0000026fcc284900 Exception <a 'java/lang/ClassNotFoundException'{0x000000070ff3e858}: java/lang/IntegerCustomizer> (0x000000070ff3e858) 
thrown [s\src\hotspot\share\classfile\systemDictionary.cpp, line 256]
Event: 14.625 Thread 0x0000026fcc284900 Exception <a 'java/lang/ClassNotFoundException'{0x000000070f67a768}: org/codehaus/groovy/runtime/NullObjectBeanInfo> (0x000000070f67a768) 
thrown [s\src\hotspot\share\classfile\systemDictionary.cpp, line 256]
Event: 14.627 Thread 0x0000026fcc284900 Exception <a 'java/lang/ClassNotFoundException'{0x000000070f4449b8}: org/codehaus/groovy/runtime/NullObjectCustomizer> (0x000000070f4449b8) 
thrown [s\src\hotspot\share\classfile\systemDictionary.cpp, line 256]
Event: 14.633 Thread 0x0000026fcc284900 Exception <a 'java/lang/ClassNotFoundException'{0x000000070f4807d0}: org/gradle/api/internal/catalog/DefaultDependenciesAccessors_DecoratedBeanInfo> (0x000000070f4807d0) 
thrown [s\src\hotspot\share\classfile\systemDictionary.cpp, line 256]
Event: 14.633 Thread 0x0000026fcc284900 Exception <a 'java/lang/ClassNotFoundException'{0x000000070f48cb50}: org/gradle/api/internal/catalog/DefaultDependenciesAccessorsBeanInfo> (0x000000070f48cb50) 
thrown [s\src\hotspot\share\classfile\systemDictionary.cpp, line 256]
Event: 14.633 Thread 0x0000026fcc284900 Exception <a 'java/lang/ClassNotFoundException'{0x000000070f498ef8}: org/gradle/api/internal/catalog/DefaultDependenciesAccessorsCustomizer> (0x000000070f498ef8) 
thrown [s\src\hotspot\share\classfile\systemDictionary.cpp, line 256]
Event: 14.634 Thread 0x0000026fcc284900 Exception <a 'java/lang/ClassNotFoundException'{0x000000070f4abef8}: org/gradle/api/internal/catalog/DefaultDependenciesAccessors_DecoratedCustomizer> (0x000000070f4abef8) 
thrown [s\src\hotspot\share\classfile\systemDictionary.cpp, line 256]
Event: 14.635 Thread 0x0000026fcc284900 Exception <a 'java/lang/ClassNotFoundException'{0x000000070f4dadb8}: org/gradle/internal/classpath/DefaultClassPathBeanInfo> (0x000000070f4dadb8) 
thrown [s\src\hotspot\share\classfile\systemDictionary.cpp, line 256]
Event: 14.636 Thread 0x0000026fcc284900 Exception <a 'java/lang/ClassNotFoundException'{0x000000070f4e5050}: org/gradle/internal/classpath/DefaultClassPathCustomizer> (0x000000070f4e5050) 
thrown [s\src\hotspot\share\classfile\systemDictionary.cpp, line 256]
Event: 14.638 Thread 0x0000026fcc284900 Exception <a 'java/lang/ClassNotFoundException'{0x000000070f201af8}: org/gradle/internal/classpath/DefaultClassPath$ImmutableUniqueListBeanInfo> (0x000000070f201af8) 
thrown [s\src\hotspot\share\classfile\systemDictionary.cpp, line 256]
Event: 14.639 Thread 0x0000026fcc284900 Exception <a 'java/lang/ClassNotFoundException'{0x000000070f2070e8}: java/util/AbstractListBeanInfo> (0x000000070f2070e8) 
thrown [s\src\hotspot\share\classfile\systemDictionary.cpp, line 256]
Event: 14.639 Thread 0x0000026fcc284900 Exception <a 'java/lang/ClassNotFoundException'{0x000000070f20c718}: java/util/AbstractListCustomizer> (0x000000070f20c718) 
thrown [s\src\hotspot\share\classfile\systemDictionary.cpp, line 256]
Event: 14.639 Thread 0x0000026fcc284900 Exception <a 'java/lang/ClassNotFoundException'{0x000000070f221cf0}: org/gradle/internal/classpath/DefaultClassPath$ImmutableUniqueListCustomizer> (0x000000070f221cf0) 
thrown [s\src\hotspot\share\classfile\systemDictionary.cpp, line 256]
Event: 14.643 Thread 0x0000026fcc284900 Exception <a 'java/lang/ClassNotFoundException'{0x000000070f2a3370}: org/jetbrains/plugins/gradle/model/DefaultDependencyAccessorsModelBeanInfo> (0x000000070f2a3370) 
thrown [s\src\hotspot\share\classfile\systemDictionary.cpp, line 256]
Event: 14.644 Thread 0x0000026fcc284900 Exception <a 'java/lang/ClassNotFoundException'{0x000000070f2ad468}: org/jetbrains/plugins/gradle/model/DefaultDependencyAccessorsModelCustomizer> (0x000000070f2ad468) 
thrown [s\src\hotspot\share\classfile\systemDictionary.cpp, line 256]
Event: 14.649 Thread 0x0000026fd1a1c570 Exception <a 'java/lang/NoSuchMethodError'{0x000000070f95cd70}: static Lorg/jetbrains/plugins/gradle/tooling/internal/VersionCatalogsModelImpl;.<clinit>()V> (0x000000070f95cd70) 
thrown [s\src\hotspot\share\prims\jni.cpp, line 1108]
Event: 14.654 Thread 0x0000026fcc284900 Exception <a 'java/lang/ClassNotFoundException'{0x000000070f1071a0}: org/gradle/api/internal/tasks/DefaultSourceSetContainer_DecoratedBeanInfo> (0x000000070f1071a0) 
thrown [s\src\hotspot\share\classfile\systemDictionary.cpp, line 256]
Event: 14.654 Thread 0x0000026fcc284900 Exception <a 'java/lang/ClassNotFoundException'{0x000000070f1131f8}: org/gradle/api/internal/tasks/DefaultSourceSetContainerBeanInfo> (0x000000070f1131f8) 
thrown [s\src\hotspot\share\classfile\systemDictionary.cpp, line 256]
Event: 14.655 Thread 0x0000026fcc284900 Exception <a 'java/lang/ClassNotFoundException'{0x000000070f11f518}: org/gradle/api/internal/tasks/DefaultSourceSetContainerCustomizer> (0x000000070f11f518) 
thrown [s\src\hotspot\share\classfile\systemDictionary.cpp, line 256]
Event: 14.656 Thread 0x0000026fcc284900 Exception <a 'java/lang/ClassNotFoundException'{0x000000070f137590}: org/gradle/api/internal/tasks/DefaultSourceSetContainer_DecoratedCustomizer> (0x000000070f137590) 
thrown [s\src\hotspot\share\classfile\systemDictionary.cpp, line 256]

VM Operations (20 events):
Event: 14.585 Executing VM operation: G1CollectForAllocation done
Event: 14.833 Executing VM operation: HandshakeAllThreads
Event: 14.833 Executing VM operation: HandshakeAllThreads done
Event: 14.874 Executing VM operation: ICBufferFull
Event: 14.874 Executing VM operation: ICBufferFull done
Event: 14.899 Executing VM operation: HandshakeAllThreads
Event: 14.900 Executing VM operation: HandshakeAllThreads done
Event: 14.901 Executing VM operation: HandshakeAllThreads
Event: 14.901 Executing VM operation: HandshakeAllThreads done
Event: 14.902 Executing VM operation: HandshakeAllThreads
Event: 14.903 Executing VM operation: HandshakeAllThreads done
Event: 14.904 Executing VM operation: HandshakeAllThreads
Event: 14.904 Executing VM operation: HandshakeAllThreads done
Event: 14.906 Executing VM operation: HandshakeAllThreads
Event: 14.906 Executing VM operation: HandshakeAllThreads done
Event: 14.909 Executing VM operation: HandshakeAllThreads
Event: 14.909 Executing VM operation: HandshakeAllThreads done
Event: 14.974 Executing VM operation: G1CollectForAllocation
Event: 14.982 Executing VM operation: G1CollectForAllocation done
Event: 15.211 Executing VM operation: G1CollectForAllocation

Events (20 events):
Event: 14.612 loading class java/lang/NumberBeanInfo done
Event: 14.612 loading class java/lang/NumberCustomizer
Event: 14.612 loading class java/lang/NumberCustomizer done
Event: 14.612 loading class java/lang/NumberCustomizer
Event: 14.612 loading class java/lang/NumberCustomizer done
Event: 14.613 loading class java/lang/IntegerCustomizer
Event: 14.613 loading class java/lang/IntegerCustomizer done
Event: 14.613 loading class java/lang/IntegerCustomizer
Event: 14.613 loading class java/lang/IntegerCustomizer done
Event: 14.613 loading class jdk/internal/ValueBased
Event: 14.613 loading class jdk/internal/ValueBased done
Event: 14.638 loading class java/util/AbstractListBeanInfo
Event: 14.638 loading class java/util/AbstractListBeanInfo done
Event: 14.639 loading class java/util/AbstractListBeanInfo
Event: 14.639 loading class java/util/AbstractListBeanInfo done
Event: 14.639 loading class java/util/AbstractListCustomizer
Event: 14.639 loading class java/util/AbstractListCustomizer done
Event: 14.639 loading class java/util/AbstractListCustomizer
Event: 14.639 loading class java/util/AbstractListCustomizer done
Event: 14.910 Thread 0x0000026fd1a1e3d0 Thread added: 0x0000026fd1a1e3d0


Dynamic libraries:
0x00007ff65df50000 - 0x00007ff65df5a000 	C:\Program Files\Android\Android Studio\jbr\bin\java.exe
0x00007fff6e810000 - 0x00007fff6ea08000 	C:\WINDOWS\SYSTEM32\ntdll.dll
0x00007fff6cc30000 - 0x00007fff6ccf2000 	C:\WINDOWS\System32\KERNEL32.DLL
0x00007fff6bea0000 - 0x00007fff6c196000 	C:\WINDOWS\System32\KERNELBASE.dll
0x00007fff6c1d0000 - 0x00007fff6c2d0000 	C:\WINDOWS\System32\ucrtbase.dll
0x00007fff68510000 - 0x00007fff68527000 	C:\Program Files\Android\Android Studio\jbr\bin\jli.dll
0x00007fff64200000 - 0x00007fff6421b000 	C:\Program Files\Android\Android Studio\jbr\bin\VCRUNTIME140.dll
0x00007fff6c9f0000 - 0x00007fff6cb91000 	C:\WINDOWS\System32\USER32.dll
0x00007fff6c1a0000 - 0x00007fff6c1c2000 	C:\WINDOWS\System32\win32u.dll
0x00007fff5a4c0000 - 0x00007fff5a75b000 	C:\WINDOWS\WinSxS\amd64_microsoft.windows.common-controls_6595b64144ccf1df_6.0.19041.6456_none_60b8a6cb71f64256\COMCTL32.dll
0x00007fff6cba0000 - 0x00007fff6cbcb000 	C:\WINDOWS\System32\GDI32.dll
0x00007fff6d780000 - 0x00007fff6d81e000 	C:\WINDOWS\System32\msvcrt.dll
0x00007fff6c500000 - 0x00007fff6c619000 	C:\WINDOWS\System32\gdi32full.dll
0x00007fff6c380000 - 0x00007fff6c41d000 	C:\WINDOWS\System32\msvcp_win.dll
0x00007fff6d2b0000 - 0x00007fff6d2df000 	C:\WINDOWS\System32\IMM32.DLL
0x00007fff68f10000 - 0x00007fff68f1c000 	C:\Program Files\Android\Android Studio\jbr\bin\vcruntime140_1.dll
0x00007fff3a1e0000 - 0x00007fff3a26d000 	C:\Program Files\Android\Android Studio\jbr\bin\msvcp140.dll
0x00007ffeba020000 - 0x00007ffebaca3000 	C:\Program Files\Android\Android Studio\jbr\bin\server\jvm.dll
0x00007fff6e6b0000 - 0x00007fff6e761000 	C:\WINDOWS\System32\ADVAPI32.dll
0x00007fff6d820000 - 0x00007fff6d8bf000 	C:\WINDOWS\System32\sechost.dll
0x00007fff6e3e0000 - 0x00007fff6e500000 	C:\WINDOWS\System32\RPCRT4.dll
0x00007fff6c2d0000 - 0x00007fff6c2f7000 	C:\WINDOWS\System32\bcrypt.dll
0x00007fff57fc0000 - 0x00007fff57fe7000 	C:\WINDOWS\SYSTEM32\WINMM.dll
0x00007fff68fd0000 - 0x00007fff68fd9000 	C:\WINDOWS\SYSTEM32\WSOCK32.dll
0x00007fff6bd00000 - 0x00007fff6bd4b000 	C:\WINDOWS\SYSTEM32\POWRPROF.dll
0x00007fff68e50000 - 0x00007fff68e5a000 	C:\WINDOWS\SYSTEM32\VERSION.dll
0x00007fff6e2c0000 - 0x00007fff6e32b000 	C:\WINDOWS\System32\WS2_32.dll
0x00007fff6bce0000 - 0x00007fff6bcf2000 	C:\WINDOWS\SYSTEM32\UMPDC.dll
0x00007fff69d10000 - 0x00007fff69d22000 	C:\WINDOWS\SYSTEM32\kernel.appcore.dll
0x00007fff69040000 - 0x00007fff6904a000 	C:\Program Files\Android\Android Studio\jbr\bin\jimage.dll
0x00007fff58240000 - 0x00007fff58441000 	C:\WINDOWS\SYSTEM32\DBGHELP.DLL
0x00007fff53b00000 - 0x00007fff53b34000 	C:\WINDOWS\SYSTEM32\dbgcore.DLL
0x00007fff6c420000 - 0x00007fff6c4a2000 	C:\WINDOWS\System32\bcryptPrimitives.dll
0x00007fff68f40000 - 0x00007fff68f4e000 	C:\Program Files\Android\Android Studio\jbr\bin\instrument.dll
0x00007fff56660000 - 0x00007fff56685000 	C:\Program Files\Android\Android Studio\jbr\bin\java.dll
0x00007fff484e0000 - 0x00007fff484f8000 	C:\Program Files\Android\Android Studio\jbr\bin\zip.dll
0x00007fff6db50000 - 0x00007fff6e2c0000 	C:\WINDOWS\System32\SHELL32.dll
0x00007fff69f10000 - 0x00007fff6a6b5000 	C:\WINDOWS\SYSTEM32\windows.storage.dll
0x00007fff6d2e0000 - 0x00007fff6d634000 	C:\WINDOWS\System32\combase.dll
0x00007fff6b7f0000 - 0x00007fff6b81b000 	C:\WINDOWS\SYSTEM32\Wldp.dll
0x00007fff6d8c0000 - 0x00007fff6d98d000 	C:\WINDOWS\System32\OLEAUT32.dll
0x00007fff6e330000 - 0x00007fff6e3dd000 	C:\WINDOWS\System32\SHCORE.dll
0x00007fff6e770000 - 0x00007fff6e7cb000 	C:\WINDOWS\System32\shlwapi.dll
0x00007fff6bdd0000 - 0x00007fff6bdf4000 	C:\WINDOWS\SYSTEM32\profapi.dll
0x00007fff477a0000 - 0x00007fff477b9000 	C:\Program Files\Android\Android Studio\jbr\bin\net.dll
0x00007fff631d0000 - 0x00007fff632da000 	C:\WINDOWS\SYSTEM32\WINHTTP.dll
0x00007fff6b550000 - 0x00007fff6b5ba000 	C:\WINDOWS\system32\mswsock.dll
0x00007fff47780000 - 0x00007fff47796000 	C:\Program Files\Android\Android Studio\jbr\bin\nio.dll
0x00007fff65dd0000 - 0x00007fff65de0000 	C:\Program Files\Android\Android Studio\jbr\bin\verify.dll
0x00007fff47750000 - 0x00007fff47777000 	C:\Users\a\.gradle\native\1def1411415f61bf3af743bc5b6707747c0891f09f0c88961ee8f79bc544acac\windows-amd64\native-platform.dll
0x00007fff20630000 - 0x00007fff206a8000 	C:\Users\a\.gradle\native\0.2.7\x86_64-windows-gnu\gradle-fileevents.dll
0x00007fff68f30000 - 0x00007fff68f39000 	C:\Program Files\Android\Android Studio\jbr\bin\management.dll
0x00007fff67ad0000 - 0x00007fff67adb000 	C:\Program Files\Android\Android Studio\jbr\bin\management_ext.dll
0x00007fff6c830000 - 0x00007fff6c838000 	C:\WINDOWS\System32\PSAPI.DLL
0x00007fff6b230000 - 0x00007fff6b26b000 	C:\WINDOWS\SYSTEM32\IPHLPAPI.DLL
0x00007fff6db40000 - 0x00007fff6db48000 	C:\WINDOWS\System32\NSI.dll
0x00007fff63de0000 - 0x00007fff63df7000 	C:\WINDOWS\SYSTEM32\dhcpcsvc6.DLL
0x00007fff65000000 - 0x00007fff6501d000 	C:\WINDOWS\SYSTEM32\dhcpcsvc.DLL
0x00007fff6b270000 - 0x00007fff6b33a000 	C:\WINDOWS\SYSTEM32\DNSAPI.dll
0x00007fff6b750000 - 0x00007fff6b768000 	C:\WINDOWS\SYSTEM32\CRYPTSP.dll
0x00007fff6ae70000 - 0x00007fff6aea8000 	C:\WINDOWS\system32\rsaenh.dll
0x00007fff6bd90000 - 0x00007fff6bdbe000 	C:\WINDOWS\SYSTEM32\USERENV.dll
0x00007fff6b740000 - 0x00007fff6b74c000 	C:\WINDOWS\SYSTEM32\CRYPTBASE.dll
0x00007fff450a0000 - 0x00007fff450a7000 	C:\WINDOWS\system32\wshunix.dll

dbghelp: loaded successfully - version: 4.0.5 - missing functions: none
symbol engine: initialized successfully - sym options: 0x614 - pdb path: .;C:\Program Files\Android\Android Studio\jbr\bin;C:\WINDOWS\SYSTEM32;C:\WINDOWS\WinSxS\amd64_microsoft.windows.common-controls_6595b64144ccf1df_6.0.19041.6456_none_60b8a6cb71f64256;C:\Program Files\Android\Android Studio\jbr\bin\server;C:\Users\a\.gradle\native\1def1411415f61bf3af743bc5b6707747c0891f09f0c88961ee8f79bc544acac\windows-amd64;C:\Users\a\.gradle\native\0.2.7\x86_64-windows-gnu

VM Arguments:
jvm_args: --add-opens=java.base/java.lang=ALL-UNNAMED --add-opens=java.base/java.lang.invoke=ALL-UNNAMED --add-opens=java.base/java.util=ALL-UNNAMED --add-opens=java.prefs/java.util.prefs=ALL-UNNAMED --add-exports=jdk.compiler/com.sun.tools.javac.api=ALL-UNNAMED --add-exports=jdk.compiler/com.sun.tools.javac.util=ALL-UNNAMED --add-opens=java.base/java.util=ALL-UNNAMED --add-opens=java.prefs/java.util.prefs=ALL-UNNAMED --add-opens=java.base/java.nio.charset=ALL-UNNAMED --add-opens=java.base/java.net=ALL-UNNAMED --add-opens=java.base/java.util.concurrent.atomic=ALL-UNNAMED --add-opens=java.xml/javax.xml.namespace=ALL-UNNAMED -Xmx4096m -Dfile.encoding=windows-1252 -Duser.country=AU -Duser.language=en -Duser.variant -javaagent:C:\Users\a\.gradle\wrapper\dists\gradle-8.14.3-bin\40dfek2kz346l18gf9ltjsnyd\gradle-8.14.3\lib\agents\gradle-instrumentation-agent-8.14.3.jar 
java_command: org.gradle.launcher.daemon.bootstrap.GradleDaemon 8.14.3
java_class_path (initial): C:\Users\a\.gradle\wrapper\dists\gradle-8.14.3-bin\40dfek2kz346l18gf9ltjsnyd\gradle-8.14.3\lib\gradle-daemon-main-8.14.3.jar
Launcher Type: SUN_STANDARD

[Global flags]
     intx CICompilerCount                          = 4                                         {product} {ergonomic}
     uint ConcGCThreads                            = 2                                         {product} {ergonomic}
     uint G1ConcRefinementThreads                  = 8                                         {product} {ergonomic}
   size_t G1HeapRegionSize                         = 2097152                                   {product} {ergonomic}
    uintx GCDrainStackTargetSize                   = 64                                        {product} {ergonomic}
   size_t InitialHeapSize                          = 268435456                                 {product} {ergonomic}
   size_t MarkStackSize                            = 4194304                                   {product} {ergonomic}
   size_t MaxHeapSize                              = 4294967296                                {product} {command line}
   size_t MaxNewSize                               = 2575302656                                {product} {ergonomic}
   size_t MinHeapDeltaBytes                        = 2097152                                   {product} {ergonomic}
   size_t MinHeapSize                              = 8388608                                   {product} {ergonomic}
    uintx NonNMethodCodeHeapSize                   = 5839372                                {pd product} {ergonomic}
    uintx NonProfiledCodeHeapSize                  = 122909434                              {pd product} {ergonomic}
    uintx ProfiledCodeHeapSize                     = 122909434                              {pd product} {ergonomic}
    uintx ReservedCodeCacheSize                    = 251658240                              {pd product} {ergonomic}
     bool SegmentedCodeCache                       = true                                      {product} {ergonomic}
   size_t SoftMaxHeapSize                          = 4294967296                             {manageable} {ergonomic}
     bool UseCompressedClassPointers               = true                           {product lp64_product} {ergonomic}
     bool UseCompressedOops                        = true                           {product lp64_product} {ergonomic}
     bool UseG1GC                                  = true                                      {product} {ergonomic}
     bool UseLargePagesIndividualAllocation        = false                                  {pd product} {ergonomic}

Logging:
Log output configuration:
 #0: stdout all=warning uptime,level,tags
 #1: stderr all=off uptime,level,tags

Environment Variables:
JAVA_HOME=C:\Program Files\Java\jdk-17
PATH=C:\Program Files\Java\jdk-17\bin;C:\Program Files\Common Files\Oracle\Java\javapath;C:\Program Files (x86)\Intel\iCLS Client\;C:\Program Files\Intel\iCLS Client\;C:\WINDOWS\system32;C:\WINDOWS;C:\WINDOWS\System32\Wbem;C:\WINDOWS\System32\WindowsPowerShell\v1.0\;C:\WINDOWS\System32\OpenSSH\;C:\Program Files\dotnet\;C:\Program Files\Git\cmd;C:\Program Files\Java\jdk-17\bin;C:\Users\a\Documents\gradle\gradle-7.5\bin;C:\Users\a\AppData\Local\Android\Sdk\emulator;C:\Users\a\AppData\Local\Android\Sdk\platform-tools;C:\Program Files\MongoDB\Server\8.0\bin;C:\Program Files\PuTTY\;C:\Program Files\Go\bin;C:\Program Files\nodejs\;C:\Program Files\GitHub CLI\;C:\protoc\bin;C:\Program Files\Memurai\;C:\Users\a\AppData\Local\Programs\Python\Python313\Scripts\;C:\Users\a\AppData\Local\Programs\Python\Python313\;C:\Users\a\AppData\Local\Microsoft\WindowsApps;C:\Users\a\AppData\Local\Programs\Microsoft VS Code\bin;C:\flutter\bin;C:\Users\a\AppData\Local\Android\Sdk;C:\Program Files\Java\jdk-17;C:\maven\bin;C:\Users\a\go\bin;C:\Program Files (x86)\Nmap;C:\Users\a\AppData\Roaming\npm;C:\Users\a\AppData\Local\Pub\Cache\bin;C:\Gradle\bin;C:\Program Files\OpenSSL-Win64\bin;C:\protoc\bin;C:\etcd;
USERNAME=a
OS=Windows_NT
PROCESSOR_IDENTIFIER=Intel64 Family 6 Model 70 Stepping 1, GenuineIntel
TMP=C:\Users\a\AppData\Local\Temp
TEMP=C:\Users\a\AppData\Local\Temp



Periodic native trim disabled

JNI global refs:
JNI global refs: 27, weak refs: 0

JNI global refs memory usage: 843, weak refs: 841

OOME stack traces (most recent first):
Classloader memory used:
Loader org.gradle.internal.classloader.VisitableURLClassLoader                         : 5231K
Loader org.gradle.internal.classloader.VisitableURLClassLoader$InstrumentingVisitableURLClassLoader: 3179K
Loader bootstrap                                                                       : 2851K
Loader org.gradle.initialization.MixInLegacyTypesClassLoader                           : 1381K
Loader org.gradle.internal.classloader.VisitableURLClassLoader                         : 175K
Loader jdk.internal.reflect.DelegatingClassLoader                                      : 129K
Loader org.gradle.groovy.scripts.internal.DefaultScriptCompilationHandler$ScriptClassLoader: 97274B
Loader jdk.internal.loader.ClassLoaders$PlatformClassLoader                            : 70837B
Loader jdk.internal.loader.ClassLoaders$AppClassLoader                                 : 29437B
Loader org.codehaus.groovy.runtime.callsite.CallSiteClassLoader                        : 7881B

Classes loaded by more than one classloader:
Class Program                                                                         : loaded 10 times (x 70B)
Class org.gradle.kotlin.dsl.ImplementationConfigurationAccessorsKt                    : loaded 5 times (x 69B)
Class Build_gradle$1$1                                                                : loaded 5 times (x 76B)
Class org.gradle.kotlin.dsl.Accessors7y9hz5zm5pocrb21isjhik2uhKt                      : loaded 5 times (x 69B)
Class Build_gradle                                                                    : loaded 5 times (x 128B)
Class Build_gradle$1                                                                  : loaded 5 times (x 72B)
Class Build_gradle$2                                                                  : loaded 5 times (x 72B)
Class Build_gradle$2$1                                                                : loaded 4 times (x 76B)
Class org.gradle.api.UncheckedIOException                                             : loaded 3 times (x 80B)
Class org.gradle.internal.Cast                                                        : loaded 3 times (x 69B)
Class org.gradle.internal.IoActions                                                   : loaded 3 times (x 69B)
Class Build_gradle$1$2                                                                : loaded 3 times (x 76B)
Class org.gradle.kotlin.dsl.Accessors3b22zubz91h1vnit99qiq17ljKt                      : loaded 3 times (x 69B)
Class org.gradle.kotlin.dsl.ApiConfigurationAccessorsKt                               : loaded 3 times (x 69B)
Class org.gradle.api.GradleException                                                  : loaded 3 times (x 80B)
Class Build_gradle$3                                                                  : loaded 3 times (x 76B)
Class org.gradle.api.Action                                                           : loaded 3 times (x 68B)
Class com.intellij.openapi.externalSystem.model.ExternalSystemException               : loaded 2 times (x 84B)
Class org.gradle.tooling.model.kotlin.dsl.KotlinDslScriptsModel                       : loaded 2 times (x 68B)
Class com.google.common.cache.CacheBuilder$OneWeigher                                 : loaded 2 times (x 80B)
Class com.google.common.collect.AbstractMultimap                                      : loaded 2 times (x 121B)
Class org.jetbrains.plugins.gradle.tooling.serialization.KotlinDslScriptsModelSerializationService: loaded 2 times (x 79B)
Class org.jetbrains.kotlin.idea.gradleTooling.model.samWithReceiver.SamWithReceiverModel: loaded 2 times (x 68B)
Class com.google.common.collect.ImmutableEntry                                        : loaded 2 times (x 80B)
Class com.google.common.collect.Lists$StringAsImmutableList                           : loaded 2 times (x 167B)
Class org.gradle.tooling.internal.adapter.ProtocolToModelAdapter$SafeMethodInvoker    : loaded 2 times (x 74B)
Class org.jetbrains.plugins.gradle.model.ExternalProject                              : loaded 2 times (x 68B)
Class com.google.common.cache.LocalCache$StrongEntry                                  : loaded 2 times (x 106B)
Class org.gradle.tooling.internal.adapter.ProtocolToModelAdapter$1                    : loaded 2 times (x 73B)
Class org.jetbrains.plugins.gradle.model.IntelliJSettings                             : loaded 2 times (x 68B)
Class org.objectweb.asm.FieldWriter                                                   : loaded 2 times (x 76B)
Class com.google.common.base.CharMatcher                                              : loaded 2 times (x 109B)
Class com.google.common.base.CharMatcher$IsNot                                        : loaded 2 times (x 109B)
Class org.jetbrains.plugins.gradle.model.ExternalLibraryDependency                    : loaded 2 times (x 68B)
Class com.google.common.collect.RegularImmutableSortedSet                             : loaded 2 times (x 233B)
Class org.gradle.internal.impldep.gnu.trove.THash                                     : loaded 2 times (x 79B)
Class org.jetbrains.kotlin.tooling.core.Extras                                        : loaded 2 times (x 68B)
Class com.google.common.base.Splitter                                                 : loaded 2 times (x 70B)
Class [Lcom.google.common.cache.Weigher;                                              : loaded 2 times (x 67B)
Class com.google.common.collect.Iterators$ArrayItr                                    : loaded 2 times (x 95B)
Class com.google.common.cache.LocalCache$Segment                                      : loaded 2 times (x 152B)
Class org.jetbrains.kotlin.idea.gradleTooling.KotlinMPPGradleModel                    : loaded 2 times (x 68B)
Class org.gradle.api.internal.DefaultClassPathProvider                                : loaded 2 times (x 74B)
Class org.gradle.internal.installation.GradleInstallation$1                           : loaded 2 times (x 73B)
Class com.google.common.cache.LocalCache$AbstractReferenceEntry                       : loaded 2 times (x 105B)
Class org.objectweb.asm.Type                                                          : loaded 2 times (x 70B)
Class com.google.common.util.concurrent.AbstractFuture$Failure                        : loaded 2 times (x 70B)
Class com.google.common.base.CharMatcher$BitSetMatcher                                : loaded 2 times (x 110B)
Class com.google.common.collect.ImmutableMap$IteratorBasedImmutableMap                : loaded 2 times (x 123B)
Class org.gradle.internal.exceptions.DefaultMultiCauseException                       : loaded 2 times (x 89B)
Class com.google.common.collect.ImmutableMap                                          : loaded 2 times (x 118B)
Class com.google.common.base.Converter                                                : loaded 2 times (x 88B)
Class org.gradle.tooling.model.UnsupportedMethodException                             : loaded 2 times (x 80B)
Class com.google.common.collect.ImmutableSet$EmptySetBuilderImpl                      : loaded 2 times (x 74B)
Class com.google.common.base.Equivalence                                              : loaded 2 times (x 80B)
Class com.google.common.primitives.Ints                                               : loaded 2 times (x 69B)
Class com.google.common.cache.LocalCache$EntryFactory$1                               : loaded 2 times (x 81B)
Class org.gradle.tooling.model.build.JavaEnvironment                                  : loaded 2 times (x 68B)
Class org.gradle.tooling.internal.adapter.ProtocolToModelAdapter$PropertyCachingMethodInvoker: loaded 2 times (x 74B)
Class com.google.common.cache.LocalCache$EntryFactory$2                               : loaded 2 times (x 81B)
Class com.google.common.cache.LocalCache$EntryFactory$3                               : loaded 2 times (x 81B)
Class com.google.common.cache.LocalCache$EntryFactory$4                               : loaded 2 times (x 81B)
Class org.gradle.tooling.internal.adapter.ProtocolToModelAdapter$NoOpDecoration       : loaded 2 times (x 77B)
Class com.google.common.cache.LocalCache$EntryFactory$5                               : loaded 2 times (x 81B)
Class com.google.common.cache.LocalCache$EntryFactory$6                               : loaded 2 times (x 81B)
Class com.google.common.cache.LocalCache$EntryFactory$7                               : loaded 2 times (x 81B)
Class org.gradle.internal.time.MonotonicClock                                         : loaded 2 times (x 75B)
Class com.google.common.cache.LocalCache$EntryFactory$8                               : loaded 2 times (x 81B)
Class org.gradle.tooling.internal.adapter.ProtocolToModelAdapter$SupportedPropertyInvoker: loaded 2 times (x 74B)
Class com.google.common.base.Predicate                                                : loaded 2 times (x 68B)
Class com.google.common.cache.LocalCache$StrongValueReference                         : loaded 2 times (x 88B)
Class org.gradle.internal.classloader.FilteringClassLoader                            : loaded 2 times (x 103B)
Class com.google.common.collect.RegularImmutableSet                                   : loaded 2 times (x 146B)
Class org.jetbrains.plugins.gradle.tooling.serialization.SerializationService         : loaded 2 times (x 68B)
Class kotlin.jvm.internal.Lambda                                                      : loaded 2 times (x 73B)
Class org.gradle.tooling.model.Model                                                  : loaded 2 times (x 68B)
Class [Lcom.google.common.cache.LocalCache$Strength;                                  : loaded 2 times (x 67B)
Class org.gradle.internal.classpath.DefaultClassPath$ImmutableUniqueList$Builder      : loaded 2 times (x 73B)
Class com.google.common.collect.AbstractRangeSet                                      : loaded 2 times (x 112B)
Class kotlin.UninitializedPropertyAccessException                                     : loaded 2 times (x 80B)
Class com.google.common.collect.Maps$8                                                : loaded 2 times (x 80B)
Class [Lcom.google.common.cache.CacheBuilder$NullListener;                            : loaded 2 times (x 67B)
Class com.google.common.base.PatternCompiler                                          : loaded 2 times (x 68B)
Class com.google.common.base.CharMatcher$InRange                                      : loaded 2 times (x 109B)
Class org.jetbrains.kotlin.idea.gradleTooling.KotlinSourceSetContainer                : loaded 2 times (x 68B)
Class com.google.common.collect.Sets$SetView                                          : loaded 2 times (x 136B)
Class com.google.common.collect.BiMap                                                 : loaded 2 times (x 68B)
Class com.google.common.collect.Lists                                                 : loaded 2 times (x 69B)
Class org.objectweb.asm.AnnotationWriter                                              : loaded 2 times (x 77B)
Class org.apache.commons.io.output.ThresholdingOutputStream                           : loaded 2 times (x 92B)
Class com.google.common.math.IntMath$1                                                : loaded 2 times (x 69B)
Class org.gradle.internal.classloader.ClassLoaderVisitor                              : loaded 2 times (x 74B)
Class org.objectweb.asm.Label                                                         : loaded 2 times (x 71B)
Class com.google.common.cache.CacheBuilder$NullListener                               : loaded 2 times (x 80B)
Class org.gradle.tooling.internal.adapter.ProtocolToModelAdapter$MethodInvocationCache$MethodInvocationKey: loaded 2 times (x 71B)
Class org.jetbrains.plugins.gradle.tooling.serialization.internal.adapter.Supplier    : loaded 2 times (x 68B)
Class com.google.common.math.MathPreconditions                                        : loaded 2 times (x 69B)
Class org.gradle.internal.time.DefaultCountdownTimer                                  : loaded 2 times (x 86B)
Class org.gradle.tooling.internal.adapter.CollectionMapper                            : loaded 2 times (x 71B)
Class org.gradle.internal.service.DefaultServiceLocator                               : loaded 2 times (x 81B)
Class org.gradle.internal.service.UnknownServiceException                             : loaded 2 times (x 81B)
Class org.jetbrains.plugins.gradle.model.ClasspathEntryModel                          : loaded 2 times (x 68B)
Class com.google.common.collect.ArrayListMultimap                                     : loaded 2 times (x 170B)
Class com.google.common.base.Strings                                                  : loaded 2 times (x 69B)
Class org.jetbrains.plugins.gradle.model.DependencyAccessorsModel                     : loaded 2 times (x 68B)
Class com.google.common.cache.CacheLoader$InvalidCacheLoadException                   : loaded 2 times (x 80B)
Class org.gradle.internal.classloader.DefaultClassLoaderFactory                       : loaded 2 times (x 80B)
Class com.google.common.collect.UnmodifiableIterator                                  : loaded 2 times (x 78B)
Class org.jetbrains.plugins.gradle.model.internal.TurnOffDefaultTasks                 : loaded 2 times (x 68B)
Class com.google.common.base.Stopwatch                                                : loaded 2 times (x 70B)
Class com.google.common.base.Platform$JdkPatternCompiler                              : loaded 2 times (x 73B)
Class org.jetbrains.plugins.gradle.tooling.ModelBuilderService$Parameter              : loaded 2 times (x 68B)
Class com.google.common.cache.LocalCache$LoadingValueReference                        : loaded 2 times (x 94B)
Class org.apache.commons.io.output.ByteArrayOutputStream                              : loaded 2 times (x 100B)
Class org.gradle.tooling.internal.adapter.ProtocolToModelAdapter$DefaultViewBuilder   : loaded 2 times (x 78B)
Class build_782jvh5doak2ite4e4h9y012e$_run_closure1                                   : loaded 2 times (x 137B)
Class com.google.common.collect.Hashing                                               : loaded 2 times (x 69B)
Class org.jetbrains.plugins.gradle.model.internal.DummyModel                          : loaded 2 times (x 68B)
Class org.jetbrains.plugins.gradle.model.GradleExtensions                             : loaded 2 times (x 68B)
Class com.google.common.collect.ImmutableRangeSet$ComplementRanges                    : loaded 2 times (x 167B)
Class org.jetbrains.plugins.gradle.tooling.serialization.GradleExtensionsSerializationService$WriteContext: loaded 2 times (x 70B)
Class com.google.common.base.JdkPattern                                               : loaded 2 times (x 73B)
Class com.google.common.collect.Multimap                                              : loaded 2 times (x 68B)
Class com.google.common.base.FunctionalEquivalence                                    : loaded 2 times (x 81B)
Class org.objectweb.asm.AnnotationVisitor                                             : loaded 2 times (x 76B)
Class org.objectweb.asm.RecordComponentWriter                                         : loaded 2 times (x 76B)
Class com.google.common.cache.LocalCache$1                                            : loaded 2 times (x 87B)
Class com.google.common.cache.LocalCache$2                                            : loaded 2 times (x 140B)
Class com.google.common.collect.RegularImmutableBiMap                                 : loaded 2 times (x 146B)
Class org.jetbrains.plugins.gradle.tooling.serialization.internal.IdeaProjectSerializationService$WriteContext$1: loaded 2 times (x 81B)
Class com.google.common.collect.ListMultimap                                          : loaded 2 times (x 68B)
Class org.jetbrains.plugins.gradle.tooling.serialization.internal.IdeaProjectSerializationService$WriteContext$2: loaded 2 times (x 81B)
Class org.jetbrains.plugins.gradle.model.VersionCatalogsModel                         : loaded 2 times (x 68B)
Class org.jetbrains.plugins.gradle.tooling.serialization.internal.IdeaProjectSerializationService$WriteContext$3: loaded 2 times (x 81B)
Class build_5q4hxj825yizmrns5qsbqz6zy                                                 : loaded 2 times (x 178B)
Class org.jetbrains.kotlin.idea.gradleTooling.AndroidAwareGradleModelProvider$Companion: loaded 2 times (x 69B)
Class org.jetbrains.plugins.gradle.tooling.serialization.internal.IdeaProjectSerializationService$WriteContext$4: loaded 2 times (x 81B)
Class org.gradle.internal.classloader.VisitableURLClassLoader$Spec                    : loaded 2 times (x 72B)
Class org.jetbrains.plugins.gradle.tooling.serialization.internal.IdeaProjectSerializationService$WriteContext$5: loaded 2 times (x 81B)
Class org.gradle.tooling.model.ProjectModel                                           : loaded 2 times (x 68B)
Class org.gradle.internal.impldep.gnu.trove.TObjectIdentityHashingStrategy            : loaded 2 times (x 76B)
Class org.jetbrains.plugins.gradle.tooling.serialization.internal.IdeaProjectSerializationService$WriteContext$6: loaded 2 times (x 81B)
Class com.google.common.collect.ImmutableEnumSet                                      : loaded 2 times (x 144B)
Class org.jetbrains.plugins.gradle.tooling.serialization.internal.IdeaProjectSerializationService$WriteContext$7: loaded 2 times (x 81B)
Class org.gradle.tooling.internal.gradle.DefaultProjectIdentifier                     : loaded 2 times (x 84B)
Class org.jetbrains.plugins.gradle.tooling.serialization.internal.IdeaProjectSerializationService$WriteContext$8: loaded 2 times (x 81B)
Class build_5q4hxj825yizmrns5qsbqz6zy$_run_closure1                                   : loaded 2 times (x 137B)
Class com.intellij.util.containers.IntObjectHashMap                                   : loaded 2 times (x 70B)
Class org.gradle.api.internal.classpath.ModuleRegistry                                : loaded 2 times (x 68B)
Class org.gradle.internal.exceptions.NonGradleCauseExceptionsHolder                   : loaded 2 times (x 68B)
Class com.google.common.cache.CacheBuilder                                            : loaded 2 times (x 70B)
Class org.objectweb.asm.ByteVector                                                    : loaded 2 times (x 77B)
Class com.google.common.collect.ImmutableCollection                                   : loaded 2 times (x 123B)
Class org.jetbrains.plugins.gradle.model.RepositoriesModel                            : loaded 2 times (x 68B)
Class com.google.common.collect.ImmutableRangeSet                                     : loaded 2 times (x 113B)
Class com.google.common.base.PairwiseEquivalence                                      : loaded 2 times (x 81B)
Class com.google.common.base.Ticker                                                   : loaded 2 times (x 70B)
Class kotlin.jvm.internal.markers.KMappedMarker                                       : loaded 2 times (x 68B)
Class org.gradle.tooling.internal.adapter.TypeInspector                               : loaded 2 times (x 71B)
Class org.gradle.api.internal.ClassPathProvider                                       : loaded 2 times (x 68B)
Class com.google.common.base.Ascii                                                    : loaded 2 times (x 69B)
Class com.google.common.collect.RegularImmutableMap$Values                            : loaded 2 times (x 167B)
Class org.objectweb.asm.ModuleWriter                                                  : loaded 2 times (x 80B)
Class org.gradle.internal.classloader.ClasspathUtil$1                                 : loaded 2 times (x 74B)
Class org.jetbrains.plugins.gradle.tooling.serialization.ExternalTestsSerializationService$ReadContext: loaded 2 times (x 70B)
Class com.google.common.collect.ImmutableEnumMap                                      : loaded 2 times (x 123B)
Class org.gradle.tooling.model.DomainObjectSet                                        : loaded 2 times (x 68B)
Class org.jetbrains.plugins.gradle.model.ExternalProjectDependency                    : loaded 2 times (x 68B)
Class com.google.common.collect.ImmutableList$ReverseImmutableList                    : loaded 2 times (x 168B)
Class com.google.common.cache.AbstractCache$StatsCounter                              : loaded 2 times (x 68B)
Class org.objectweb.asm.FieldVisitor                                                  : loaded 2 times (x 75B)
Class org.objectweb.asm.Symbol                                                        : loaded 2 times (x 71B)
Class org.gradle.api.internal.classpath.DefaultModuleRegistry                         : loaded 2 times (x 84B)
Class com.google.common.cache.RemovalListener                                         : loaded 2 times (x 68B)
Class com.google.common.cache.LocalCache$Strength$1                                   : loaded 2 times (x 79B)
Class com.google.common.cache.LocalCache$Strength$2                                   : loaded 2 times (x 79B)
Class com.google.common.cache.LocalCache$Strength$3                                   : loaded 2 times (x 79B)
Class org.gradle.internal.classloader.ClassLoaderFactory                              : loaded 2 times (x 68B)
Class com.google.common.collect.ObjectArrays                                          : loaded 2 times (x 69B)
Class com.google.common.util.concurrent.Uninterruptibles                              : loaded 2 times (x 69B)
Class com.google.common.collect.ImmutableList                                         : loaded 2 times (x 166B)
Class org.jetbrains.plugins.gradle.model.FileCollectionDependency                     : loaded 2 times (x 68B)
Class org.gradle.api.internal.classpath.ManifestUtil                                  : loaded 2 times (x 69B)
Class org.gradle.api.specs.Spec                                                       : loaded 2 times (x 68B)
Class com.google.common.collect.RangeSet                                              : loaded 2 times (x 68B)
Class sync_studio_tooling1758_cbbolpbntqhuyy4bdwmq95fdz                               : loaded 2 times (x 177B)
Class com.google.common.cache.CacheLoader$UnsupportedLoadingOperationException        : loaded 2 times (x 80B)
Class kotlin.jvm.internal.Intrinsics                                                  : loaded 2 times (x 69B)
Class com.google.common.util.concurrent.ListenableFuture                              : loaded 2 times (x 68B)
Class org.gradle.tooling.internal.gradle.GradleBuildIdentity                          : loaded 2 times (x 68B)
Class org.gradle.tooling.internal.adapter.ProtocolToModelAdapter$ReflectionMethodInvoker: loaded 2 times (x 74B)
Class com.google.common.collect.Iterators$1                                           : loaded 2 times (x 79B)
Class org.jetbrains.plugins.gradle.model.GradleConfiguration                          : loaded 2 times (x 68B)
Class com.google.common.collect.Iterators$4                                           : loaded 2 times (x 80B)
Class com.google.common.collect.RegularImmutableMap$BucketOverflowException           : loaded 2 times (x 80B)
Class com.google.common.collect.Iterators$5                                           : loaded 2 times (x 80B)
Class com.google.common.base.Joiner                                                   : loaded 2 times (x 77B)
Class com.google.common.base.Equivalence$Equals                                       : loaded 2 times (x 80B)
Class com.google.common.base.Preconditions                                            : loaded 2 times (x 69B)
Class com.google.common.base.Function                                                 : loaded 2 times (x 68B)
Class com.google.common.collect.Iterators$9                                           : loaded 2 times (x 79B)
Class org.gradle.internal.classpath.ClassPath                                         : loaded 2 times (x 68B)
Class org.jetbrains.plugins.gradle.model.FilePatternSet                               : loaded 2 times (x 68B)
Class com.google.common.cache.ReferenceEntry                                          : loaded 2 times (x 68B)
Class org.gradle.tooling.internal.adapter.ObjectGraphAdapter                          : loaded 2 times (x 68B)
Class com.google.common.collect.RegularImmutableMap$KeySet                            : loaded 2 times (x 148B)
Class com.google.common.collect.CollectPreconditions                                  : loaded 2 times (x 69B)
Class com.google.common.primitives.IntsMethodsForWeb                                  : loaded 2 times (x 69B)
Class com.google.common.collect.RangeGwtSerializationDependencies                     : loaded 2 times (x 69B)
Class com.google.common.collect.Maps                                                  : loaded 2 times (x 69B)
Class com.google.common.collect.RegularImmutableMap                                   : loaded 2 times (x 119B)
Class com.google.common.collect.AbstractIndexedListIterator                           : loaded 2 times (x 94B)
Class com.google.common.base.CharMatcher$None                                         : loaded 2 times (x 110B)
Class [Lorg.apache.commons.io.StandardLineSeparator;                                  : loaded 2 times (x 67B)
Class org.gradle.api.internal.classpath.EffectiveClassPath                            : loaded 2 times (x 88B)
Class com.google.common.cache.CacheLoader$SupplierToCacheLoader                       : loaded 2 times (x 73B)
Class org.apache.commons.io.output.AppendableWriter                                   : loaded 2 times (x 98B)
Class com.google.common.collect.UnmodifiableListIterator                              : loaded 2 times (x 93B)
Class kotlin.jvm.internal.DefaultConstructorMarker                                    : loaded 2 times (x 69B)
Class com.google.common.cache.CacheLoader$FunctionToCacheLoader                       : loaded 2 times (x 73B)
Class com.google.common.cache.CacheBuilder$1                                          : loaded 2 times (x 83B)
Class com.google.common.cache.CacheBuilder$2                                          : loaded 2 times (x 70B)
Class com.google.common.collect.ImmutableList$1                                       : loaded 2 times (x 95B)
Class com.google.common.base.Splitter$Strategy                                        : loaded 2 times (x 68B)
Class com.google.common.collect.ImmutableMapEntrySet$RegularEntrySet                  : loaded 2 times (x 149B)
Class [Lcom.google.common.cache.RemovalListener;                                      : loaded 2 times (x 67B)
Class [Lcom.google.common.collect.ImmutableMapEntry;                                  : loaded 2 times (x 67B)
Class org.gradle.tooling.model.idea.IdeaDependency                                    : loaded 2 times (x 68B)
Class org.jetbrains.kotlin.idea.gradleTooling.model.annotation.AnnotationBasedPluginModel: loaded 2 times (x 68B)
Class org.jetbrains.kotlin.idea.gradleTooling.model.assignment.AssignmentModel        : loaded 2 times (x 68B)
Class org.jetbrains.plugins.gradle.tooling.serialization.ExternalProjectSerializationService: loaded 2 times (x 75B)
Class org.gradle.internal.installation.CurrentGradleInstallation                      : loaded 2 times (x 71B)
Class org.gradle.internal.installation.CurrentGradleInstallationLocator               : loaded 2 times (x 69B)
Class [Lcom.google.common.cache.LocalCache$Segment;                                   : loaded 2 times (x 67B)
Class org.gradle.api.internal.classpath.Module                                        : loaded 2 times (x 68B)
Class com.google.common.collect.ImmutableSortedSet                                    : loaded 2 times (x 233B)
Class org.jetbrains.plugins.gradle.tooling.serialization.ProjectDependenciesSerializationService$ReadContext: loaded 2 times (x 70B)
Class org.jetbrains.plugins.gradle.tooling.serialization.internal.IdeaProjectSerializationService$WriteContext: loaded 2 times (x 70B)
Class org.gradle.tooling.internal.adapter.ViewBuilder                                 : loaded 2 times (x 68B)
Class org.gradle.tooling.internal.adapter.ProtocolToModelAdapter                      : loaded 2 times (x 78B)
Class com.google.common.collect.ImmutableSet$JdkBackedSetBuilderImpl                  : loaded 2 times (x 74B)
Class org.gradle.tooling.internal.adapter.WeakIdentityHashMap$WeakKey                 : loaded 2 times (x 77B)
Class com.google.common.collect.ImmutableSet$RegularSetBuilderImpl                    : loaded 2 times (x 75B)
Class [Lorg.objectweb.asm.AnnotationWriter;                                           : loaded 2 times (x 67B)
Class org.gradle.internal.service.CachingServiceLocator                               : loaded 2 times (x 80B)
Class org.gradle.internal.time.Timer                                                  : loaded 2 times (x 68B)
Class [Lcom.google.common.collect.ImmutableEntry;                                     : loaded 2 times (x 67B)
Class org.jetbrains.plugins.gradle.model.tests.ExternalTestsModel                     : loaded 2 times (x 68B)
Class org.jetbrains.kotlin.idea.gradleTooling.KotlinDslScriptAdditionalTask           : loaded 2 times (x 68B)
Class org.jetbrains.plugins.gradle.tooling.util.ObjectCollector                       : loaded 2 times (x 70B)
Class org.gradle.internal.classpath.DefaultClassPath                                  : loaded 2 times (x 88B)
Class org.gradle.internal.impldep.gnu.trove.TObjectHash$NULL                          : loaded 2 times (x 69B)
Class org.jetbrains.plugins.gradle.tooling.serialization.GradleExtensionsSerializationService$ReadContext: loaded 2 times (x 70B)
Class org.jetbrains.plugins.gradle.tooling.serialization.internal.IdeaProjectSerializationService: loaded 2 times (x 75B)
Class com.google.common.collect.CollectCollectors                                     : loaded 2 times (x 69B)
Class org.gradle.internal.impldep.gnu.trove.TObjectIntHashMap                         : loaded 2 times (x 107B)
Class org.gradle.tooling.model.idea.IdeaProject                                       : loaded 2 times (x 68B)
Class org.gradle.tooling.model.Element                                                : loaded 2 times (x 68B)
Class com.google.common.base.Splitter$SplittingIterator                               : loaded 2 times (x 82B)
Class org.gradle.internal.impldep.gnu.trove.TObjectHash                               : loaded 2 times (x 92B)
Class com.intellij.openapi.externalSystem.model.project.dependencies.ProjectDependencies: loaded 2 times (x 68B)
Class com.google.common.cache.LocalCache$LocalManualCache$1                           : loaded 2 times (x 73B)
Class com.google.common.collect.SingletonImmutableList                                : loaded 2 times (x 167B)
Class com.google.common.collect.ImmutableRangeSet$AsSet                               : loaded 2 times (x 233B)
Class org.jetbrains.kotlin.idea.gradleTooling.PrepareKotlinIdeImportTaskModel         : loaded 2 times (x 68B)
Class [Lcom.google.common.collect.AbstractMapEntry;                                   : loaded 2 times (x 67B)
Class org.gradle.tooling.internal.adapter.TargetTypeProvider                          : loaded 2 times (x 68B)
Class org.gradle.internal.impldep.com.google.common.base.Preconditions                : loaded 2 times (x 69B)
Class kotlin.jvm.functions.Function1                                                  : loaded 2 times (x 68B)
Class org.jetbrains.kotlin.idea.gradleTooling.AndroidAwareGradleModelProvider         : loaded 2 times (x 74B)
Class org.objectweb.asm.SymbolTable$Entry                                             : loaded 2 times (x 72B)
Class [Lcom.google.common.cache.LocalCache$EntryFactory;                              : loaded 2 times (x 67B)
Class com.google.common.base.CharMatcher$Is                                           : loaded 2 times (x 109B)
Class com.google.common.base.Platform                                                 : loaded 2 times (x 69B)
Class com.google.common.collect.RegularImmutableAsList                                : loaded 2 times (x 176B)
Class com.google.common.collect.PeekingIterator                                       : loaded 2 times (x 68B)
Class org.gradle.internal.time.Time                                                   : loaded 2 times (x 69B)
Class org.gradle.internal.time.TimeSource$1                                           : loaded 2 times (x 75B)
Class org.apache.commons.io.CloseableURLConnection                                    : loaded 2 times (x 115B)
Class org.jetbrains.plugins.gradle.tooling.serialization.RepositoriesModelSerializationService$WriteContext: loaded 2 times (x 70B)
Class kotlin.KotlinNullPointerException                                               : loaded 2 times (x 81B)
Class com.google.common.collect.ImmutableMapEntrySet                                  : loaded 2 times (x 149B)
Class com.google.common.cache.CacheLoader                                             : loaded 2 times (x 72B)
Class org.objectweb.asm.MethodTooLargeException                                       : loaded 2 times (x 81B)
Class org.apache.commons.io.output.NullWriter                                         : loaded 2 times (x 97B)
Class com.google.common.cache.Cache                                                   : loaded 2 times (x 68B)
Class org.gradle.tooling.internal.adapter.ProtocolToModelAdapter$MixInMappingAction   : loaded 2 times (x 78B)
Class org.gradle.internal.classloader.SystemClassLoaderSpec                           : loaded 2 times (x 69B)
Class com.google.common.util.concurrent.internal.InternalFutureFailureAccess          : loaded 2 times (x 70B)
Class org.jetbrains.plugins.gradle.tooling.serialization.AnnotationProcessingModelSerializationService$ReadContext: loaded 2 times (x 70B)
Class com.google.common.collect.SingletonImmutableSet                                 : loaded 2 times (x 144B)
Class [Lcom.google.common.base.AbstractIterator$State;                                : loaded 2 times (x 67B)
Class org.jetbrains.plugins.gradle.tooling.serialization.RepositoriesModelSerializationService: loaded 2 times (x 80B)
Class org.jetbrains.plugins.gradle.tooling.serialization.ProjectDependenciesSerializationService: loaded 2 times (x 75B)
Class org.gradle.tooling.internal.adapter.WeakIdentityHashMap$AbsentValueProvider     : loaded 2 times (x 68B)
Class com.google.common.collect.ImmutableMap$Builder                                  : loaded 2 times (x 80B)
Class org.gradle.tooling.model.Dependency                                             : loaded 2 times (x 68B)
Class com.google.common.base.AbstractIterator                                         : loaded 2 times (x 78B)
Class org.jetbrains.plugins.gradle.tooling.serialization.AnnotationProcessingModelSerializationService: loaded 2 times (x 75B)
Class org.objectweb.asm.ClassWriter                                                   : loaded 2 times (x 104B)
Class com.google.common.collect.Range                                                 : loaded 2 times (x 85B)
Class org.apache.commons.io.IOUtils                                                   : loaded 2 times (x 69B)
Class kotlin.jvm.internal.FunctionBase                                                : loaded 2 times (x 68B)
Class [Lcom.google.common.cache.CacheBuilder$OneWeigher;                              : loaded 2 times (x 67B)
Class kotlin.Function                                                                 : loaded 2 times (x 68B)
Class com.google.common.collect.Iterators                                             : loaded 2 times (x 69B)
Class org.jetbrains.plugins.gradle.tooling.serialization.BuildScriptClasspathModelSerializationService$ReadContext: loaded 2 times (x 70B)
Class com.google.common.base.CharMatcher$1                                            : loaded 2 times (x 111B)
Class com.google.common.cache.LocalCache$ComputingValueReference                      : loaded 2 times (x 94B)
Class org.jetbrains.plugins.gradle.tooling.util.ObjectCollector$Processor             : loaded 2 times (x 68B)
Class org.gradle.util.internal.DefaultGradleVersion                                   : loaded 2 times (x 82B)
Class com.google.common.base.CharMatcher$And                                          : loaded 2 times (x 110B)
Class build_782jvh5doak2ite4e4h9y012e                                                 : loaded 2 times (x 178B)
Class com.google.common.collect.IndexedImmutableSet                                   : loaded 2 times (x 148B)
Class com.google.common.base.ExtraObjectsMethodsForWeb                                : loaded 2 times (x 69B)
Class org.gradle.tooling.internal.adapter.ProtocolToModelAdapter$ViewKey              : loaded 2 times (x 70B)
Class com.google.common.collect.AbstractListMultimap                                  : loaded 2 times (x 170B)
Class org.jetbrains.plugins.gradle.model.MavenRepositoryModel                         : loaded 2 times (x 68B)
Class org.apache.commons.io.output.UnsynchronizedByteArrayOutputStream                : loaded 2 times (x 100B)
Class com.google.common.cache.LocalCache$Strength                                     : loaded 2 times (x 79B)
Class com.google.common.collect.SortedIterable                                        : loaded 2 times (x 68B)
Class com.google.common.collect.ArrayListMultimapGwtSerializationDependencies         : loaded 2 times (x 170B)
Class kotlin.Unit                                                                     : loaded 2 times (x 69B)
Class org.objectweb.asm.Handler                                                       : loaded 2 times (x 70B)
Class org.gradle.api.internal.classpath.GlobalCacheRootsProvider                      : loaded 2 times (x 68B)
Class org.gradle.internal.impldep.gnu.trove.TObjectIntProcedure                       : loaded 2 times (x 68B)
Class org.gradle.tooling.internal.gradle.GradleProjectIdentity                        : loaded 2 times (x 68B)
Class com.google.common.collect.ImmutableList$SubList                                 : loaded 2 times (x 168B)
Class com.google.common.cache.LocalCache$ValueReference                               : loaded 2 times (x 68B)
Class org.gradle.tooling.internal.adapter.MethodInvocation                            : loaded 2 times (x 83B)
Class org.gradle.internal.time.CountdownTimer                                         : loaded 2 times (x 68B)
Class org.gradle.internal.time.Clock                                                  : loaded 2 times (x 68B)
Class org.gradle.internal.classloader.ClasspathUtil                                   : loaded 2 times (x 69B)
Class org.objectweb.asm.CurrentFrame                                                  : loaded 2 times (x 71B)
Class com.google.common.util.concurrent.AbstractFuture                                : loaded 2 times (x 93B)
Class ijInit1_9er5d4emp97zuwg5ti0aen9m0                                               : loaded 2 times (x 177B)
Class org.jetbrains.kotlin.tooling.core.HasMutableExtras                              : loaded 2 times (x 68B)
Class org.gradle.tooling.model.BuildIdentifier                                        : loaded 2 times (x 68B)
Class com.google.common.base.Splitter$1                                               : loaded 2 times (x 75B)
Class com.google.common.base.Ticker$1                                                 : loaded 2 times (x 70B)
Class com.google.common.collect.Maps$BiMapConverter                                   : loaded 2 times (x 88B)
Class org.gradle.api.internal.DefaultClassPathRegistry                                : loaded 2 times (x 74B)
Class com.google.common.util.concurrent.AbstractFuture$Cancellation                   : loaded 2 times (x 70B)
Class [Lorg.objectweb.asm.Symbol;                                                     : loaded 2 times (x 67B)
Class com.google.common.collect.ImmutableSet$SetBuilderImpl                           : loaded 2 times (x 74B)
Class org.gradle.api.internal.classpath.DefaultModuleRegistry$DefaultModule           : loaded 2 times (x 84B)
Class com.google.common.collect.ImmutableMap$1                                        : loaded 2 times (x 79B)
Class org.gradle.tooling.model.build.GradleEnvironment                                : loaded 2 times (x 68B)
Class com.google.common.base.CharMatcher$Or                                           : loaded 2 times (x 110B)
Class org.jetbrains.plugins.gradle.tooling.serialization.ExternalTestsSerializationService$WriteContext: loaded 2 times (x 70B)
Class org.gradle.internal.time.TimeSource                                             : loaded 2 times (x 68B)
Class com.google.common.base.Suppliers$SupplierOfInstance                             : loaded 2 times (x 77B)
Class org.objectweb.asm.RecordComponentVisitor                                        : loaded 2 times (x 75B)
Class com.intellij.util.containers.IntObjectHashMap$ArrayProducer                     : loaded 2 times (x 68B)
Class com.google.common.collect.Iterables                                             : loaded 2 times (x 69B)
Class org.jetbrains.kotlin.android.synthetic.idea.AndroidExtensionsGradleModel        : loaded 2 times (x 68B)
Class [Lcom.intellij.openapi.externalSystem.model.project.dependencies.ResolutionState;: loaded 2 times (x 67B)
Class org.objectweb.asm.ClassTooLargeException                                        : loaded 2 times (x 81B)
Class com.intellij.openapi.externalSystem.model.project.dependencies.ResolutionState  : loaded 2 times (x 77B)
Class org.gradle.api.internal.classpath.UnknownModuleException                        : loaded 2 times (x 80B)
Class com.google.common.util.concurrent.AbstractFuture$Listener                       : loaded 2 times (x 70B)
Class org.apache.commons.io.output.AbstractByteArrayOutputStream                      : loaded 2 times (x 100B)
Class org.objectweb.asm.Edge                                                          : loaded 2 times (x 70B)
Class com.android.ide.gradle.model.GradlePluginModel                                  : loaded 2 times (x 68B)
Class org.objectweb.asm.ModuleVisitor                                                 : loaded 2 times (x 79B)
Class com.google.common.collect.ImmutableCollection$Builder                           : loaded 2 times (x 74B)
Class org.jetbrains.plugins.gradle.model.ProjectImportModelProvider                   : loaded 2 times (x 68B)
Class org.jetbrains.plugins.gradle.tooling.serialization.GradleExtensionsSerializationService: loaded 2 times (x 75B)
Class [Lorg.objectweb.asm.SymbolTable$Entry;                                          : loaded 2 times (x 67B)
Class com.google.common.collect.SingletonImmutableBiMap                               : loaded 2 times (x 141B)
Class com.google.common.base.CommonPattern                                            : loaded 2 times (x 72B)
Class com.google.common.base.Suppliers                                                : loaded 2 times (x 69B)
Class build_782jvh5doak2ite4e4h9y012e$_run_closure1$_closure3                         : loaded 2 times (x 137B)
Class org.jetbrains.plugins.gradle.model.IntelliJProjectSettings                      : loaded 2 times (x 68B)
Class org.objectweb.asm.ClassVisitor                                                  : loaded 2 times (x 86B)
Class com.google.common.cache.LoadingCache                                            : loaded 2 times (x 68B)
Class org.gradle.internal.service.ServiceLookupException                              : loaded 2 times (x 80B)
Class com.google.common.collect.Iterators$MergingIterator                             : loaded 2 times (x 79B)
Class org.jetbrains.kotlin.idea.gradleTooling.model.lombok.LombokModel                : loaded 2 times (x 68B)
Class org.gradle.tooling.model.ProjectIdentifier                                      : loaded 2 times (x 68B)
Class com.google.common.base.CharMatcher$NegatedFastMatcher                           : loaded 2 times (x 111B)
Class [Lorg.gradle.api.internal.ClassPathProvider;                                    : loaded 2 times (x 67B)
Class org.gradle.internal.operations.MultipleBuildOperationFailures                   : loaded 2 times (x 89B)
Class org.gradle.util.internal.GUtil                                                  : loaded 2 times (x 69B)
Class org.gradle.tooling.model.internal.ImmutableDomainObjectSet                      : loaded 2 times (x 153B)
Class sync_studio_tooling1758_cbbolpbntqhuyy4bdwmq95fdz$_run_closure1                 : loaded 2 times (x 137B)
Class org.gradle.tooling.internal.adapter.MethodInvoker                               : loaded 2 times (x 68B)
Class org.jetbrains.plugins.gradle.model.AnnotationProcessingModel                    : loaded 2 times (x 68B)
Class com.google.common.math.IntMath                                                  : loaded 2 times (x 69B)
Class org.jetbrains.plugins.gradle.model.ExternalTask                                 : loaded 2 times (x 68B)
Class org.gradle.tooling.model.HierarchicalElement                                    : loaded 2 times (x 68B)
Class com.google.common.collect.AbstractIterator                                      : loaded 2 times (x 80B)
Class org.jetbrains.plugins.gradle.tooling.serialization.ExternalProjectSerializationService$ReadContext: loaded 2 times (x 72B)
Class org.gradle.internal.classloader.ClassLoaderSpec                                 : loaded 2 times (x 69B)
Class com.google.common.base.NullnessCasts                                            : loaded 2 times (x 69B)
Class org.objectweb.asm.Frame                                                         : loaded 2 times (x 71B)
Class com.google.common.cache.LocalCache$LocalManualCache                             : loaded 2 times (x 97B)
Class com.google.common.collect.AbstractMapEntry                                      : loaded 2 times (x 79B)
Class com.google.common.collect.ImmutableList$Builder                                 : loaded 2 times (x 75B)
Class com.google.common.base.CharMatcher$Negated                                      : loaded 2 times (x 111B)
Class com.google.common.cache.CacheLoader$1                                           : loaded 2 times (x 73B)
Class org.jetbrains.plugins.gradle.model.GradleExtension                              : loaded 2 times (x 68B)
Class org.gradle.tooling.internal.adapter.ProtocolToModelAdapter$AdaptingMethodInvoker: loaded 2 times (x 74B)
Class org.jetbrains.plugins.gradle.tooling.util.IntObjectMap                          : loaded 2 times (x 71B)
Class org.gradle.tooling.model.idea.IdeaModuleDependency                              : loaded 2 times (x 68B)
Class com.google.common.util.concurrent.AbstractFuture$TrustedFuture                  : loaded 2 times (x 95B)
Class org.jetbrains.plugins.gradle.tooling.serialization.RepositoriesModelSerializationService$ReadContext: loaded 2 times (x 70B)
Class org.gradle.internal.classloader.InstrumentingClassLoader                        : loaded 2 times (x 68B)
Class org.jetbrains.plugins.gradle.model.BuildScriptClasspathModel                    : loaded 2 times (x 68B)
Class com.google.common.collect.Sets                                                  : loaded 2 times (x 69B)
Class org.apache.commons.io.output.QueueOutputStream                                  : loaded 2 times (x 85B)
Class com.google.common.collect.ImmutableSet$Builder                                  : loaded 2 times (x 83B)
Class org.gradle.util.GradleVersion                                                   : loaded 2 times (x 81B)
Class com.google.common.base.CharMatcher$ForPredicate                                 : loaded 2 times (x 110B)
Class com.google.common.collect.ImmutableMap$MapViewOfValuesAsSingletonSets           : loaded 2 times (x 123B)
Class org.apache.commons.io.output.StringBuilderWriter                                : loaded 2 times (x 98B)
Class com.google.common.base.MoreObjects                                              : loaded 2 times (x 69B)
Class com.google.common.collect.SortedMapDifference                                   : loaded 2 times (x 68B)
Class org.objectweb.asm.SymbolTable                                                   : loaded 2 times (x 70B)
Class org.gradle.tooling.internal.adapter.ProtocolToModelAdapter$ViewGraphDetails$1   : loaded 2 times (x 75B)
Class [Lorg.objectweb.asm.AnnotationVisitor;                                          : loaded 2 times (x 67B)
Class com.google.common.cache.CacheStats                                              : loaded 2 times (x 69B)
Class org.objectweb.asm.Attribute                                                     : loaded 2 times (x 75B)
Class org.gradle.internal.classloader.VisitableURLClassLoader                         : loaded 2 times (x 115B)
Class com.google.common.cache.LocalCache$LocalLoadingCache                            : loaded 2 times (x 132B)
Class com.google.common.base.Supplier                                                 : loaded 2 times (x 68B)
Class org.jetbrains.plugins.gradle.tooling.serialization.BuildScriptClasspathModelSerializationService: loaded 2 times (x 75B)
Class com.google.common.base.Objects                                                  : loaded 2 times (x 69B)
Class com.google.common.collect.ImmutableBiMap                                        : loaded 2 times (x 141B)
Class org.apache.commons.io.StandardLineSeparator                                     : loaded 2 times (x 77B)
Class build_69lill7znr8hg7c90uo3amkd1                                                 : loaded 2 times (x 178B)
Class org.gradle.internal.installation.GradleInstallation                             : loaded 2 times (x 73B)
Class org.jetbrains.plugins.gradle.model.GradleProperty                               : loaded 2 times (x 68B)
Class build_69lill7znr8hg7c90uo3amkd1$_run_closure1                                   : loaded 2 times (x 137B)
Class org.gradle.api.internal.ClassPathRegistry                                       : loaded 2 times (x 68B)
Class com.google.common.cache.LocalCache$EntryFactory                                 : loaded 2 times (x 81B)
Class com.google.common.util.concurrent.UncheckedExecutionException                   : loaded 2 times (x 80B)
Class com.google.common.collect.ImmutableSet                                          : loaded 2 times (x 143B)
Class org.gradle.internal.classloader.VisitableURLClassLoader$InstrumentingVisitableURLClassLoader: loaded 2 times (x 121B)
Class org.gradle.internal.classloader.ClassLoaderHierarchy                            : loaded 2 times (x 68B)
Class org.jetbrains.plugins.gradle.tooling.serialization.BuildScriptClasspathModelSerializationService$WriteContext: loaded 2 times (x 70B)
Class org.gradle.internal.exceptions.MultiCauseException                              : loaded 2 times (x 68B)
Class org.jetbrains.kotlin.idea.gradleTooling.model.parcelize.ParcelizeGradleModel    : loaded 2 times (x 68B)
Class [Lorg.objectweb.asm.Type;                                                       : loaded 2 times (x 67B)
Class com.google.common.base.AbstractIterator$State                                   : loaded 2 times (x 77B)
Class com.google.common.cache.Weigher                                                 : loaded 2 times (x 68B)
Class com.google.common.base.CharMatcher$NamedFastMatcher                             : loaded 2 times (x 110B)
Class org.gradle.internal.InternalTransformer                                         : loaded 2 times (x 68B)
Class org.apache.commons.io.output.NullOutputStream                                   : loaded 2 times (x 83B)
Class org.jetbrains.kotlin.idea.gradleTooling.model.noarg.NoArgModel                  : loaded 2 times (x 68B)
Class org.jetbrains.kotlin.idea.gradleTooling.KotlinGradleModel                       : loaded 2 times (x 68B)
Class org.gradle.tooling.internal.gradle.DefaultBuildIdentifier                       : loaded 2 times (x 77B)
Class org.gradle.internal.service.ServiceLocator                                      : loaded 2 times (x 68B)
Class org.jetbrains.plugins.gradle.model.ExternalDependency                           : loaded 2 times (x 68B)
Class com.google.common.collect.ImmutableRangeSet$1                                   : loaded 2 times (x 169B)
Class com.google.common.util.concurrent.SettableFuture                                : loaded 2 times (x 95B)
Class org.gradle.internal.impldep.gnu.trove.TObjectHashingStrategy                    : loaded 2 times (x 68B)
Class org.gradle.tooling.internal.adapter.ProtocolToModelAdapter$MethodInvocationCache: loaded 2 times (x 71B)
Class com.google.common.collect.ImmutableMapEntry                                     : loaded 2 times (x 83B)
Class org.jetbrains.kotlin.idea.gradleTooling.model.allopen.AllOpenModel              : loaded 2 times (x 68B)
Class org.jetbrains.plugins.gradle.model.AnnotationProcessingConfig                   : loaded 2 times (x 68B)
Class org.jetbrains.plugins.gradle.tooling.serialization.ExternalTestsSerializationService: loaded 2 times (x 75B)
Class com.google.common.base.Joiner$1                                                 : loaded 2 times (x 78B)
Class org.jetbrains.plugins.gradle.tooling.serialization.ProjectDependenciesSerializationService$WriteContext: loaded 2 times (x 70B)
Class com.google.common.base.Joiner$2                                                 : loaded 2 times (x 77B)
Class org.gradle.tooling.internal.adapter.WeakIdentityHashMap                         : loaded 2 times (x 74B)
Class com.google.common.base.CharMatcher$FastMatcher                                  : loaded 2 times (x 109B)
Class org.gradle.internal.classpath.DefaultClassPath$ImmutableUniqueList              : loaded 2 times (x 159B)
Class org.gradle.internal.time.DefaultTimer                                           : loaded 2 times (x 78B)
Class com.intellij.util.ThrowableConsumer                                             : loaded 2 times (x 68B)
Class org.gradle.internal.classpath.TransformedClassPath                              : loaded 2 times (x 94B)
Class com.google.common.collect.MapDifference                                         : loaded 2 times (x 68B)
Class org.jetbrains.plugins.gradle.tooling.serialization.ExternalProjectSerializationService$WriteContext: loaded 2 times (x 72B)
Class org.jetbrains.kotlin.tooling.core.HasExtras                                     : loaded 2 times (x 68B)
Class com.google.common.collect.Sets$1                                                : loaded 2 times (x 137B)
Class com.google.common.collect.Sets$2                                                : loaded 2 times (x 137B)
Class com.google.common.util.concurrent.AbstractFuture$Trusted                        : loaded 2 times (x 68B)
Class org.gradle.tooling.internal.adapter.ProtocolToModelAdapter$InvocationHandlerImpl: loaded 2 times (x 75B)
Class com.google.common.collect.Sets$3                                                : loaded 2 times (x 137B)
Class com.google.common.collect.Sets$4                                                : loaded 2 times (x 137B)
Class org.jetbrains.plugins.gradle.tooling.serialization.AnnotationProcessingModelSerializationService$WriteContext: loaded 2 times (x 70B)
Class org.jetbrains.plugins.gradle.tooling.serialization.internal.IdeaProjectSerializationService$ReadContext: loaded 2 times (x 70B)
Class org.objectweb.asm.MethodWriter                                                  : loaded 2 times (x 104B)
Class org.gradle.tooling.internal.adapter.ProtocolToModelAdapter$ViewDecoration       : loaded 2 times (x 68B)
Class com.google.common.collect.Platform                                              : loaded 2 times (x 69B)
Class com.google.common.collect.ImmutableAsList                                       : loaded 2 times (x 169B)
Class com.google.common.util.concurrent.ExecutionError                                : loaded 2 times (x 80B)
Class com.google.common.base.Equivalence$Identity                                     : loaded 2 times (x 80B)
Class com.google.common.base.CharMatcher$AnyOf                                        : loaded 2 times (x 110B)
Class com.google.common.base.CharMatcher$IsEither                                     : loaded 2 times (x 109B)
Class com.google.common.cache.LocalCache                                              : loaded 2 times (x 185B)
Class com.google.common.collect.ImmutableRangeSet$Builder                             : loaded 2 times (x 75B)
Class com.google.common.collect.RegularImmutableList                                  : loaded 2 times (x 172B)
Class org.gradle.internal.impldep.gnu.trove.TObjectCanonicalHashingStrategy           : loaded 2 times (x 78B)
Class org.jetbrains.plugins.gradle.tooling.util.IntObjectMap$ObjectFactory            : loaded 2 times (x 68B)
Class com.google.common.collect.Multiset                                              : loaded 2 times (x 68B)
Class com.google.common.collect.ImmutableSet$CachingAsList                            : loaded 2 times (x 145B)
Class org.jetbrains.plugins.gradle.tooling.util.IntObjectMap$1                        : loaded 2 times (x 75B)
Class org.gradle.tooling.internal.adapter.ProtocolToModelAdapter$ViewGraphDetails     : loaded 2 times (x 70B)
Class org.objectweb.asm.MethodVisitor                                                 : loaded 2 times (x 103B)
Class com.google.common.collect.ImmutableMapEntry$NonTerminalImmutableMapEntry        : loaded 2 times (x 83B)
Class com.google.common.collect.AbstractMapBasedMultimap                              : loaded 2 times (x 137B)
Class org.gradle.internal.impldep.gnu.trove.Equality                                  : loaded 2 times (x 68B)


---------------  S Y S T E M  ---------------

OS:
 Windows 10 , 64 bit Build 19041 (10.0.19041.5915)
OS uptime: 0 days 18:24 hours

CPU: total 8 (initial active 8) (4 cores per cpu, 2 threads per core) family 6 model 70 stepping 1 microcode 0x1c, cx8, cmov, fxsr, ht, mmx, sse, sse2, sse3, ssse3, sse4.1, sse4.2, popcnt, lzcnt, tsc, tscinvbit, avx, avx2, aes, erms, clmul, bmi1, bmi2, fma, vzeroupper, clflush
Processor Information for all 8 processors :
  Max Mhz: 2301, Current Mhz: 2301, Mhz Limit: 2301

Memory: 4k page, system-wide physical 16292M (4350M free)
TotalPageFile size 18173M (AvailPageFile size 171M)
current process WorkingSet (physical memory assigned to process): 559M, peak: 565M
current process commit charge ("private bytes"): 602M, peak: 855M

vm_info: OpenJDK 64-Bit Server VM (17.0.9+0--11185874) for windows-amd64 JRE (17.0.9+0--11185874), built on Dec  6 2023 18:57:44 by "androidbuild" with MS VC++ 16.10 / 16.11 (VS2019)

END.
