#
# There is insufficient memory for the Java Runtime Environment to continue.
# Native memory allocation (malloc) failed to allocate 2025952 bytes for Chunk::new
# Possible reasons:
#   The system is out of physical RAM or swap space
#   The process is running with CompressedOops enabled, and the Java Heap may be blocking the growth of the native heap
# Possible solutions:
#   Reduce memory load on the system
#   Increase physical memory or swap space
#   Check if swap backing store is full
#   Decrease Java heap size (-Xmx/-Xms)
#   Decrease number of Java threads
#   Decrease Java thread stack sizes (-Xss)
#   Set larger code cache with -XX:ReservedCodeCacheSize=
#   JVM is running with Zero Based Compressed Oops mode in which the Java heap is
#     placed in the first 32GB address space. The Java Heap base address is the
#     maximum limit for the native heap growth. Please use -XX:HeapBaseMinAddress
#     to set the Java Heap base and to place the Java Heap above 32GB virtual address.
# This output file may be truncated or incomplete.
#
#  Out of Memory Error (arena.cpp:191), pid=3292, tid=5220
#
# JRE version: OpenJDK Runtime Environment (17.0.9) (build 17.0.9+0--11185874)
# Java VM: OpenJDK 64-Bit Server VM (17.0.9+0--11185874, mixed mode, tiered, compressed oops, compressed class ptrs, g1 gc, windows-amd64)
# No core dump will be written. Minidumps are not enabled by default on client versions of Windows
#

---------------  S U M M A R Y ------------

Command Line: --add-opens=java.base/java.lang=ALL-UNNAMED --add-opens=java.base/java.lang.invoke=ALL-UNNAMED --add-opens=java.base/java.util=ALL-UNNAMED --add-opens=java.prefs/java.util.prefs=ALL-UNNAMED --add-exports=jdk.compiler/com.sun.tools.javac.api=ALL-UNNAMED --add-exports=jdk.compiler/com.sun.tools.javac.util=ALL-UNNAMED --add-opens=java.base/java.util=ALL-UNNAMED --add-opens=java.prefs/java.util.prefs=ALL-UNNAMED --add-opens=java.base/java.nio.charset=ALL-UNNAMED --add-opens=java.base/java.net=ALL-UNNAMED --add-opens=java.base/java.util.concurrent.atomic=ALL-UNNAMED --add-opens=java.xml/javax.xml.namespace=ALL-UNNAMED -Xmx4096m -Dfile.encoding=windows-1252 -Duser.country=AU -Duser.language=en -Duser.variant -javaagent:C:\Users\a\.gradle\wrapper\dists\gradle-8.14.3-bin\40dfek2kz346l18gf9ltjsnyd\gradle-8.14.3\lib\agents\gradle-instrumentation-agent-8.14.3.jar org.gradle.launcher.daemon.bootstrap.GradleDaemon 8.14.3

Host: Intel(R) Core(TM) i7-4850HQ CPU @ 2.30GHz, 8 cores, 15G,  Windows 10 , 64 bit Build 19041 (10.0.19041.5915)
Time: Mon Aug 31 17:19:11 2026 China Standard Time elapsed time: 20.021072 seconds (0d 0h 0m 20s)

---------------  T H R E A D  ---------------

Current thread (0x000001b3cb75d830):  JavaThread "C2 CompilerThread2" daemon [_thread_in_native, id=5220, stack(0x00000023fa900000,0x00000023faa00000)]


Current CompileTask:
C2:  20021 15712       4       org.gradle.api.internal.provider.DefaultValueSourceProviderFactory$ValueSourceProvider::calculateOwnValue (11 bytes)

Stack: [0x00000023fa900000,0x00000023faa00000]
Native frames: (J=compiled Java code, j=interpreted, Vv=VM code, C=native code)
V  [jvm.dll+0x6886e9]
V  [jvm.dll+0x841e4a]
V  [jvm.dll+0x843a8e]
V  [jvm.dll+0x8440f3]
V  [jvm.dll+0x24c14f]
V  [jvm.dll+0xac44c]
V  [jvm.dll+0xaca9c]
V  [jvm.dll+0x36c1f7]
V  [jvm.dll+0x33651a]
V  [jvm.dll+0x3359ba]
V  [jvm.dll+0x21ddb1]
V  [jvm.dll+0x21d1d1]
V  [jvm.dll+0x1a674d]
V  [jvm.dll+0x22d088]
V  [jvm.dll+0x22b1c0]
V  [jvm.dll+0x7f62f7]
V  [jvm.dll+0x7f06aa]
V  [jvm.dll+0x687565]
C  [ucrtbase.dll+0x21bb2]
C  [KERNEL32.DLL+0x17374]
C  [ntdll.dll+0x4cc91]


---------------  P R O C E S S  ---------------

Threads class SMR info:
_java_thread_list=0x000001b3ca08c880, length=104, elements={
0x000001b3a0ef77e0, 0x000001b3c1abe260, 0x000001b3c1abeff0, 0x000001b3c1aeb920,
0x000001b3c1aee200, 0x000001b3c1af0ae0, 0x000001b3c1af13b0, 0x000001b3c1af2a90,
0x000001b3c1b105d0, 0x000001b3c1b140f0, 0x000001b3c1bc3890, 0x000001b3c1ddd2f0,
0x000001b3c7ad2ea0, 0x000001b3c7cd7340, 0x000001b3c7c514f0, 0x000001b3c7b54050,
0x000001b3c80ad5b0, 0x000001b3c80adfd0, 0x000001b3c80ae4e0, 0x000001b3c80adac0,
0x000001b3c80ae9f0, 0x000001b3c80af410, 0x000001b3c80aef00, 0x000001b3c80abc60,
0x000001b3c80ac680, 0x000001b3ca8302e0, 0x000001b3ca82d040, 0x000001b3ca82c620,
0x000001b3ca82e990, 0x000001b3ca82df70, 0x000001b3ca833580, 0x000001b3ca82d550,
0x000001b3ca82e480, 0x000001b3ca831c30, 0x000001b3ca82eea0, 0x000001b3ca82f3b0,
0x000001b3ca831720, 0x000001b3ca8307f0, 0x000001b3ca82da60, 0x000001b3ca833070,
0x000001b3ca833fa0, 0x000001b3ca832140, 0x000001b3ca832650, 0x000001b3ca832b60,
0x000001b3ca833a90, 0x000001b3ca82cb30, 0x000001b3c80ac170, 0x000001b3cca0be50,
0x000001b3cca0c870, 0x000001b3cca090c0, 0x000001b3cca05e20, 0x000001b3cca0b430,
0x000001b3cca0cd80, 0x000001b3cca0c360, 0x000001b3cca06330, 0x000001b3cca05910,
0x000001b3cca07c80, 0x000001b3cca095d0, 0x000001b3cca0d290, 0x000001b3cca06840,
0x000001b3cca08bb0, 0x000001b3cca0aa10, 0x000001b3cca086a0, 0x000001b3cca08190,
0x000001b3cca06d50, 0x000001b3cca09ae0, 0x000001b3cca07260, 0x000001b3cca07770,
0x000001b3cca09ff0, 0x000001b3cca0a500, 0x000001b3cca0af20, 0x000001b3cca0b940,
0x000001b3ca912570, 0x000001b3ca9143d0, 0x000001b3ca915300, 0x000001b3ca916740,
0x000001b3ca918ab0, 0x000001b3ca917160, 0x000001b3ca916c50, 0x000001b3ca914df0,
0x000001b3ca912a80, 0x000001b3ca9194d0, 0x000001b3c86b3f20, 0x000001b3c86b5360,
0x000001b3c86b9020, 0x000001b3c86b67a0, 0x000001b3c86b2ae0, 0x000001b3c86b9f50,
0x000001b3c86b6cb0, 0x000001b3c86b71c0, 0x000001b3c86b4e50, 0x000001b3c86b7be0,
0x000001b3c86b4940, 0x000001b3cb75b850, 0x000001b3cb75d830, 0x000001b3ca917b80,
0x000001b3c7082510, 0x000001b3c7089470, 0x000001b3c7085cc0, 0x000001b3c70852a0,
0x000001b3c7088f60, 0x000001b3c7083440, 0x000001b3c7082a20, 0x000001b3c7083950
}

Java Threads: ( => current thread )
  0x000001b3a0ef77e0 JavaThread "main" [_thread_blocked, id=8144, stack(0x00000023f8000000,0x00000023f8100000)]
  0x000001b3c1abe260 JavaThread "Reference Handler" daemon [_thread_blocked, id=15236, stack(0x00000023f8700000,0x00000023f8800000)]
  0x000001b3c1abeff0 JavaThread "Finalizer" daemon [_thread_blocked, id=16848, stack(0x00000023f8800000,0x00000023f8900000)]
  0x000001b3c1aeb920 JavaThread "Signal Dispatcher" daemon [_thread_blocked, id=9636, stack(0x00000023f8900000,0x00000023f8a00000)]
  0x000001b3c1aee200 JavaThread "Attach Listener" daemon [_thread_blocked, id=3300, stack(0x00000023f8a00000,0x00000023f8b00000)]
  0x000001b3c1af0ae0 JavaThread "Service Thread" daemon [_thread_blocked, id=6752, stack(0x00000023f8b00000,0x00000023f8c00000)]
  0x000001b3c1af13b0 JavaThread "Monitor Deflation Thread" daemon [_thread_blocked, id=5000, stack(0x00000023f8c00000,0x00000023f8d00000)]
  0x000001b3c1af2a90 JavaThread "C2 CompilerThread0" daemon [_thread_in_native, id=2364, stack(0x00000023f8d00000,0x00000023f8e00000)]
  0x000001b3c1b105d0 JavaThread "C1 CompilerThread0" daemon [_thread_in_native, id=16416, stack(0x00000023f8e00000,0x00000023f8f00000)]
  0x000001b3c1b140f0 JavaThread "Sweeper thread" daemon [_thread_blocked, id=7632, stack(0x00000023f8f00000,0x00000023f9000000)]
  0x000001b3c1bc3890 JavaThread "Common-Cleaner" daemon [_thread_blocked, id=21108, stack(0x00000023f9000000,0x00000023f9100000)]
  0x000001b3c1ddd2f0 JavaThread "Notification Thread" daemon [_thread_blocked, id=21188, stack(0x00000023f9100000,0x00000023f9200000)]
  0x000001b3c7ad2ea0 JavaThread "Daemon health stats" [_thread_blocked, id=15624, stack(0x00000023f9a00000,0x00000023f9b00000)]
  0x000001b3c7cd7340 JavaThread "Incoming local TCP Connector on port 34287" [_thread_in_native, id=21204, stack(0x00000023f9400000,0x00000023f9500000)]
  0x000001b3c7c514f0 JavaThread "Daemon periodic checks" [_thread_blocked, id=18456, stack(0x00000023f9b00000,0x00000023f9c00000)]
  0x000001b3c7b54050 JavaThread "Daemon" [_thread_blocked, id=20076, stack(0x00000023f9c00000,0x00000023f9d00000)]
  0x000001b3c80ad5b0 JavaThread "Handler for socket connection from /127.0.0.1:34287 to /127.0.0.1:34288" [_thread_in_native, id=15444, stack(0x00000023f9d00000,0x00000023f9e00000)]
  0x000001b3c80adfd0 JavaThread "Cancel handler" [_thread_blocked, id=18724, stack(0x00000023f9e00000,0x00000023f9f00000)]
  0x000001b3c80ae4e0 JavaThread "Daemon worker" [_thread_in_Java, id=9696, stack(0x00000023f9f00000,0x00000023fa000000)]
  0x000001b3c80adac0 JavaThread "Asynchronous log dispatcher for DefaultDaemonConnection: socket connection from /127.0.0.1:34287 to /127.0.0.1:34288" [_thread_blocked, id=20604, stack(0x00000023fa000000,0x00000023fa100000)]
  0x000001b3c80ae9f0 JavaThread "Stdin handler" [_thread_blocked, id=19484, stack(0x00000023fa100000,0x00000023fa200000)]
  0x000001b3c80af410 JavaThread "Daemon client event forwarder" [_thread_blocked, id=16540, stack(0x00000023fa200000,0x00000023fa300000)]
  0x000001b3c80aef00 JavaThread "Cache worker for journal cache (C:\Users\a\.gradle\caches\journal-1)" [_thread_blocked, id=2908, stack(0x00000023fa600000,0x00000023fa700000)]
  0x000001b3c80abc60 JavaThread "File lock request listener" [_thread_in_native, id=16584, stack(0x00000023fa700000,0x00000023fa800000)]
  0x000001b3c80ac680 JavaThread "Cache worker for file hash cache (C:\Users\a\.gradle\caches\8.14.3\fileHashes)" [_thread_blocked, id=1672, stack(0x00000023fa800000,0x00000023fa900000)]
  0x000001b3ca8302e0 JavaThread "Cache worker for file hash cache (C:\Users\a\Documents\Android-SDK@4.87.82540_20251128\UniPlugin-Hello-AS - Copy\.gradle\8.14.3\fileHashes)" [_thread_blocked, id=11712, stack(0x00000023faa00000,0x00000023fab00000)]
  0x000001b3ca82d040 JavaThread "Cache worker for Build Output Cleanup Cache (C:\Users\a\Documents\Android-SDK@4.87.82540_20251128\UniPlugin-Hello-AS - Copy\.gradle\buildOutputCleanup)" [_thread_blocked, id=11216, stack(0x00000023fab00000,0x00000023fac00000)]
  0x000001b3ca82c620 JavaThread "File watcher server" daemon [_thread_in_native, id=21460, stack(0x00000023fac00000,0x00000023fad00000)]
  0x000001b3ca82e990 JavaThread "File watcher consumer" daemon [_thread_blocked, id=18668, stack(0x00000023fad00000,0x00000023fae00000)]
  0x000001b3ca82df70 JavaThread "jar transforms" [_thread_blocked, id=2076, stack(0x00000023fae00000,0x00000023faf00000)]
  0x000001b3ca833580 JavaThread "jar transforms Thread 2" [_thread_blocked, id=16020, stack(0x00000023faf00000,0x00000023fb000000)]
  0x000001b3ca82d550 JavaThread "jar transforms Thread 3" [_thread_blocked, id=11480, stack(0x00000023fb000000,0x00000023fb100000)]
  0x000001b3ca82e480 JavaThread "jar transforms Thread 4" [_thread_blocked, id=20960, stack(0x00000023fb100000,0x00000023fb200000)]
  0x000001b3ca831c30 JavaThread "jar transforms Thread 5" [_thread_blocked, id=18436, stack(0x00000023fb200000,0x00000023fb300000)]
  0x000001b3ca82eea0 JavaThread "jar transforms Thread 6" [_thread_blocked, id=20212, stack(0x00000023fb300000,0x00000023fb400000)]
  0x000001b3ca82f3b0 JavaThread "jar transforms Thread 7" [_thread_blocked, id=2956, stack(0x00000023fb400000,0x00000023fb500000)]
  0x000001b3ca831720 JavaThread "jar transforms Thread 8" [_thread_blocked, id=1984, stack(0x00000023fb500000,0x00000023fb600000)]
  0x000001b3ca8307f0 JavaThread "Cache worker for checksums cache (C:\Users\a\Documents\Android-SDK@4.87.82540_20251128\UniPlugin-Hello-AS - Copy\.gradle\8.14.3\checksums)" [_thread_blocked, id=16132, stack(0x00000023fb600000,0x00000023fb700000)]
  0x000001b3ca82da60 JavaThread "Cache worker for file content cache (C:\Users\a\.gradle\caches\8.14.3\fileContent)" [_thread_blocked, id=18152, stack(0x00000023fb700000,0x00000023fb800000)]
  0x000001b3ca833070 JavaThread "Cache worker for cache directory md-supplier (C:\Users\a\.gradle\caches\8.14.3\md-supplier)" [_thread_blocked, id=19980, stack(0x00000023fb800000,0x00000023fb900000)]
  0x000001b3ca833fa0 JavaThread "Cache worker for cache directory md-rule (C:\Users\a\.gradle\caches\8.14.3\md-rule)" [_thread_blocked, id=16612, stack(0x00000023fb900000,0x00000023fba00000)]
  0x000001b3ca832140 JavaThread "Unconstrained build operations" [_thread_blocked, id=19632, stack(0x00000023fba00000,0x00000023fbb00000)]
  0x000001b3ca832650 JavaThread "Unconstrained build operations Thread 2" [_thread_blocked, id=19892, stack(0x00000023fbb00000,0x00000023fbc00000)]
  0x000001b3ca832b60 JavaThread "Unconstrained build operations Thread 3" [_thread_blocked, id=2372, stack(0x00000023fbc00000,0x00000023fbd00000)]
  0x000001b3ca833a90 JavaThread "Unconstrained build operations Thread 4" [_thread_blocked, id=20516, stack(0x00000023fbd00000,0x00000023fbe00000)]
  0x000001b3ca82cb30 JavaThread "Unconstrained build operations Thread 5" [_thread_blocked, id=3416, stack(0x00000023fbe00000,0x00000023fbf00000)]
  0x000001b3c80ac170 JavaThread "Unconstrained build operations Thread 6" [_thread_blocked, id=20096, stack(0x00000023fbf00000,0x00000023fc000000)]
  0x000001b3cca0be50 JavaThread "Unconstrained build operations Thread 7" [_thread_blocked, id=18592, stack(0x00000023fc000000,0x00000023fc100000)]
  0x000001b3cca0c870 JavaThread "Unconstrained build operations Thread 8" [_thread_blocked, id=20496, stack(0x00000023fc100000,0x00000023fc200000)]
  0x000001b3cca090c0 JavaThread "Unconstrained build operations Thread 9" [_thread_blocked, id=21164, stack(0x00000023fc200000,0x00000023fc300000)]
  0x000001b3cca05e20 JavaThread "Unconstrained build operations Thread 10" [_thread_blocked, id=19724, stack(0x00000023fc300000,0x00000023fc400000)]
  0x000001b3cca0b430 JavaThread "Unconstrained build operations Thread 11" [_thread_blocked, id=18376, stack(0x00000023fc400000,0x00000023fc500000)]
  0x000001b3cca0cd80 JavaThread "Unconstrained build operations Thread 12" [_thread_blocked, id=17436, stack(0x00000023fc500000,0x00000023fc600000)]
  0x000001b3cca0c360 JavaThread "Unconstrained build operations Thread 13" [_thread_blocked, id=19876, stack(0x00000023fc600000,0x00000023fc700000)]
  0x000001b3cca06330 JavaThread "Unconstrained build operations Thread 14" [_thread_blocked, id=20588, stack(0x00000023fc700000,0x00000023fc800000)]
  0x000001b3cca05910 JavaThread "Unconstrained build operations Thread 15" [_thread_blocked, id=20888, stack(0x00000023fc800000,0x00000023fc900000)]
  0x000001b3cca07c80 JavaThread "Unconstrained build operations Thread 16" [_thread_blocked, id=19672, stack(0x00000023fc900000,0x00000023fca00000)]
  0x000001b3cca095d0 JavaThread "Unconstrained build operations Thread 17" [_thread_blocked, id=13920, stack(0x00000023fca00000,0x00000023fcb00000)]
  0x000001b3cca0d290 JavaThread "Unconstrained build operations Thread 18" [_thread_blocked, id=19964, stack(0x00000023fcb00000,0x00000023fcc00000)]
  0x000001b3cca06840 JavaThread "Problems report writer" [_thread_blocked, id=3808, stack(0x00000023fcc00000,0x00000023fcd00000)]
  0x000001b3cca08bb0 JavaThread "Unconstrained build operations Thread 19" [_thread_blocked, id=20348, stack(0x00000023fcd00000,0x00000023fce00000)]
  0x000001b3cca0aa10 JavaThread "Unconstrained build operations Thread 20" [_thread_blocked, id=5368, stack(0x00000023fce00000,0x00000023fcf00000)]
  0x000001b3cca086a0 JavaThread "Unconstrained build operations Thread 21" [_thread_blocked, id=19424, stack(0x00000023fcf00000,0x00000023fd000000)]
  0x000001b3cca08190 JavaThread "Unconstrained build operations Thread 22" [_thread_blocked, id=20056, stack(0x00000023fd000000,0x00000023fd100000)]
  0x000001b3cca06d50 JavaThread "Unconstrained build operations Thread 23" [_thread_blocked, id=14496, stack(0x00000023fd100000,0x00000023fd200000)]
  0x000001b3cca09ae0 JavaThread "Unconstrained build operations Thread 24" [_thread_blocked, id=18288, stack(0x00000023fd200000,0x00000023fd300000)]
  0x000001b3cca07260 JavaThread "Unconstrained build operations Thread 25" [_thread_blocked, id=7340, stack(0x00000023fd300000,0x00000023fd400000)]
  0x000001b3cca07770 JavaThread "Unconstrained build operations Thread 26" [_thread_blocked, id=18824, stack(0x00000023fd400000,0x00000023fd500000)]
  0x000001b3cca09ff0 JavaThread "Unconstrained build operations Thread 27" [_thread_blocked, id=19792, stack(0x00000023fd500000,0x00000023fd600000)]
  0x000001b3cca0a500 JavaThread "Unconstrained build operations Thread 28" [_thread_blocked, id=4648, stack(0x00000023fd600000,0x00000023fd700000)]
  0x000001b3cca0af20 JavaThread "Unconstrained build operations Thread 29" [_thread_blocked, id=17860, stack(0x00000023fd700000,0x00000023fd800000)]
  0x000001b3cca0b940 JavaThread "Unconstrained build operations Thread 30" [_thread_blocked, id=20760, stack(0x00000023fd800000,0x00000023fd900000)]
  0x000001b3ca912570 JavaThread "Unconstrained build operations Thread 31" [_thread_blocked, id=16996, stack(0x00000023fd900000,0x00000023fda00000)]
  0x000001b3ca9143d0 JavaThread "Unconstrained build operations Thread 32" [_thread_blocked, id=3736, stack(0x00000023fda00000,0x00000023fdb00000)]
  0x000001b3ca915300 JavaThread "Unconstrained build operations Thread 33" [_thread_blocked, id=17856, stack(0x00000023fdb00000,0x00000023fdc00000)]
  0x000001b3ca916740 JavaThread "Unconstrained build operations Thread 34" [_thread_blocked, id=13732, stack(0x00000023fdc00000,0x00000023fdd00000)]
  0x000001b3ca918ab0 JavaThread "Unconstrained build operations Thread 35" [_thread_blocked, id=8152, stack(0x00000023fdd00000,0x00000023fde00000)]
  0x000001b3ca917160 JavaThread "Unconstrained build operations Thread 36" [_thread_blocked, id=4700, stack(0x00000023fde00000,0x00000023fdf00000)]
  0x000001b3ca916c50 JavaThread "Unconstrained build operations Thread 37" [_thread_blocked, id=14432, stack(0x00000023fdf00000,0x00000023fe000000)]
  0x000001b3ca914df0 JavaThread "Unconstrained build operations Thread 38" [_thread_blocked, id=19008, stack(0x00000023fe000000,0x00000023fe100000)]
  0x000001b3ca912a80 JavaThread "Unconstrained build operations Thread 39" [_thread_blocked, id=21196, stack(0x00000023fe100000,0x00000023fe200000)]
  0x000001b3ca9194d0 JavaThread "Memory manager" [_thread_blocked, id=20000, stack(0x00000023fe200000,0x00000023fe300000)]
  0x000001b3c86b3f20 JavaThread "included builds" [_thread_blocked, id=20456, stack(0x00000023fe300000,0x00000023fe400000)]
  0x000001b3c86b5360 JavaThread "Execution worker" [_thread_blocked, id=15556, stack(0x00000023fe400000,0x00000023fe500000)]
  0x000001b3c86b9020 JavaThread "Execution worker Thread 2" [_thread_blocked, id=20596, stack(0x00000023fe500000,0x00000023fe600000)]
  0x000001b3c86b67a0 JavaThread "Execution worker Thread 3" [_thread_blocked, id=5956, stack(0x00000023fe600000,0x00000023fe700000)]
  0x000001b3c86b2ae0 JavaThread "Execution worker Thread 4" [_thread_blocked, id=9684, stack(0x00000023fe700000,0x00000023fe800000)]
  0x000001b3c86b9f50 JavaThread "Execution worker Thread 5" [_thread_blocked, id=1028, stack(0x00000023fe800000,0x00000023fe900000)]
  0x000001b3c86b6cb0 JavaThread "Execution worker Thread 6" [_thread_blocked, id=1144, stack(0x00000023fe900000,0x00000023fea00000)]
  0x000001b3c86b71c0 JavaThread "Execution worker Thread 7" [_thread_blocked, id=2400, stack(0x00000023fea00000,0x00000023feb00000)]
  0x000001b3c86b4e50 JavaThread "Cache worker for execution history cache (C:\Users\a\Documents\Android-SDK@4.87.82540_20251128\UniPlugin-Hello-AS - Copy\.gradle\8.14.3\executionHistory)" [_thread_blocked, id=20544, stack(0x00000023feb00000,0x00000023fec00000)]
  0x000001b3c86b7be0 JavaThread "idea-tooling-model-converter" [_thread_blocked, id=20412, stack(0x00000023fec00000,0x00000023fed00000)]
  0x000001b3c86b4940 JavaThread "Unconstrained build operations Thread 40" [_thread_blocked, id=19448, stack(0x00000023fed00000,0x00000023fee00000)]
  0x000001b3cb75b850 JavaThread "C2 CompilerThread1" daemon [_thread_in_native, id=18348, stack(0x00000023f9300000,0x00000023f9400000)]
=>0x000001b3cb75d830 JavaThread "C2 CompilerThread2" daemon [_thread_in_native, id=5220, stack(0x00000023fa900000,0x00000023faa00000)]
  0x000001b3ca917b80 JavaThread "Unconstrained build operations Thread 41" [_thread_blocked, id=20912, stack(0x00000023fee00000,0x00000023fef00000)]
  0x000001b3c7082510 JavaThread "Unconstrained build operations Thread 42" [_thread_blocked, id=17908, stack(0x00000023fef00000,0x00000023ff000000)]
  0x000001b3c7089470 JavaThread "Unconstrained build operations Thread 43" [_thread_blocked, id=3496, stack(0x00000023ff000000,0x00000023ff100000)]
  0x000001b3c7085cc0 JavaThread "Unconstrained build operations Thread 44" [_thread_blocked, id=19736, stack(0x00000023ff100000,0x00000023ff200000)]
  0x000001b3c70852a0 JavaThread "Unconstrained build operations Thread 45" [_thread_blocked, id=19636, stack(0x00000023ff200000,0x00000023ff300000)]
  0x000001b3c7088f60 JavaThread "Unconstrained build operations Thread 46" [_thread_blocked, id=19688, stack(0x00000023ff300000,0x00000023ff400000)]
  0x000001b3c7083440 JavaThread "Unconstrained build operations Thread 47" [_thread_blocked, id=14772, stack(0x00000023ff400000,0x00000023ff500000)]
  0x000001b3c7082a20 JavaThread "Unconstrained build operations Thread 48" [_thread_blocked, id=4320, stack(0x00000023ff500000,0x00000023ff600000)]
  0x000001b3c7083950 JavaThread "Unconstrained build operations Thread 49" [_thread_blocked, id=17248, stack(0x00000023ff600000,0x00000023ff700000)]

Other Threads:
  0x000001b3c1a9b360 VMThread "VM Thread" [stack: 0x00000023f8600000,0x00000023f8700000] [id=20216]
  0x000001b3c1d97440 WatcherThread [stack: 0x00000023f9200000,0x00000023f9300000] [id=10208]
  0x000001b3a0f5f870 GCTaskThread "GC Thread#0" [stack: 0x00000023f8100000,0x00000023f8200000] [id=19748]
  0x000001b3c65e0960 GCTaskThread "GC Thread#1" [stack: 0x00000023f9500000,0x00000023f9600000] [id=9836]
  0x000001b3c6448930 GCTaskThread "GC Thread#2" [stack: 0x00000023f9600000,0x00000023f9700000] [id=7512]
  0x000001b3c63eb3a0 GCTaskThread "GC Thread#3" [stack: 0x00000023f9700000,0x00000023f9800000] [id=15924]
  0x000001b3c60a2f80 GCTaskThread "GC Thread#4" [stack: 0x00000023f9800000,0x00000023f9900000] [id=17504]
  0x000001b3c60a3240 GCTaskThread "GC Thread#5" [stack: 0x00000023f9900000,0x00000023f9a00000] [id=19252]
  0x000001b3c7e01940 GCTaskThread "GC Thread#6" [stack: 0x00000023fa300000,0x00000023fa400000] [id=20508]
  0x000001b3c7e0fcb0 GCTaskThread "GC Thread#7" [stack: 0x00000023fa400000,0x00000023fa500000] [id=4876]
  0x000001b3a0f716e0 ConcurrentGCThread "G1 Main Marker" [stack: 0x00000023f8200000,0x00000023f8300000] [id=624]
  0x000001b3a0f727b0 ConcurrentGCThread "G1 Conc#0" [stack: 0x00000023f8300000,0x00000023f8400000] [id=20252]
  0x000001b3c7dda4e0 ConcurrentGCThread "G1 Conc#1" [stack: 0x00000023fa500000,0x00000023fa600000] [id=5440]
  0x000001b3a0fadd10 ConcurrentGCThread "G1 Refine#0" [stack: 0x00000023f8400000,0x00000023f8500000] [id=21116]
  0x000001b3a0fae650 ConcurrentGCThread "G1 Service" [stack: 0x00000023f8500000,0x00000023f8600000] [id=19840]

Threads with active compile tasks:
C2 CompilerThread0    20042 15733       4       org.gradle.api.internal.DefaultCollectionCallbackActionDecorator$BuildOperationEmittingAction::execute (26 bytes)
C1 CompilerThread0    20042 15938       3       org.gradle.api.internal.artifacts.DefaultComponentSelectorConverter::getModule (32 bytes)
C2 CompilerThread1    20042 15774       4       java.lang.Integer::parseInt (7 bytes)
C2 CompilerThread2    20042 15712       4       org.gradle.api.internal.provider.DefaultValueSourceProviderFactory$ValueSourceProvider::calculateOwnValue (11 bytes)

VM state: not at safepoint (normal execution)

VM Mutex/Monitor currently owned by a thread: None

Heap address: 0x0000000700000000, size: 4096 MB, Compressed Oops mode: Zero based, Oop shift amount: 3

CDS archive(s) not mapped
Compressed class space mapped at: 0x0000000800000000-0x0000000840000000, reserved size: 1073741824
Narrow klass base: 0x0000000800000000, Narrow klass shift: 0, Narrow klass range: 0x40000000

GC Precious Log:
 CPUs: 8 total, 8 available
 Memory: 16292M
 Large Page Support: Disabled
 NUMA Support: Disabled
 Compressed Oops: Enabled (Zero based)
 Heap Region Size: 2M
 Heap Min Capacity: 8M
 Heap Initial Capacity: 256M
 Heap Max Capacity: 4G
 Pre-touch: Disabled
 Parallel Workers: 8
 Concurrent Workers: 2
 Concurrent Refinement Workers: 8
 Periodic GC: Disabled

Heap:
 garbage-first heap   total 350208K, used 263365K [0x0000000700000000, 0x0000000800000000)
  region size 2048K, 45 young (92160K), 6 survivors (12288K)
 Metaspace       used 124482K, committed 125760K, reserved 1179648K
  class space    used 16934K, committed 17536K, reserved 1048576K

Heap Regions: E=young(eden), S=young(survivor), O=old, HS=humongous(starts), HC=humongous(continues), CS=collection set, F=free, OA=open archive, CA=closed archive, TAMS=top-at-mark-start (previous, next)
|   0|0x0000000700000000, 0x0000000700200000, 0x0000000700200000|100%|HS|  |TAMS 0x0000000700200000, 0x0000000700000000| Complete 
|   1|0x0000000700200000, 0x0000000700400000, 0x0000000700400000|100%|HC|  |TAMS 0x0000000700400000, 0x0000000700200000| Complete 
|   2|0x0000000700400000, 0x0000000700600000, 0x0000000700600000|100%| O|  |TAMS 0x0000000700600000, 0x0000000700400000| Untracked 
|   3|0x0000000700600000, 0x0000000700800000, 0x0000000700800000|100%| O|  |TAMS 0x0000000700800000, 0x0000000700600000| Untracked 
|   4|0x0000000700800000, 0x0000000700a00000, 0x0000000700a00000|100%| O|  |TAMS 0x0000000700a00000, 0x0000000700800000| Untracked 
|   5|0x0000000700a00000, 0x0000000700c00000, 0x0000000700c00000|100%|HS|  |TAMS 0x0000000700c00000, 0x0000000700a00000| Complete 
|   6|0x0000000700c00000, 0x0000000700e00000, 0x0000000700e00000|100%| O|  |TAMS 0x0000000700e00000, 0x0000000700c00000| Untracked 
|   7|0x0000000700e00000, 0x0000000701000000, 0x0000000701000000|100%| O|  |TAMS 0x0000000701000000, 0x0000000700e00000| Untracked 
|   8|0x0000000701000000, 0x0000000701200000, 0x0000000701200000|100%| O|  |TAMS 0x0000000701200000, 0x0000000701000000| Untracked 
|   9|0x0000000701200000, 0x0000000701400000, 0x0000000701400000|100%| O|  |TAMS 0x0000000701400000, 0x0000000701200000| Untracked 
|  10|0x0000000701400000, 0x0000000701600000, 0x0000000701600000|100%| O|  |TAMS 0x0000000701600000, 0x0000000701400000| Untracked 
|  11|0x0000000701600000, 0x0000000701800000, 0x0000000701800000|100%| O|  |TAMS 0x0000000701800000, 0x0000000701600000| Untracked 
|  12|0x0000000701800000, 0x0000000701a00000, 0x0000000701a00000|100%|HS|  |TAMS 0x0000000701a00000, 0x0000000701800000| Complete 
|  13|0x0000000701a00000, 0x0000000701c00000, 0x0000000701c00000|100%|HC|  |TAMS 0x0000000701c00000, 0x0000000701a00000| Complete 
|  14|0x0000000701c00000, 0x0000000701e00000, 0x0000000701e00000|100%|HS|  |TAMS 0x0000000701e00000, 0x0000000701c00000| Complete 
|  15|0x0000000701e00000, 0x0000000702000000, 0x0000000702000000|100%|HC|  |TAMS 0x0000000702000000, 0x0000000701e00000| Complete 
|  16|0x0000000702000000, 0x0000000702200000, 0x0000000702200000|100%|HS|  |TAMS 0x0000000702200000, 0x0000000702000000| Complete 
|  17|0x0000000702200000, 0x0000000702400000, 0x0000000702400000|100%|HC|  |TAMS 0x0000000702400000, 0x0000000702200000| Complete 
|  18|0x0000000702400000, 0x0000000702600000, 0x0000000702600000|100%| O|  |TAMS 0x0000000702600000, 0x0000000702400000| Untracked 
|  19|0x0000000702600000, 0x0000000702800000, 0x0000000702800000|100%| O|  |TAMS 0x0000000702800000, 0x0000000702600000| Untracked 
|  20|0x0000000702800000, 0x0000000702a00000, 0x0000000702a00000|100%| O|  |TAMS 0x0000000702a00000, 0x0000000702800000| Untracked 
|  21|0x0000000702a00000, 0x0000000702c00000, 0x0000000702c00000|100%| O|  |TAMS 0x0000000702c00000, 0x0000000702a00000| Untracked 
|  22|0x0000000702c00000, 0x0000000702e00000, 0x0000000702e00000|100%| O|  |TAMS 0x0000000702e00000, 0x0000000702c00000| Untracked 
|  23|0x0000000702e00000, 0x0000000703000000, 0x0000000703000000|100%| O|  |TAMS 0x0000000703000000, 0x0000000702e00000| Untracked 
|  24|0x0000000703000000, 0x0000000703200000, 0x0000000703200000|100%| O|  |TAMS 0x0000000703200000, 0x0000000703000000| Untracked 
|  25|0x0000000703200000, 0x0000000703400000, 0x0000000703400000|100%| O|  |TAMS 0x0000000703400000, 0x0000000703200000| Untracked 
|  26|0x0000000703400000, 0x0000000703600000, 0x0000000703600000|100%|HS|  |TAMS 0x0000000703600000, 0x0000000703400000| Complete 
|  27|0x0000000703600000, 0x0000000703800000, 0x0000000703800000|100%|HC|  |TAMS 0x0000000703800000, 0x0000000703600000| Complete 
|  28|0x0000000703800000, 0x0000000703a00000, 0x0000000703a00000|100%|HS|  |TAMS 0x0000000703a00000, 0x0000000703800000| Complete 
|  29|0x0000000703a00000, 0x0000000703c00000, 0x0000000703c00000|100%|HC|  |TAMS 0x0000000703c00000, 0x0000000703a00000| Complete 
|  30|0x0000000703c00000, 0x0000000703e00000, 0x0000000703e00000|100%| O|  |TAMS 0x0000000703e00000, 0x0000000703c00000| Untracked 
|  31|0x0000000703e00000, 0x0000000704000000, 0x0000000704000000|100%| O|  |TAMS 0x0000000704000000, 0x0000000703e00000| Untracked 
|  32|0x0000000704000000, 0x0000000704200000, 0x0000000704200000|100%|HS|  |TAMS 0x0000000704200000, 0x0000000704000000| Complete 
|  33|0x0000000704200000, 0x0000000704400000, 0x0000000704400000|100%|HC|  |TAMS 0x0000000704400000, 0x0000000704200000| Complete 
|  34|0x0000000704400000, 0x0000000704600000, 0x0000000704600000|100%| O|  |TAMS 0x0000000704600000, 0x0000000704400000| Untracked 
|  35|0x0000000704600000, 0x0000000704800000, 0x0000000704800000|100%| O|  |TAMS 0x0000000704800000, 0x0000000704600000| Untracked 
|  36|0x0000000704800000, 0x0000000704a00000, 0x0000000704a00000|100%| O|  |TAMS 0x0000000704a00000, 0x0000000704800000| Untracked 
|  37|0x0000000704a00000, 0x0000000704c00000, 0x0000000704c00000|100%| O|  |TAMS 0x0000000704a00000, 0x0000000704a00000| Untracked 
|  38|0x0000000704c00000, 0x0000000704e00000, 0x0000000704e00000|100%| O|  |TAMS 0x0000000704e00000, 0x0000000704c00000| Untracked 
|  39|0x0000000704e00000, 0x0000000705000000, 0x0000000705000000|100%| O|  |TAMS 0x0000000705000000, 0x0000000704e00000| Untracked 
|  40|0x0000000705000000, 0x0000000705200000, 0x0000000705200000|100%| O|  |TAMS 0x0000000705200000, 0x0000000705000000| Untracked 
|  41|0x0000000705200000, 0x0000000705400000, 0x0000000705400000|100%| O|  |TAMS 0x0000000705400000, 0x0000000705200000| Untracked 
|  42|0x0000000705400000, 0x0000000705600000, 0x0000000705600000|100%|HS|  |TAMS 0x0000000705600000, 0x0000000705400000| Complete 
|  43|0x0000000705600000, 0x0000000705800000, 0x0000000705800000|100%| O|  |TAMS 0x0000000705800000, 0x0000000705600000| Untracked 
|  44|0x0000000705800000, 0x0000000705a00000, 0x0000000705a00000|100%|HS|  |TAMS 0x0000000705800000, 0x0000000705800000| Complete 
|  45|0x0000000705a00000, 0x0000000705c00000, 0x0000000705c00000|100%| O|  |TAMS 0x0000000705c00000, 0x0000000705a00000| Untracked 
|  46|0x0000000705c00000, 0x0000000705e00000, 0x0000000705e00000|100%| O|  |TAMS 0x0000000705e00000, 0x0000000705c00000| Untracked 
|  47|0x0000000705e00000, 0x0000000706000000, 0x0000000706000000|100%| O|  |TAMS 0x0000000706000000, 0x0000000705e00000| Untracked 
|  48|0x0000000706000000, 0x0000000706200000, 0x0000000706200000|100%| O|  |TAMS 0x0000000706200000, 0x0000000706000000| Untracked 
|  49|0x0000000706200000, 0x0000000706400000, 0x0000000706400000|100%| O|  |TAMS 0x0000000706400000, 0x0000000706200000| Untracked 
|  50|0x0000000706400000, 0x0000000706600000, 0x0000000706600000|100%| O|  |TAMS 0x0000000706600000, 0x0000000706400000| Untracked 
|  51|0x0000000706600000, 0x0000000706800000, 0x0000000706800000|100%| O|  |TAMS 0x0000000706800000, 0x0000000706600000| Untracked 
|  52|0x0000000706800000, 0x0000000706a00000, 0x0000000706a00000|100%| O|  |TAMS 0x0000000706a00000, 0x0000000706800000| Untracked 
|  53|0x0000000706a00000, 0x0000000706c00000, 0x0000000706c00000|100%| O|  |TAMS 0x0000000706c00000, 0x0000000706a00000| Untracked 
|  54|0x0000000706c00000, 0x0000000706e00000, 0x0000000706e00000|100%|HS|  |TAMS 0x0000000706e00000, 0x0000000706c00000| Complete 
|  55|0x0000000706e00000, 0x0000000707000000, 0x0000000707000000|100%| O|  |TAMS 0x0000000707000000, 0x0000000706e00000| Untracked 
|  56|0x0000000707000000, 0x0000000707200000, 0x0000000707200000|100%| O|  |TAMS 0x0000000707200000, 0x0000000707000000| Untracked 
|  57|0x0000000707200000, 0x0000000707400000, 0x0000000707400000|100%| O|  |TAMS 0x0000000707400000, 0x0000000707200000| Untracked 
|  58|0x0000000707400000, 0x0000000707600000, 0x0000000707600000|100%| O|  |TAMS 0x0000000707600000, 0x0000000707400000| Untracked 
|  59|0x0000000707600000, 0x0000000707800000, 0x0000000707800000|100%| O|  |TAMS 0x0000000707800000, 0x0000000707600000| Untracked 
|  60|0x0000000707800000, 0x0000000707a00000, 0x0000000707a00000|100%| O|  |TAMS 0x0000000707a00000, 0x0000000707800000| Untracked 
|  61|0x0000000707a00000, 0x0000000707c00000, 0x0000000707c00000|100%| O|  |TAMS 0x0000000707a4e200, 0x0000000707a00000| Untracked 
|  62|0x0000000707c00000, 0x0000000707e00000, 0x0000000707e00000|100%| O|  |TAMS 0x0000000707c00000, 0x0000000707c00000| Untracked 
|  63|0x0000000707e00000, 0x0000000708000000, 0x0000000708000000|100%| O|  |TAMS 0x0000000707e00000, 0x0000000707e00000| Untracked 
|  64|0x0000000708000000, 0x0000000708200000, 0x0000000708200000|100%| O|  |TAMS 0x0000000708000000, 0x0000000708000000| Untracked 
|  65|0x0000000708200000, 0x0000000708400000, 0x0000000708400000|100%| O|  |TAMS 0x0000000708200000, 0x0000000708200000| Untracked 
|  66|0x0000000708400000, 0x0000000708600000, 0x0000000708600000|100%| O|  |TAMS 0x0000000708400000, 0x0000000708400000| Untracked 
|  67|0x0000000708600000, 0x0000000708800000, 0x0000000708800000|100%|HS|  |TAMS 0x0000000708600000, 0x0000000708600000| Complete 
|  68|0x0000000708800000, 0x0000000708a00000, 0x0000000708a00000|100%|HC|  |TAMS 0x0000000708800000, 0x0000000708800000| Complete 
|  69|0x0000000708a00000, 0x0000000708c00000, 0x0000000708c00000|100%|HS|  |TAMS 0x0000000708a00000, 0x0000000708a00000| Complete 
|  70|0x0000000708c00000, 0x0000000708e00000, 0x0000000708e00000|100%|HC|  |TAMS 0x0000000708c00000, 0x0000000708c00000| Complete 
|  71|0x0000000708e00000, 0x0000000709000000, 0x0000000709000000|100%|HS|  |TAMS 0x0000000708e00000, 0x0000000708e00000| Complete 
|  72|0x0000000709000000, 0x0000000709200000, 0x0000000709200000|100%|HC|  |TAMS 0x0000000709000000, 0x0000000709000000| Complete 
|  73|0x0000000709200000, 0x0000000709400000, 0x0000000709400000|100%| O|  |TAMS 0x0000000709200000, 0x0000000709200000| Untracked 
|  74|0x0000000709400000, 0x0000000709600000, 0x0000000709600000|100%| O|  |TAMS 0x0000000709400000, 0x0000000709400000| Untracked 
|  75|0x0000000709600000, 0x0000000709800000, 0x0000000709800000|100%| O|  |TAMS 0x0000000709600000, 0x0000000709600000| Untracked 
|  76|0x0000000709800000, 0x0000000709a00000, 0x0000000709a00000|100%| O|  |TAMS 0x0000000709800000, 0x0000000709800000| Untracked 
|  77|0x0000000709a00000, 0x0000000709c00000, 0x0000000709c00000|100%| O|  |TAMS 0x0000000709a00000, 0x0000000709a00000| Untracked 
|  78|0x0000000709c00000, 0x0000000709e00000, 0x0000000709e00000|100%| O|  |TAMS 0x0000000709c00000, 0x0000000709c00000| Untracked 
|  79|0x0000000709e00000, 0x000000070a000000, 0x000000070a000000|100%| O|  |TAMS 0x0000000709e00000, 0x0000000709e00000| Untracked 
|  80|0x000000070a000000, 0x000000070a200000, 0x000000070a200000|100%| O|  |TAMS 0x000000070a000000, 0x000000070a000000| Untracked 
|  81|0x000000070a200000, 0x000000070a400000, 0x000000070a400000|100%| O|  |TAMS 0x000000070a200000, 0x000000070a200000| Untracked 
|  82|0x000000070a400000, 0x000000070a600000, 0x000000070a600000|100%| O|  |TAMS 0x000000070a400000, 0x000000070a400000| Untracked 
|  83|0x000000070a600000, 0x000000070a800000, 0x000000070a800000|100%| O|  |TAMS 0x000000070a600000, 0x000000070a600000| Untracked 
|  84|0x000000070a800000, 0x000000070aa00000, 0x000000070aa00000|100%| O|  |TAMS 0x000000070a800000, 0x000000070a800000| Untracked 
|  85|0x000000070aa00000, 0x000000070ac00000, 0x000000070ac00000|100%| O|  |TAMS 0x000000070aa00000, 0x000000070aa00000| Untracked 
|  86|0x000000070ac00000, 0x000000070ac96c00, 0x000000070ae00000| 29%| O|  |TAMS 0x000000070ac00000, 0x000000070ac00000| Untracked 
|  87|0x000000070ae00000, 0x000000070ae00000, 0x000000070b000000|  0%| F|  |TAMS 0x000000070ae00000, 0x000000070ae00000| Untracked 
|  88|0x000000070b000000, 0x000000070b000000, 0x000000070b200000|  0%| F|  |TAMS 0x000000070b000000, 0x000000070b000000| Untracked 
|  89|0x000000070b200000, 0x000000070b200000, 0x000000070b400000|  0%| F|  |TAMS 0x000000070b200000, 0x000000070b200000| Untracked 
|  90|0x000000070b400000, 0x000000070b400000, 0x000000070b600000|  0%| F|  |TAMS 0x000000070b400000, 0x000000070b400000| Untracked 
|  91|0x000000070b600000, 0x000000070b600000, 0x000000070b800000|  0%| F|  |TAMS 0x000000070b600000, 0x000000070b600000| Untracked 
|  92|0x000000070b800000, 0x000000070b800000, 0x000000070ba00000|  0%| F|  |TAMS 0x000000070b800000, 0x000000070b800000| Untracked 
|  93|0x000000070ba00000, 0x000000070ba00000, 0x000000070bc00000|  0%| F|  |TAMS 0x000000070ba00000, 0x000000070ba00000| Untracked 
|  94|0x000000070bc00000, 0x000000070bc00000, 0x000000070be00000|  0%| F|  |TAMS 0x000000070bc00000, 0x000000070bc00000| Untracked 
|  95|0x000000070be00000, 0x000000070be00000, 0x000000070c000000|  0%| F|  |TAMS 0x000000070be00000, 0x000000070be00000| Untracked 
|  96|0x000000070c000000, 0x000000070c000000, 0x000000070c200000|  0%| F|  |TAMS 0x000000070c000000, 0x000000070c000000| Untracked 
|  97|0x000000070c200000, 0x000000070c200000, 0x000000070c400000|  0%| F|  |TAMS 0x000000070c200000, 0x000000070c200000| Untracked 
|  98|0x000000070c400000, 0x000000070c400000, 0x000000070c600000|  0%| F|  |TAMS 0x000000070c400000, 0x000000070c400000| Untracked 
|  99|0x000000070c600000, 0x000000070c600000, 0x000000070c800000|  0%| F|  |TAMS 0x000000070c600000, 0x000000070c600000| Untracked 
| 100|0x000000070c800000, 0x000000070c800000, 0x000000070ca00000|  0%| F|  |TAMS 0x000000070c800000, 0x000000070c800000| Untracked 
| 101|0x000000070ca00000, 0x000000070ca00000, 0x000000070cc00000|  0%| F|  |TAMS 0x000000070ca00000, 0x000000070ca00000| Untracked 
| 102|0x000000070cc00000, 0x000000070cc00000, 0x000000070ce00000|  0%| F|  |TAMS 0x000000070cc00000, 0x000000070cc00000| Untracked 
| 103|0x000000070ce00000, 0x000000070ce00000, 0x000000070d000000|  0%| F|  |TAMS 0x000000070ce00000, 0x000000070ce00000| Untracked 
| 104|0x000000070d000000, 0x000000070d000000, 0x000000070d200000|  0%| F|  |TAMS 0x000000070d000000, 0x000000070d000000| Untracked 
| 105|0x000000070d200000, 0x000000070d200000, 0x000000070d400000|  0%| F|  |TAMS 0x000000070d200000, 0x000000070d200000| Untracked 
| 106|0x000000070d400000, 0x000000070d400000, 0x000000070d600000|  0%| F|  |TAMS 0x000000070d400000, 0x000000070d400000| Untracked 
| 107|0x000000070d600000, 0x000000070d600000, 0x000000070d800000|  0%| F|  |TAMS 0x000000070d600000, 0x000000070d600000| Untracked 
| 108|0x000000070d800000, 0x000000070d800000, 0x000000070da00000|  0%| F|  |TAMS 0x000000070d800000, 0x000000070d800000| Untracked 
| 109|0x000000070da00000, 0x000000070da9ab30, 0x000000070dc00000| 30%| S|CS|TAMS 0x000000070da00000, 0x000000070da00000| Complete 
| 110|0x000000070dc00000, 0x000000070de00000, 0x000000070de00000|100%| S|CS|TAMS 0x000000070dc00000, 0x000000070dc00000| Complete 
| 111|0x000000070de00000, 0x000000070e000000, 0x000000070e000000|100%| S|CS|TAMS 0x000000070de00000, 0x000000070de00000| Complete 
| 112|0x000000070e000000, 0x000000070e000000, 0x000000070e200000|  0%| F|  |TAMS 0x000000070e000000, 0x000000070e000000| Untracked 
| 113|0x000000070e200000, 0x000000070e200000, 0x000000070e400000|  0%| F|  |TAMS 0x000000070e200000, 0x000000070e200000| Untracked 
| 114|0x000000070e400000, 0x000000070e400000, 0x000000070e600000|  0%| F|  |TAMS 0x000000070e400000, 0x000000070e400000| Untracked 
| 115|0x000000070e600000, 0x000000070e600000, 0x000000070e800000|  0%| F|  |TAMS 0x000000070e600000, 0x000000070e600000| Untracked 
| 116|0x000000070e800000, 0x000000070e800000, 0x000000070ea00000|  0%| F|  |TAMS 0x000000070e800000, 0x000000070e800000| Untracked 
| 117|0x000000070ea00000, 0x000000070ec00000, 0x000000070ec00000|100%| S|CS|TAMS 0x000000070ea00000, 0x000000070ea00000| Complete 
| 118|0x000000070ec00000, 0x000000070ee00000, 0x000000070ee00000|100%| S|CS|TAMS 0x000000070ec00000, 0x000000070ec00000| Complete 
| 119|0x000000070ee00000, 0x000000070f000000, 0x000000070f000000|100%| S|CS|TAMS 0x000000070ee00000, 0x000000070ee00000| Complete 
| 120|0x000000070f000000, 0x000000070f000000, 0x000000070f200000|  0%| F|  |TAMS 0x000000070f000000, 0x000000070f000000| Untracked 
| 121|0x000000070f200000, 0x000000070f200000, 0x000000070f400000|  0%| F|  |TAMS 0x000000070f200000, 0x000000070f200000| Untracked 
| 122|0x000000070f400000, 0x000000070f400000, 0x000000070f600000|  0%| F|  |TAMS 0x000000070f400000, 0x000000070f400000| Untracked 
| 123|0x000000070f600000, 0x000000070f600000, 0x000000070f800000|  0%| F|  |TAMS 0x000000070f600000, 0x000000070f600000| Untracked 
| 124|0x000000070f800000, 0x000000070f800000, 0x000000070fa00000|  0%| F|  |TAMS 0x000000070f800000, 0x000000070f800000| Untracked 
| 125|0x000000070fa00000, 0x000000070fa00000, 0x000000070fc00000|  0%| F|  |TAMS 0x000000070fa00000, 0x000000070fa00000| Untracked 
| 126|0x000000070fc00000, 0x000000070fc00000, 0x000000070fe00000|  0%| F|  |TAMS 0x000000070fc00000, 0x000000070fc00000| Untracked 
| 127|0x000000070fe00000, 0x000000070fe00000, 0x0000000710000000|  0%| F|  |TAMS 0x000000070fe00000, 0x000000070fe00000| Untracked 
| 128|0x0000000710000000, 0x0000000710000000, 0x0000000710200000|  0%| F|  |TAMS 0x0000000710000000, 0x0000000710000000| Untracked 
| 129|0x0000000710200000, 0x0000000710200000, 0x0000000710400000|  0%| F|  |TAMS 0x0000000710200000, 0x0000000710200000| Untracked 
| 130|0x0000000710400000, 0x0000000710400000, 0x0000000710600000|  0%| F|  |TAMS 0x0000000710400000, 0x0000000710400000| Untracked 
| 131|0x0000000710600000, 0x0000000710600000, 0x0000000710800000|  0%| F|  |TAMS 0x0000000710600000, 0x0000000710600000| Untracked 
| 132|0x0000000710800000, 0x0000000710900800, 0x0000000710a00000| 50%| E|  |TAMS 0x0000000710800000, 0x0000000710800000| Complete 
| 133|0x0000000710a00000, 0x0000000710c00000, 0x0000000710c00000|100%| E|CS|TAMS 0x0000000710a00000, 0x0000000710a00000| Complete 
| 134|0x0000000710c00000, 0x0000000710e00000, 0x0000000710e00000|100%| E|CS|TAMS 0x0000000710c00000, 0x0000000710c00000| Complete 
| 135|0x0000000710e00000, 0x0000000711000000, 0x0000000711000000|100%| E|CS|TAMS 0x0000000710e00000, 0x0000000710e00000| Complete 
| 136|0x0000000711000000, 0x0000000711200000, 0x0000000711200000|100%| E|CS|TAMS 0x0000000711000000, 0x0000000711000000| Complete 
| 137|0x0000000711200000, 0x0000000711400000, 0x0000000711400000|100%| E|CS|TAMS 0x0000000711200000, 0x0000000711200000| Complete 
| 138|0x0000000711400000, 0x0000000711600000, 0x0000000711600000|100%| E|CS|TAMS 0x0000000711400000, 0x0000000711400000| Complete 
| 139|0x0000000711600000, 0x0000000711800000, 0x0000000711800000|100%| E|CS|TAMS 0x0000000711600000, 0x0000000711600000| Complete 
| 140|0x0000000711800000, 0x0000000711a00000, 0x0000000711a00000|100%| E|CS|TAMS 0x0000000711800000, 0x0000000711800000| Complete 
| 141|0x0000000711a00000, 0x0000000711c00000, 0x0000000711c00000|100%| E|CS|TAMS 0x0000000711a00000, 0x0000000711a00000| Complete 
| 142|0x0000000711c00000, 0x0000000711e00000, 0x0000000711e00000|100%| E|CS|TAMS 0x0000000711c00000, 0x0000000711c00000| Complete 
| 143|0x0000000711e00000, 0x0000000712000000, 0x0000000712000000|100%| E|CS|TAMS 0x0000000711e00000, 0x0000000711e00000| Complete 
| 144|0x0000000712000000, 0x0000000712200000, 0x0000000712200000|100%| E|CS|TAMS 0x0000000712000000, 0x0000000712000000| Complete 
| 145|0x0000000712200000, 0x0000000712400000, 0x0000000712400000|100%| E|CS|TAMS 0x0000000712200000, 0x0000000712200000| Complete 
| 146|0x0000000712400000, 0x0000000712600000, 0x0000000712600000|100%| E|CS|TAMS 0x0000000712400000, 0x0000000712400000| Complete 
| 147|0x0000000712600000, 0x0000000712800000, 0x0000000712800000|100%| E|CS|TAMS 0x0000000712600000, 0x0000000712600000| Complete 
| 148|0x0000000712800000, 0x0000000712a00000, 0x0000000712a00000|100%| E|CS|TAMS 0x0000000712800000, 0x0000000712800000| Complete 
| 149|0x0000000712a00000, 0x0000000712c00000, 0x0000000712c00000|100%| E|CS|TAMS 0x0000000712a00000, 0x0000000712a00000| Complete 
| 150|0x0000000712c00000, 0x0000000712e00000, 0x0000000712e00000|100%| E|CS|TAMS 0x0000000712c00000, 0x0000000712c00000| Complete 
| 151|0x0000000712e00000, 0x0000000713000000, 0x0000000713000000|100%| E|CS|TAMS 0x0000000712e00000, 0x0000000712e00000| Complete 
| 152|0x0000000713000000, 0x0000000713200000, 0x0000000713200000|100%| E|CS|TAMS 0x0000000713000000, 0x0000000713000000| Complete 
| 153|0x0000000713200000, 0x0000000713400000, 0x0000000713400000|100%| E|CS|TAMS 0x0000000713200000, 0x0000000713200000| Complete 
| 154|0x0000000713400000, 0x0000000713600000, 0x0000000713600000|100%| E|CS|TAMS 0x0000000713400000, 0x0000000713400000| Complete 
| 155|0x0000000713600000, 0x0000000713800000, 0x0000000713800000|100%| E|CS|TAMS 0x0000000713600000, 0x0000000713600000| Complete 
| 156|0x0000000713800000, 0x0000000713a00000, 0x0000000713a00000|100%| E|CS|TAMS 0x0000000713800000, 0x0000000713800000| Complete 
| 157|0x0000000713a00000, 0x0000000713c00000, 0x0000000713c00000|100%| E|CS|TAMS 0x0000000713a00000, 0x0000000713a00000| Complete 
| 158|0x0000000713c00000, 0x0000000713e00000, 0x0000000713e00000|100%| E|CS|TAMS 0x0000000713c00000, 0x0000000713c00000| Complete 
| 159|0x0000000713e00000, 0x0000000714000000, 0x0000000714000000|100%| E|  |TAMS 0x0000000713e00000, 0x0000000713e00000| Complete 
| 160|0x0000000714000000, 0x0000000714200000, 0x0000000714200000|100%| E|CS|TAMS 0x0000000714000000, 0x0000000714000000| Complete 
| 161|0x0000000714200000, 0x0000000714400000, 0x0000000714400000|100%| E|CS|TAMS 0x0000000714200000, 0x0000000714200000| Complete 
| 162|0x0000000714400000, 0x0000000714600000, 0x0000000714600000|100%| E|CS|TAMS 0x0000000714400000, 0x0000000714400000| Complete 
| 163|0x0000000714600000, 0x0000000714800000, 0x0000000714800000|100%| E|CS|TAMS 0x0000000714600000, 0x0000000714600000| Complete 
| 164|0x0000000714800000, 0x0000000714a00000, 0x0000000714a00000|100%| E|CS|TAMS 0x0000000714800000, 0x0000000714800000| Complete 
| 165|0x0000000714a00000, 0x0000000714c00000, 0x0000000714c00000|100%| E|CS|TAMS 0x0000000714a00000, 0x0000000714a00000| Complete 
| 166|0x0000000714c00000, 0x0000000714e00000, 0x0000000714e00000|100%| E|CS|TAMS 0x0000000714c00000, 0x0000000714c00000| Complete 
| 167|0x0000000714e00000, 0x0000000715000000, 0x0000000715000000|100%| E|CS|TAMS 0x0000000714e00000, 0x0000000714e00000| Complete 
| 168|0x0000000715000000, 0x0000000715200000, 0x0000000715200000|100%| E|CS|TAMS 0x0000000715000000, 0x0000000715000000| Complete 
| 169|0x0000000715200000, 0x0000000715400000, 0x0000000715400000|100%| E|CS|TAMS 0x0000000715200000, 0x0000000715200000| Complete 
| 170|0x0000000715400000, 0x0000000715600000, 0x0000000715600000|100%| E|CS|TAMS 0x0000000715400000, 0x0000000715400000| Complete 

Card table byte_map: [0x000001b3b5e20000,0x000001b3b6620000] _byte_map_base: 0x000001b3b2620000

Marking Bits (Prev, Next): (CMBitMap*) 0x000001b3a0f60db0, (CMBitMap*) 0x000001b3a0f60df0
 Prev Bits: [0x000001b3b6e20000, 0x000001b3bae20000)
 Next Bits: [0x000001b3bae20000, 0x000001b3bee20000)

Polling page: 0x000001b3a0fb0000

Metaspace:

Usage:
  Non-class:    105.04 MB used.
      Class:     16.54 MB used.
       Both:    121.58 MB used.

Virtual space:
  Non-class space:      128.00 MB reserved,     105.69 MB ( 83%) committed,  2 nodes.
      Class space:        1.00 GB reserved,      17.12 MB (  2%) committed,  1 nodes.
             Both:        1.12 GB reserved,     122.81 MB ( 11%) committed. 

Chunk freelists:
   Non-Class:  5.76 MB
       Class:  14.72 MB
        Both:  20.48 MB

MaxMetaspaceSize: unlimited
CompressedClassSpaceSize: 1.00 GB
Initial GC threshold: 21.00 MB
Current GC threshold: 157.19 MB
CDS: off
MetaspaceReclaimPolicy: balanced
 - commit_granule_bytes: 65536.
 - commit_granule_words: 8192.
 - virtual_space_node_default_size: 8388608.
 - enlarge_chunks_in_place: 1.
 - new_chunks_are_fully_committed: 0.
 - uncommit_free_chunks: 1.
 - use_allocation_guard: 0.
 - handle_deallocations: 1.


Internal statistics:

num_allocs_failed_limit: 6.
num_arena_births: 1874.
num_arena_deaths: 0.
num_vsnodes_births: 3.
num_vsnodes_deaths: 0.
num_space_committed: 1964.
num_space_uncommitted: 0.
num_chunks_returned_to_freelist: 6.
num_chunks_taken_from_freelist: 7113.
num_chunk_merges: 6.
num_chunk_splits: 4533.
num_chunks_enlarged: 2822.
num_inconsistent_stats: 0.

CodeHeap 'non-profiled nmethods': size=120000Kb used=9704Kb max_used=9704Kb free=110295Kb
 bounds [0x000001b3ad690000, 0x000001b3ae010000, 0x000001b3b4bc0000]
CodeHeap 'profiled nmethods': size=120000Kb used=27367Kb max_used=27367Kb free=92632Kb
 bounds [0x000001b3a5bc0000, 0x000001b3a7680000, 0x000001b3ad0f0000]
CodeHeap 'non-nmethods': size=5760Kb used=2468Kb max_used=2528Kb free=3291Kb
 bounds [0x000001b3ad0f0000, 0x000001b3ad380000, 0x000001b3ad690000]
 total_blobs=14621 nmethods=13625 adapters=907
 compilation: enabled
              stopped_count=0, restarted_count=0
 full_count=0

Compilation events (20 events):
Event: 20.004 Thread 0x000001b3c1b105d0 15901       3       org.gradle.api.internal.artifacts.transform.AbstractTransformedArtifactSet::<init> (59 bytes)
Event: 20.006 Thread 0x000001b3c1b105d0 nmethod 15901 0x000001b3a7665f10 code [0x000001b3a7666220, 0x000001b3a7667998]
Event: 20.006 Thread 0x000001b3c1b105d0 15905       3       org.gradle.api.internal.artifacts.transform.AbstractTransformedArtifactSet$CalculateArtifacts::calculateValue (85 bytes)
Event: 20.007 Thread 0x000001b3c1b105d0 nmethod 15905 0x000001b3a7668210 code [0x000001b3a76684c0, 0x000001b3a7669508]
Event: 20.007 Thread 0x000001b3c1b105d0 15902       3       org.gradle.api.internal.artifacts.transform.AbstractTransformedArtifactSet$$Lambda$855/0x000000080072ee90::<init> (20 bytes)
Event: 20.007 Thread 0x000001b3c1b105d0 nmethod 15902 0x000001b3a7669b10 code [0x000001b3a7669cc0, 0x000001b3a7669f58]
Event: 20.007 Thread 0x000001b3c1b105d0 15903       3       org.gradle.api.internal.artifacts.transform.AbstractTransformedArtifactSet$CalculateArtifacts::<init> (32 bytes)
Event: 20.007 Thread 0x000001b3c1b105d0 nmethod 15903 0x000001b3a766a010 code [0x000001b3a766a1c0, 0x000001b3a766a518]
Event: 20.007 Thread 0x000001b3c1b105d0 15904       3       org.gradle.api.internal.artifacts.transform.AbstractTransformedArtifactSet$CalculateArtifacts::calculateValue (6 bytes)
Event: 20.007 Thread 0x000001b3c1b105d0 nmethod 15904 0x000001b3a766a610 code [0x000001b3a766a7c0, 0x000001b3a766a908]
Event: 20.007 Thread 0x000001b3c1b105d0 15906       3       org.gradle.api.internal.artifacts.transform.TransformingAsyncArtifactListener::<init> (26 bytes)
Event: 20.007 Thread 0x000001b3c1b105d0 nmethod 15906 0x000001b3a766a990 code [0x000001b3a766ab40, 0x000001b3a766ae38]
Event: 20.007 Thread 0x000001b3c1b105d0 15908       1       com.android.builder.internal.BaseConfigImpl::getManifestPlaceholders (5 bytes)
Event: 20.007 Thread 0x000001b3c1b105d0 nmethod 15908 0x000001b3ae000190 code [0x000001b3ae000320, 0x000001b3ae0003f8]
Event: 20.007 Thread 0x000001b3c1b105d0 15907       1       com.android.build.api.variant.impl.LibraryVariantImpl_Decorated::getModelIdentityDisplayName (5 bytes)
Event: 20.008 Thread 0x000001b3c1b105d0 nmethod 15907 0x000001b3ae000490 code [0x000001b3ae000620, 0x000001b3ae0006f8]
Event: 20.008 Thread 0x000001b3c1b105d0 15909       3       com.android.ide.common.repository.AgpVersion::compareTo (139 bytes)
Event: 20.008 Thread 0x000001b3c1b105d0 nmethod 15909 0x000001b3a766af10 code [0x000001b3a766b160, 0x000001b3a766b978]
Event: 20.016 Thread 0x000001b3cb75b850 nmethod 15817 0x000001b3ae000790 code [0x000001b3ae000a80, 0x000001b3ae003fc8]
Event: 20.016 Thread 0x000001b3cb75b850 15796       4       java.util.stream.Collectors$$Lambda$77/0x0000000800137db8::accept (14 bytes)

GC Heap History (20 events):
Event: 11.643 GC heap before
{Heap before GC invocations=36 (full 0):
 garbage-first heap   total 225280K, used 185534K [0x0000000700000000, 0x0000000800000000)
  region size 2048K, 33 young (67584K), 2 survivors (4096K)
 Metaspace       used 91766K, committed 92608K, reserved 1179648K
  class space    used 12574K, committed 12992K, reserved 1048576K
}
Event: 11.647 GC heap after
{Heap after GC invocations=37 (full 0):
 garbage-first heap   total 225280K, used 124629K [0x0000000700000000, 0x0000000800000000)
  region size 2048K, 3 young (6144K), 3 survivors (6144K)
 Metaspace       used 91766K, committed 92608K, reserved 1179648K
  class space    used 12574K, committed 12992K, reserved 1048576K
}
Event: 11.680 GC heap before
{Heap before GC invocations=37 (full 0):
 garbage-first heap   total 225280K, used 128725K [0x0000000700000000, 0x0000000800000000)
  region size 2048K, 5 young (10240K), 3 survivors (6144K)
 Metaspace       used 92045K, committed 92928K, reserved 1179648K
  class space    used 12618K, committed 13056K, reserved 1048576K
}
Event: 11.684 GC heap after
{Heap after GC invocations=38 (full 0):
 garbage-first heap   total 225280K, used 124011K [0x0000000700000000, 0x0000000800000000)
  region size 2048K, 1 young (2048K), 1 survivors (2048K)
 Metaspace       used 92045K, committed 92928K, reserved 1179648K
  class space    used 12618K, committed 13056K, reserved 1048576K
}
Event: 12.157 GC heap before
{Heap before GC invocations=38 (full 0):
 garbage-first heap   total 225280K, used 187499K [0x0000000700000000, 0x0000000800000000)
  region size 2048K, 32 young (65536K), 1 survivors (2048K)
 Metaspace       used 95533K, committed 96384K, reserved 1179648K
  class space    used 13142K, committed 13568K, reserved 1048576K
}
Event: 12.162 GC heap after
{Heap after GC invocations=39 (full 0):
 garbage-first heap   total 350208K, used 127996K [0x0000000700000000, 0x0000000800000000)
  region size 2048K, 3 young (6144K), 3 survivors (6144K)
 Metaspace       used 95533K, committed 96384K, reserved 1179648K
  class space    used 13142K, committed 13568K, reserved 1048576K
}
Event: 13.382 GC heap before
{Heap before GC invocations=40 (full 0):
 garbage-first heap   total 350208K, used 263164K [0x0000000700000000, 0x0000000800000000)
  region size 2048K, 70 young (143360K), 3 survivors (6144K)
 Metaspace       used 101773K, committed 102656K, reserved 1179648K
  class space    used 14161K, committed 14592K, reserved 1048576K
}
Event: 13.392 GC heap after
{Heap after GC invocations=41 (full 0):
 garbage-first heap   total 350208K, used 134661K [0x0000000700000000, 0x0000000800000000)
  region size 2048K, 6 young (12288K), 6 survivors (12288K)
 Metaspace       used 101773K, committed 102656K, reserved 1179648K
  class space    used 14161K, committed 14592K, reserved 1048576K
}
Event: 13.447 GC heap before
{Heap before GC invocations=41 (full 0):
 garbage-first heap   total 350208K, used 138757K [0x0000000700000000, 0x0000000800000000)
  region size 2048K, 8 young (16384K), 6 survivors (12288K)
 Metaspace       used 102043K, committed 102848K, reserved 1179648K
  class space    used 14204K, committed 14592K, reserved 1048576K
}
Event: 13.456 GC heap after
{Heap after GC invocations=42 (full 0):
 garbage-first heap   total 350208K, used 135034K [0x0000000700000000, 0x0000000800000000)
  region size 2048K, 1 young (2048K), 1 survivors (2048K)
 Metaspace       used 102043K, committed 102848K, reserved 1179648K
  class space    used 14204K, committed 14592K, reserved 1048576K
}
Event: 14.904 GC heap before
{Heap before GC invocations=42 (full 0):
 garbage-first heap   total 350208K, used 272250K [0x0000000700000000, 0x0000000800000000)
  region size 2048K, 68 young (139264K), 1 survivors (2048K)
 Metaspace       used 106017K, committed 107072K, reserved 1179648K
  class space    used 14621K, committed 15104K, reserved 1048576K
}
Event: 14.917 GC heap after
{Heap after GC invocations=43 (full 0):
 garbage-first heap   total 350208K, used 150388K [0x0000000700000000, 0x0000000800000000)
  region size 2048K, 9 young (18432K), 9 survivors (18432K)
 Metaspace       used 106017K, committed 107072K, reserved 1179648K
  class space    used 14621K, committed 15104K, reserved 1048576K
}
Event: 16.154 GC heap before
{Heap before GC invocations=43 (full 0):
 garbage-first heap   total 350208K, used 285556K [0x0000000700000000, 0x0000000800000000)
  region size 2048K, 69 young (141312K), 9 survivors (18432K)
 Metaspace       used 111169K, committed 112192K, reserved 1179648K
  class space    used 15324K, committed 15808K, reserved 1048576K
}
Event: 16.170 GC heap after
{Heap after GC invocations=44 (full 0):
 garbage-first heap   total 350208K, used 176231K [0x0000000700000000, 0x0000000800000000)
  region size 2048K, 7 young (14336K), 7 survivors (14336K)
 Metaspace       used 111169K, committed 112192K, reserved 1179648K
  class space    used 15324K, committed 15808K, reserved 1048576K
}
Event: 16.932 GC heap before
{Heap before GC invocations=44 (full 0):
 garbage-first heap   total 350208K, used 280679K [0x0000000700000000, 0x0000000800000000)
  region size 2048K, 58 young (118784K), 7 survivors (14336K)
 Metaspace       used 111171K, committed 112192K, reserved 1179648K
  class space    used 15324K, committed 15808K, reserved 1048576K
}
Event: 16.939 GC heap after
{Heap after GC invocations=45 (full 0):
 garbage-first heap   total 350208K, used 179644K [0x0000000700000000, 0x0000000800000000)
  region size 2048K, 3 young (6144K), 3 survivors (6144K)
 Metaspace       used 111171K, committed 112192K, reserved 1179648K
  class space    used 15324K, committed 15808K, reserved 1048576K
}
Event: 17.935 GC heap before
{Heap before GC invocations=45 (full 0):
 garbage-first heap   total 350208K, used 284092K [0x0000000700000000, 0x0000000800000000)
  region size 2048K, 54 young (110592K), 3 survivors (6144K)
 Metaspace       used 111172K, committed 112192K, reserved 1179648K
  class space    used 15324K, committed 15808K, reserved 1048576K
}
Event: 17.940 GC heap after
{Heap after GC invocations=46 (full 0):
 garbage-first heap   total 350208K, used 182345K [0x0000000700000000, 0x0000000800000000)
  region size 2048K, 5 young (10240K), 5 survivors (10240K)
 Metaspace       used 111172K, committed 112192K, reserved 1179648K
  class space    used 15324K, committed 15808K, reserved 1048576K
}
Event: 19.160 GC heap before
{Heap before GC invocations=46 (full 0):
 garbage-first heap   total 350208K, used 284745K [0x0000000700000000, 0x0000000800000000)
  region size 2048K, 56 young (114688K), 5 survivors (10240K)
 Metaspace       used 119684K, committed 120832K, reserved 1179648K
  class space    used 16431K, committed 16960K, reserved 1048576K
}
Event: 19.169 GC heap after
{Heap after GC invocations=47 (full 0):
 garbage-first heap   total 350208K, used 187589K [0x0000000700000000, 0x0000000800000000)
  region size 2048K, 6 young (12288K), 6 survivors (12288K)
 Metaspace       used 119684K, committed 120832K, reserved 1179648K
  class space    used 16431K, committed 16960K, reserved 1048576K
}

Dll operation events (3 events):
Event: 0.006 Loaded shared library C:\Program Files\Android\Android Studio\jbr\bin\java.dll
Event: 0.128 Loaded shared library C:\Program Files\Android\Android Studio\jbr\bin\zip.dll
Event: 0.554 Loaded shared library C:\Program Files\Android\Android Studio\jbr\bin\verify.dll

Deoptimization events (20 events):
Event: 19.734 Thread 0x000001b3c80ae4e0 DEOPT PACKING pc=0x000001b3ad79c448 sp=0x00000023f9ff8930
Event: 19.734 Thread 0x000001b3c80ae4e0 DEOPT UNPACKING pc=0x000001b3ad1469a3 sp=0x00000023f9ff88a8 mode 2
Event: 19.916 Thread 0x000001b3c80ae4e0 Uncommon trap: trap_request=0xffffffd6 fr.pc=0x000001b3adff8d94 relative=0x00000000000007f4
Event: 19.916 Thread 0x000001b3c80ae4e0 Uncommon trap: reason=array_check action=maybe_recompile pc=0x000001b3adff8d94 method=java.util.TimSort.reverseRange([Ljava/lang/Object;II)V @ 27 c2
Event: 19.916 Thread 0x000001b3c80ae4e0 DEOPT PACKING pc=0x000001b3adff8d94 sp=0x00000023f9ff76e0
Event: 19.916 Thread 0x000001b3c80ae4e0 DEOPT UNPACKING pc=0x000001b3ad1469a3 sp=0x00000023f9ff7630 mode 2
Event: 19.921 Thread 0x000001b3c80ae4e0 Uncommon trap: trap_request=0xffffffd6 fr.pc=0x000001b3adff8d94 relative=0x00000000000007f4
Event: 19.921 Thread 0x000001b3c80ae4e0 Uncommon trap: reason=array_check action=maybe_recompile pc=0x000001b3adff8d94 method=java.util.TimSort.reverseRange([Ljava/lang/Object;II)V @ 27 c2
Event: 19.921 Thread 0x000001b3c80ae4e0 DEOPT PACKING pc=0x000001b3adff8d94 sp=0x00000023f9ff76f0
Event: 19.921 Thread 0x000001b3c80ae4e0 DEOPT UNPACKING pc=0x000001b3ad1469a3 sp=0x00000023f9ff7640 mode 2
Event: 19.927 Thread 0x000001b3c80adac0 Uncommon trap: trap_request=0xffffff45 fr.pc=0x000001b3adfe504c relative=0x00000000000006ec
Event: 19.927 Thread 0x000001b3c80adac0 Uncommon trap: reason=unstable_if action=reinterpret pc=0x000001b3adfe504c method=com.esotericsoftware.kryo.io.Output.writeVarLong(JZ)I @ 55 c2
Event: 19.927 Thread 0x000001b3c80adac0 DEOPT PACKING pc=0x000001b3adfe504c sp=0x00000023fa0fec90
Event: 19.927 Thread 0x000001b3c80adac0 DEOPT UNPACKING pc=0x000001b3ad1469a3 sp=0x00000023fa0fec60 mode 2
Event: 19.952 Thread 0x000001b3c80ae4e0 DEOPT PACKING pc=0x000001b3a74c3bfe sp=0x00000023f9ff8ad0
Event: 19.952 Thread 0x000001b3c80ae4e0 DEOPT UNPACKING pc=0x000001b3ad147143 sp=0x00000023f9ff7f40 mode 0
Event: 20.016 Thread 0x000001b3c80ae4e0 Uncommon trap: trap_request=0xffffff45 fr.pc=0x000001b3adfc3cc8 relative=0x0000000000000048
Event: 20.016 Thread 0x000001b3c80ae4e0 Uncommon trap: reason=unstable_if action=reinterpret pc=0x000001b3adfc3cc8 method=kotlin.jvm.internal.Intrinsics.areEqual(Ljava/lang/Object;Ljava/lang/Object;)Z @ 1 c2
Event: 20.016 Thread 0x000001b3c80ae4e0 DEOPT PACKING pc=0x000001b3adfc3cc8 sp=0x00000023f9ffb750
Event: 20.016 Thread 0x000001b3c80ae4e0 DEOPT UNPACKING pc=0x000001b3ad1469a3 sp=0x00000023f9ffb6f0 mode 2

Classes unloaded (0 events):
No events

Classes redefined (0 events):
No events

Internal exceptions (20 events):
Event: 18.111 Thread 0x000001b3c86b7be0 Exception <a 'java/lang/NoSuchMethodError'{0x0000000713a71fc0}: static Lorg/jetbrains/plugins/gradle/tooling/serialization/internal/adapter/kotlin/dsl/InternalKotlinDslScriptModel;.<clinit>()V> (0x0000000713a71fc0) 
thrown [s\src\hotspot\share\prims\jni.cpp, line 1108]
Event: 18.275 Thread 0x000001b3c80ae4e0 Exception <a 'java/lang/NoSuchMethodError'{0x0000000712e1d818}: 'void java.lang.invoke.DirectMethodHandle$Holder.invokeStatic(java.lang.Object, int, java.lang.Object)'> (0x0000000712e1d818) 
thrown [s\src\hotspot\share\interpreter\linkResolver.cpp, line 771]
Event: 18.287 Thread 0x000001b3c80ae4e0 Exception <a 'java/lang/NoSuchMethodError'{0x0000000712ecfeb0}: 'java.lang.Object java.lang.invoke.DirectMethodHandle$Holder.invokeStatic(java.lang.Object, int, java.lang.Object)'> (0x0000000712ecfeb0) 
thrown [s\src\hotspot\share\interpreter\linkResolver.cpp, line 771]
Event: 18.431 Thread 0x000001b3c80ae4e0 Exception <a 'sun/nio/fs/WindowsException'{0x000000071269b4d8}> (0x000000071269b4d8) 
thrown [s\src\hotspot\share\prims\jni.cpp, line 517]
Event: 18.466 Thread 0x000001b3c80ae4e0 Exception <a 'sun/nio/fs/WindowsException'{0x00000007124ce840}> (0x00000007124ce840) 
thrown [s\src\hotspot\share\prims\jni.cpp, line 517]
Event: 18.466 Thread 0x000001b3c80ae4e0 Exception <a 'sun/nio/fs/WindowsException'{0x00000007124cfbb8}> (0x00000007124cfbb8) 
thrown [s\src\hotspot\share\prims\jni.cpp, line 517]
Event: 18.467 Thread 0x000001b3c80ae4e0 Exception <a 'sun/nio/fs/WindowsException'{0x00000007124d0f80}> (0x00000007124d0f80) 
thrown [s\src\hotspot\share\prims\jni.cpp, line 517]
Event: 18.467 Thread 0x000001b3c80ae4e0 Exception <a 'sun/nio/fs/WindowsException'{0x00000007124d2348}> (0x00000007124d2348) 
thrown [s\src\hotspot\share\prims\jni.cpp, line 517]
Event: 18.588 Thread 0x000001b3c80ae4e0 Exception <a 'java/lang/NullPointerException'{0x0000000711b3cfb0}> (0x0000000711b3cfb0) 
thrown [s\src\hotspot\share\interpreter\linkResolver.cpp, line 1447]
Event: 18.699 Thread 0x000001b3c80ae4e0 Implicit null exception at 0x000001b3ad835ab1 to 0x000001b3ad836ffc
Event: 18.941 Thread 0x000001b3c80ae4e0 Exception <a 'java/lang/NoSuchMethodError'{0x0000000710469c40}: 'java.lang.Object java.lang.invoke.DirectMethodHandle$Holder.invokeSpecial(java.lang.Object, java.lang.Object, long, java.lang.Object, java.lang.Object, java.lang.Object, java.lang.Object, java.lang.Object, java.lang.Object, java.lang.Object, java.lang.Object)'> (0x0000000710469c40) 
thrown [s\src\hotspot\share\interpreter\linkResolver.cpp, line 771]
Event: 18.941 Thread 0x000001b3c80ae4e0 Exception <a 'java/lang/NoSuchMethodError'{0x000000071046ecf0}: 'java.lang.Object java.lang.invoke.DelegatingMethodHandle$Holder.reinvoke_L(java.lang.Object, long, java.lang.Object, java.lang.Object, java.lang.Object, java.lang.Object, java.lang.Object, java.lang.Object, java.lang.Object, java.lang.Object)'> (0x000000071046ecf0) 
thrown [s\src\hotspot\share\interpreter\linkResolver.cpp, line 771]
Event: 18.943 Thread 0x000001b3c80ae4e0 Exception <a 'java/lang/NoSuchMethodError'{0x00000007104915f8}: 'java.lang.Object java.lang.invoke.Invokers$Holder.linkToTargetMethod(java.lang.Object, java.lang.Object, java.lang.Object, java.lang.Object, java.lang.Object, java.lang.Object, java.lang.Object, java.lang.Object, java.lang.Object)'> (0x00000007104915f8) 
thrown [s\src\hotspot\share\interpreter\linkResolver.cpp, line 771]
Event: 19.169 Thread 0x000001b3c1abeff0 Implicit null exception at 0x000001b3ad74b37d to 0x000001b3ad74b9d4
Event: 19.199 Thread 0x000001b3c80ae4e0 Exception <a 'java/lang/NoSuchMethodError'{0x00000007152ff248}: 'void java.lang.invoke.DirectMethodHandle$Holder.invokeSpecial(java.lang.Object, java.lang.Object, java.lang.Object, java.lang.Object, int, java.lang.Object, java.lang.Object)'> (0x00000007152ff248) 
thrown [s\src\hotspot\share\interpreter\linkResolver.cpp, line 771]
Event: 19.313 Thread 0x000001b3c80ae4e0 Implicit null exception at 0x000001b3adf089e3 to 0x000001b3adf0f268
Event: 19.491 Thread 0x000001b3c80ae4e0 Exception <a 'sun/nio/fs/WindowsException'{0x0000000713a86018}> (0x0000000713a86018) 
thrown [s\src\hotspot\share\prims\jni.cpp, line 517]
Event: 19.491 Thread 0x000001b3c80ae4e0 Exception <a 'sun/nio/fs/WindowsException'{0x0000000713a87390}> (0x0000000713a87390) 
thrown [s\src\hotspot\share\prims\jni.cpp, line 517]
Event: 19.491 Thread 0x000001b3c80ae4e0 Exception <a 'sun/nio/fs/WindowsException'{0x0000000713a88758}> (0x0000000713a88758) 
thrown [s\src\hotspot\share\prims\jni.cpp, line 517]
Event: 19.492 Thread 0x000001b3c80ae4e0 Exception <a 'sun/nio/fs/WindowsException'{0x0000000713a89b20}> (0x0000000713a89b20) 
thrown [s\src\hotspot\share\prims\jni.cpp, line 517]

VM Operations (20 events):
Event: 18.537 Executing VM operation: HandshakeAllThreads
Event: 18.537 Executing VM operation: HandshakeAllThreads done
Event: 18.537 Executing VM operation: HandshakeAllThreads
Event: 18.537 Executing VM operation: HandshakeAllThreads done
Event: 18.546 Executing VM operation: ICBufferFull
Event: 18.546 Executing VM operation: ICBufferFull done
Event: 18.893 Executing VM operation: HandshakeAllThreads
Event: 18.893 Executing VM operation: HandshakeAllThreads done
Event: 18.935 Executing VM operation: HandshakeAllThreads
Event: 18.935 Executing VM operation: HandshakeAllThreads done
Event: 19.036 Executing VM operation: ICBufferFull
Event: 19.036 Executing VM operation: ICBufferFull done
Event: 19.080 Executing VM operation: HandshakeAllThreads
Event: 19.080 Executing VM operation: HandshakeAllThreads done
Event: 19.160 Executing VM operation: G1CollectForAllocation
Event: 19.169 Executing VM operation: G1CollectForAllocation done
Event: 19.436 Executing VM operation: HandshakeAllThreads
Event: 19.436 Executing VM operation: HandshakeAllThreads done
Event: 19.749 Executing VM operation: ICBufferFull
Event: 19.749 Executing VM operation: ICBufferFull done

Events (20 events):
Event: 19.225 loading class com/sun/xml/internal/stream/events/AttributeImpl
Event: 19.225 loading class com/sun/xml/internal/stream/events/AttributeImpl done
Event: 19.225 loading class com/sun/xml/internal/stream/events/NamespaceImpl done
Event: 19.225 loading class com/sun/org/apache/xerces/internal/util/NamespaceSupport$Prefixes
Event: 19.225 loading class com/sun/org/apache/xerces/internal/util/NamespaceSupport$Prefixes done
Event: 19.225 loading class com/sun/xml/internal/stream/events/CharacterEvent
Event: 19.225 loading class javax/xml/stream/events/Characters
Event: 19.225 loading class javax/xml/stream/events/Characters done
Event: 19.225 loading class com/sun/xml/internal/stream/events/CharacterEvent done
Event: 19.225 loading class com/sun/xml/internal/stream/events/EndElementEvent
Event: 19.226 loading class javax/xml/stream/events/EndElement
Event: 19.226 loading class javax/xml/stream/events/EndElement done
Event: 19.226 loading class com/sun/xml/internal/stream/events/EndElementEvent done
Event: 19.226 loading class com/sun/xml/internal/stream/events/CommentEvent
Event: 19.226 loading class javax/xml/stream/events/Comment
Event: 19.226 loading class javax/xml/stream/events/Comment done
Event: 19.226 loading class com/sun/xml/internal/stream/events/CommentEvent done
Event: 19.639 Thread 0x000001b3c7083440 Thread added: 0x000001b3c7083440
Event: 19.760 Thread 0x000001b3c7082a20 Thread added: 0x000001b3c7082a20
Event: 19.852 Thread 0x000001b3c7083950 Thread added: 0x000001b3c7083950


Dynamic libraries:
0x00007ff65df50000 - 0x00007ff65df5a000 	C:\Program Files\Android\Android Studio\jbr\bin\java.exe
0x00007fff6e810000 - 0x00007fff6ea08000 	C:\WINDOWS\SYSTEM32\ntdll.dll
0x00007fff6cc30000 - 0x00007fff6ccf2000 	C:\WINDOWS\System32\KERNEL32.DLL
0x00007fff6bea0000 - 0x00007fff6c196000 	C:\WINDOWS\System32\KERNELBASE.dll
0x00007fff6c1d0000 - 0x00007fff6c2d0000 	C:\WINDOWS\System32\ucrtbase.dll
0x00007fff68510000 - 0x00007fff68527000 	C:\Program Files\Android\Android Studio\jbr\bin\jli.dll
0x00007fff64200000 - 0x00007fff6421b000 	C:\Program Files\Android\Android Studio\jbr\bin\VCRUNTIME140.dll
0x00007fff6c9f0000 - 0x00007fff6cb91000 	C:\WINDOWS\System32\USER32.dll
0x00007fff6c1a0000 - 0x00007fff6c1c2000 	C:\WINDOWS\System32\win32u.dll
0x00007fff5a4c0000 - 0x00007fff5a75b000 	C:\WINDOWS\WinSxS\amd64_microsoft.windows.common-controls_6595b64144ccf1df_6.0.19041.6456_none_60b8a6cb71f64256\COMCTL32.dll
0x00007fff6d780000 - 0x00007fff6d81e000 	C:\WINDOWS\System32\msvcrt.dll
0x00007fff6cba0000 - 0x00007fff6cbcb000 	C:\WINDOWS\System32\GDI32.dll
0x00007fff6c500000 - 0x00007fff6c619000 	C:\WINDOWS\System32\gdi32full.dll
0x00007fff6c380000 - 0x00007fff6c41d000 	C:\WINDOWS\System32\msvcp_win.dll
0x00007fff6d2b0000 - 0x00007fff6d2df000 	C:\WINDOWS\System32\IMM32.DLL
0x00007fff68f10000 - 0x00007fff68f1c000 	C:\Program Files\Android\Android Studio\jbr\bin\vcruntime140_1.dll
0x00007fff3a1e0000 - 0x00007fff3a26d000 	C:\Program Files\Android\Android Studio\jbr\bin\msvcp140.dll
0x00007ffeba020000 - 0x00007ffebaca3000 	C:\Program Files\Android\Android Studio\jbr\bin\server\jvm.dll
0x00007fff6e6b0000 - 0x00007fff6e761000 	C:\WINDOWS\System32\ADVAPI32.dll
0x00007fff6d820000 - 0x00007fff6d8bf000 	C:\WINDOWS\System32\sechost.dll
0x00007fff6e3e0000 - 0x00007fff6e500000 	C:\WINDOWS\System32\RPCRT4.dll
0x00007fff6c2d0000 - 0x00007fff6c2f7000 	C:\WINDOWS\System32\bcrypt.dll
0x00007fff6bd00000 - 0x00007fff6bd4b000 	C:\WINDOWS\SYSTEM32\POWRPROF.dll
0x00007fff68e50000 - 0x00007fff68e5a000 	C:\WINDOWS\SYSTEM32\VERSION.dll
0x00007fff57fc0000 - 0x00007fff57fe7000 	C:\WINDOWS\SYSTEM32\WINMM.dll
0x00007fff68fd0000 - 0x00007fff68fd9000 	C:\WINDOWS\SYSTEM32\WSOCK32.dll
0x00007fff6e2c0000 - 0x00007fff6e32b000 	C:\WINDOWS\System32\WS2_32.dll
0x00007fff6bce0000 - 0x00007fff6bcf2000 	C:\WINDOWS\SYSTEM32\UMPDC.dll
0x00007fff69d10000 - 0x00007fff69d22000 	C:\WINDOWS\SYSTEM32\kernel.appcore.dll
0x00007fff69040000 - 0x00007fff6904a000 	C:\Program Files\Android\Android Studio\jbr\bin\jimage.dll
0x00007fff58240000 - 0x00007fff58441000 	C:\WINDOWS\SYSTEM32\DBGHELP.DLL
0x00007fff53b00000 - 0x00007fff53b34000 	C:\WINDOWS\SYSTEM32\dbgcore.DLL
0x00007fff6c420000 - 0x00007fff6c4a2000 	C:\WINDOWS\System32\bcryptPrimitives.dll
0x00007fff68f40000 - 0x00007fff68f4e000 	C:\Program Files\Android\Android Studio\jbr\bin\instrument.dll
0x00007fff56660000 - 0x00007fff56685000 	C:\Program Files\Android\Android Studio\jbr\bin\java.dll
0x00007fff484e0000 - 0x00007fff484f8000 	C:\Program Files\Android\Android Studio\jbr\bin\zip.dll
0x00007fff6db50000 - 0x00007fff6e2c0000 	C:\WINDOWS\System32\SHELL32.dll
0x00007fff69f10000 - 0x00007fff6a6b5000 	C:\WINDOWS\SYSTEM32\windows.storage.dll
0x00007fff6d2e0000 - 0x00007fff6d634000 	C:\WINDOWS\System32\combase.dll
0x00007fff6b7f0000 - 0x00007fff6b81b000 	C:\WINDOWS\SYSTEM32\Wldp.dll
0x00007fff6d8c0000 - 0x00007fff6d98d000 	C:\WINDOWS\System32\OLEAUT32.dll
0x00007fff6e330000 - 0x00007fff6e3dd000 	C:\WINDOWS\System32\SHCORE.dll
0x00007fff6e770000 - 0x00007fff6e7cb000 	C:\WINDOWS\System32\shlwapi.dll
0x00007fff6bdd0000 - 0x00007fff6bdf4000 	C:\WINDOWS\SYSTEM32\profapi.dll
0x00007fff477a0000 - 0x00007fff477b9000 	C:\Program Files\Android\Android Studio\jbr\bin\net.dll
0x00007fff631d0000 - 0x00007fff632da000 	C:\WINDOWS\SYSTEM32\WINHTTP.dll
0x00007fff6b550000 - 0x00007fff6b5ba000 	C:\WINDOWS\system32\mswsock.dll
0x00007fff47780000 - 0x00007fff47796000 	C:\Program Files\Android\Android Studio\jbr\bin\nio.dll
0x00007fff65dd0000 - 0x00007fff65de0000 	C:\Program Files\Android\Android Studio\jbr\bin\verify.dll
0x00007fff47750000 - 0x00007fff47777000 	C:\Users\a\.gradle\native\1def1411415f61bf3af743bc5b6707747c0891f09f0c88961ee8f79bc544acac\windows-amd64\native-platform.dll
0x00007fff20630000 - 0x00007fff206a8000 	C:\Users\a\.gradle\native\0.2.7\x86_64-windows-gnu\gradle-fileevents.dll
0x00007fff68f30000 - 0x00007fff68f39000 	C:\Program Files\Android\Android Studio\jbr\bin\management.dll
0x00007fff67ad0000 - 0x00007fff67adb000 	C:\Program Files\Android\Android Studio\jbr\bin\management_ext.dll
0x00007fff6c830000 - 0x00007fff6c838000 	C:\WINDOWS\System32\PSAPI.DLL
0x00007fff6b230000 - 0x00007fff6b26b000 	C:\WINDOWS\SYSTEM32\IPHLPAPI.DLL
0x00007fff6db40000 - 0x00007fff6db48000 	C:\WINDOWS\System32\NSI.dll
0x00007fff63de0000 - 0x00007fff63df7000 	C:\WINDOWS\SYSTEM32\dhcpcsvc6.DLL
0x00007fff65000000 - 0x00007fff6501d000 	C:\WINDOWS\SYSTEM32\dhcpcsvc.DLL
0x00007fff6b270000 - 0x00007fff6b33a000 	C:\WINDOWS\SYSTEM32\DNSAPI.dll
0x00007fff6b750000 - 0x00007fff6b768000 	C:\WINDOWS\SYSTEM32\CRYPTSP.dll
0x00007fff6ae70000 - 0x00007fff6aea8000 	C:\WINDOWS\system32\rsaenh.dll
0x00007fff6bd90000 - 0x00007fff6bdbe000 	C:\WINDOWS\SYSTEM32\USERENV.dll
0x00007fff6b740000 - 0x00007fff6b74c000 	C:\WINDOWS\SYSTEM32\CRYPTBASE.dll
0x00007fff450a0000 - 0x00007fff450a7000 	C:\WINDOWS\system32\wshunix.dll

dbghelp: loaded successfully - version: 4.0.5 - missing functions: none
symbol engine: initialized successfully - sym options: 0x614 - pdb path: .;C:\Program Files\Android\Android Studio\jbr\bin;C:\WINDOWS\SYSTEM32;C:\WINDOWS\WinSxS\amd64_microsoft.windows.common-controls_6595b64144ccf1df_6.0.19041.6456_none_60b8a6cb71f64256;C:\Program Files\Android\Android Studio\jbr\bin\server;C:\Users\a\.gradle\native\1def1411415f61bf3af743bc5b6707747c0891f09f0c88961ee8f79bc544acac\windows-amd64;C:\Users\a\.gradle\native\0.2.7\x86_64-windows-gnu

VM Arguments:
jvm_args: --add-opens=java.base/java.lang=ALL-UNNAMED --add-opens=java.base/java.lang.invoke=ALL-UNNAMED --add-opens=java.base/java.util=ALL-UNNAMED --add-opens=java.prefs/java.util.prefs=ALL-UNNAMED --add-exports=jdk.compiler/com.sun.tools.javac.api=ALL-UNNAMED --add-exports=jdk.compiler/com.sun.tools.javac.util=ALL-UNNAMED --add-opens=java.base/java.util=ALL-UNNAMED --add-opens=java.prefs/java.util.prefs=ALL-UNNAMED --add-opens=java.base/java.nio.charset=ALL-UNNAMED --add-opens=java.base/java.net=ALL-UNNAMED --add-opens=java.base/java.util.concurrent.atomic=ALL-UNNAMED --add-opens=java.xml/javax.xml.namespace=ALL-UNNAMED -Xmx4096m -Dfile.encoding=windows-1252 -Duser.country=AU -Duser.language=en -Duser.variant -javaagent:C:\Users\a\.gradle\wrapper\dists\gradle-8.14.3-bin\40dfek2kz346l18gf9ltjsnyd\gradle-8.14.3\lib\agents\gradle-instrumentation-agent-8.14.3.jar 
java_command: org.gradle.launcher.daemon.bootstrap.GradleDaemon 8.14.3
java_class_path (initial): C:\Users\a\.gradle\wrapper\dists\gradle-8.14.3-bin\40dfek2kz346l18gf9ltjsnyd\gradle-8.14.3\lib\gradle-daemon-main-8.14.3.jar
Launcher Type: SUN_STANDARD

[Global flags]
     intx CICompilerCount                          = 4                                         {product} {ergonomic}
     uint ConcGCThreads                            = 2                                         {product} {ergonomic}
     uint G1ConcRefinementThreads                  = 8                                         {product} {ergonomic}
   size_t G1HeapRegionSize                         = 2097152                                   {product} {ergonomic}
    uintx GCDrainStackTargetSize                   = 64                                        {product} {ergonomic}
   size_t InitialHeapSize                          = 268435456                                 {product} {ergonomic}
   size_t MarkStackSize                            = 4194304                                   {product} {ergonomic}
   size_t MaxHeapSize                              = 4294967296                                {product} {command line}
   size_t MaxNewSize                               = 2575302656                                {product} {ergonomic}
   size_t MinHeapDeltaBytes                        = 2097152                                   {product} {ergonomic}
   size_t MinHeapSize                              = 8388608                                   {product} {ergonomic}
    uintx NonNMethodCodeHeapSize                   = 5839372                                {pd product} {ergonomic}
    uintx NonProfiledCodeHeapSize                  = 122909434                              {pd product} {ergonomic}
    uintx ProfiledCodeHeapSize                     = 122909434                              {pd product} {ergonomic}
    uintx ReservedCodeCacheSize                    = 251658240                              {pd product} {ergonomic}
     bool SegmentedCodeCache                       = true                                      {product} {ergonomic}
   size_t SoftMaxHeapSize                          = 4294967296                             {manageable} {ergonomic}
     bool UseCompressedClassPointers               = true                           {product lp64_product} {ergonomic}
     bool UseCompressedOops                        = true                           {product lp64_product} {ergonomic}
     bool UseG1GC                                  = true                                      {product} {ergonomic}
     bool UseLargePagesIndividualAllocation        = false                                  {pd product} {ergonomic}

Logging:
Log output configuration:
 #0: stdout all=warning uptime,level,tags
 #1: stderr all=off uptime,level,tags

Environment Variables:
JAVA_HOME=C:\Program Files\Java\jdk-17
PATH=C:\Program Files\Java\jdk-17\bin;C:\Program Files\Common Files\Oracle\Java\javapath;C:\Program Files (x86)\Intel\iCLS Client\;C:\Program Files\Intel\iCLS Client\;C:\WINDOWS\system32;C:\WINDOWS;C:\WINDOWS\System32\Wbem;C:\WINDOWS\System32\WindowsPowerShell\v1.0\;C:\WINDOWS\System32\OpenSSH\;C:\Program Files\dotnet\;C:\Program Files\Git\cmd;C:\Program Files\Java\jdk-17\bin;C:\Users\a\Documents\gradle\gradle-7.5\bin;C:\Users\a\AppData\Local\Android\Sdk\emulator;C:\Users\a\AppData\Local\Android\Sdk\platform-tools;C:\Program Files\MongoDB\Server\8.0\bin;C:\Program Files\PuTTY\;C:\Program Files\Go\bin;C:\Program Files\nodejs\;C:\Program Files\GitHub CLI\;C:\protoc\bin;C:\Program Files\Memurai\;C:\Users\a\AppData\Local\Programs\Python\Python313\Scripts\;C:\Users\a\AppData\Local\Programs\Python\Python313\;C:\Users\a\AppData\Local\Microsoft\WindowsApps;C:\Users\a\AppData\Local\Programs\Microsoft VS Code\bin;C:\flutter\bin;C:\Users\a\AppData\Local\Android\Sdk;C:\Program Files\Java\jdk-17;C:\maven\bin;C:\Users\a\go\bin;C:\Program Files (x86)\Nmap;C:\Users\a\AppData\Roaming\npm;C:\Users\a\AppData\Local\Pub\Cache\bin;C:\Gradle\bin;C:\Program Files\OpenSSL-Win64\bin;C:\protoc\bin;C:\etcd;
USERNAME=a
OS=Windows_NT
PROCESSOR_IDENTIFIER=Intel64 Family 6 Model 70 Stepping 1, GenuineIntel
TMP=C:\Users\a\AppData\Local\Temp
TEMP=C:\Users\a\AppData\Local\Temp



Periodic native trim disabled

JNI global refs:
JNI global refs: 29, weak refs: 1

JNI global refs memory usage: 843, weak refs: 841

OOME stack traces (most recent first):
Classloader memory used:
Loader org.gradle.internal.classloader.VisitableURLClassLoader                         : 6037K
Loader org.gradle.internal.classloader.VisitableURLClassLoader$InstrumentingVisitableURLClassLoader: 3883K
Loader bootstrap                                                                       : 3064K
Loader org.gradle.initialization.MixInLegacyTypesClassLoader                           : 1531K
Loader org.gradle.internal.classloader.VisitableURLClassLoader                         : 668K
Loader jdk.internal.reflect.DelegatingClassLoader                                      : 178K
Loader org.gradle.groovy.scripts.internal.DefaultScriptCompilationHandler$ScriptClassLoader: 97437B
Loader jdk.internal.loader.ClassLoaders$PlatformClassLoader                            : 71144B
Loader jdk.internal.loader.ClassLoaders$AppClassLoader                                 : 29430B
Loader org.codehaus.groovy.runtime.callsite.CallSiteClassLoader                        : 7881B
Loader groovy.lang.GroovyClassLoader$InnerLoader                                       : 5454B

Classes loaded by more than one classloader:
Class Program                                                                         : loaded 10 times (x 70B)
Class Build_gradle$1                                                                  : loaded 5 times (x 72B)
Class Build_gradle$2                                                                  : loaded 5 times (x 72B)
Class Build_gradle                                                                    : loaded 5 times (x 128B)
Class Build_gradle$1$1                                                                : loaded 5 times (x 76B)
Class org.gradle.kotlin.dsl.ImplementationConfigurationAccessorsKt                    : loaded 5 times (x 69B)
Class org.gradle.kotlin.dsl.Accessors7y9hz5zm5pocrb21isjhik2uhKt                      : loaded 5 times (x 69B)
Class Build_gradle$2$1                                                                : loaded 4 times (x 76B)
Class com.google.common.base.Joiner$1                                                 : loaded 3 times (x 78B)
Class com.google.common.collect.ImmutableMapEntry                                     : loaded 3 times (x 83B)
Class com.google.common.base.CharMatcher$NamedFastMatcher                             : loaded 3 times (x 110B)
Class com.google.common.base.AbstractIterator$State                                   : loaded 3 times (x 77B)
Class com.google.common.collect.ImmutableSet                                          : loaded 3 times (x 143B)
Class com.google.common.collect.SingletonImmutableList                                : loaded 3 times (x 167B)
Class com.google.common.base.Joiner$2                                                 : loaded 3 times (x 77B)
Class org.gradle.internal.Cast                                                        : loaded 3 times (x 69B)
Class com.google.common.collect.ImmutableBiMap                                        : loaded 3 times (x 141B)
Class com.google.common.base.Objects                                                  : loaded 3 times (x 69B)
Class com.google.common.collect.ImmutableMap$MapViewOfValuesAsSingletonSets           : loaded 3 times (x 123B)
Class com.google.common.base.CharMatcher$ForPredicate                                 : loaded 3 times (x 110B)
Class org.gradle.kotlin.dsl.ApiConfigurationAccessorsKt                               : loaded 3 times (x 69B)
Class com.google.common.base.CharMatcher$Negated                                      : loaded 3 times (x 111B)
Class com.google.common.collect.AbstractMapEntry                                      : loaded 3 times (x 79B)
Class com.google.common.base.NullnessCasts                                            : loaded 3 times (x 69B)
Class com.google.common.collect.AbstractIterator                                      : loaded 3 times (x 80B)
Class com.google.common.math.IntMath                                                  : loaded 3 times (x 69B)
Class com.google.common.base.CharMatcher$NegatedFastMatcher                           : loaded 3 times (x 111B)
Class com.google.common.base.CharMatcher$FastMatcher                                  : loaded 3 times (x 109B)
Class com.google.common.base.CommonPattern                                            : loaded 3 times (x 72B)
Class org.gradle.kotlin.dsl.Accessors3b22zubz91h1vnit99qiq17ljKt                      : loaded 3 times (x 69B)
Class com.google.common.collect.Iterables                                             : loaded 3 times (x 69B)
Class com.google.common.base.CharMatcher$Or                                           : loaded 3 times (x 110B)
Class org.gradle.api.Action                                                           : loaded 3 times (x 68B)
Class com.google.common.collect.ImmutableMap$1                                        : loaded 3 times (x 79B)
Class com.google.common.collect.ImmutableSet$SetBuilderImpl                           : loaded 3 times (x 74B)
Class com.google.common.base.Splitter$1                                               : loaded 3 times (x 75B)
Class com.google.common.collect.ImmutableList$SubList                                 : loaded 3 times (x 168B)
Class com.google.common.collect.ImmutableEntry                                        : loaded 3 times (x 80B)
Class com.google.common.collect.Lists$StringAsImmutableList                           : loaded 3 times (x 167B)
Class com.google.common.collect.ImmutableAsList                                       : loaded 3 times (x 169B)
Class com.google.common.base.ExtraObjectsMethodsForWeb                                : loaded 3 times (x 69B)
Class com.google.common.collect.IndexedImmutableSet                                   : loaded 3 times (x 148B)
Class com.google.common.base.CharMatcher$And                                          : loaded 3 times (x 110B)
Class org.gradle.api.UncheckedIOException                                             : loaded 3 times (x 80B)
Class com.google.common.base.CharMatcher$1                                            : loaded 3 times (x 111B)
Class com.google.common.collect.Iterators                                             : loaded 3 times (x 69B)
Class com.google.common.base.CharMatcher$AnyOf                                        : loaded 3 times (x 110B)
Class [Lcom.google.common.base.AbstractIterator$State;                                : loaded 3 times (x 67B)
Class com.google.common.collect.SingletonImmutableSet                                 : loaded 3 times (x 144B)
Class com.google.common.base.CharMatcher                                              : loaded 3 times (x 109B)
Class com.google.common.base.CharMatcher$IsNot                                        : loaded 3 times (x 109B)
Class com.google.common.collect.ImmutableMapEntrySet                                  : loaded 3 times (x 149B)
Class com.google.common.collect.PeekingIterator                                       : loaded 3 times (x 68B)
Class com.google.common.collect.RegularImmutableAsList                                : loaded 3 times (x 176B)
Class com.google.common.base.CharMatcher$Is                                           : loaded 3 times (x 109B)
Class Build_gradle$3                                                                  : loaded 3 times (x 76B)
Class com.google.common.base.CharMatcher$IsEither                                     : loaded 3 times (x 109B)
Class com.google.common.collect.Iterators$MergingIterator                             : loaded 3 times (x 79B)
Class com.google.common.base.Splitter$SplittingIterator                               : loaded 3 times (x 82B)
Class com.google.common.base.Splitter                                                 : loaded 3 times (x 70B)
Class com.google.common.collect.ImmutableSet$CachingAsList                            : loaded 3 times (x 145B)
Class com.google.common.collect.Iterators$ArrayItr                                    : loaded 3 times (x 95B)
Class com.google.common.collect.ImmutableSet$RegularSetBuilderImpl                    : loaded 3 times (x 75B)
Class com.google.common.collect.ImmutableSet$JdkBackedSetBuilderImpl                  : loaded 3 times (x 74B)
Class com.google.common.collect.ImmutableMapEntrySet$RegularEntrySet                  : loaded 3 times (x 149B)
Class com.google.common.base.Splitter$Strategy                                        : loaded 3 times (x 68B)
Class com.google.common.collect.ImmutableList$1                                       : loaded 3 times (x 95B)
Class com.google.common.collect.UnmodifiableListIterator                              : loaded 3 times (x 93B)
Class com.google.common.base.CharMatcher$None                                         : loaded 3 times (x 110B)
Class com.google.common.collect.AbstractIndexedListIterator                           : loaded 3 times (x 94B)
Class com.google.common.base.CharMatcher$BitSetMatcher                                : loaded 3 times (x 110B)
Class com.google.common.collect.ImmutableMap$IteratorBasedImmutableMap                : loaded 3 times (x 123B)
Class com.google.common.collect.RegularImmutableMap                                   : loaded 3 times (x 119B)
Class com.google.common.collect.CollectPreconditions                                  : loaded 3 times (x 69B)
Class com.google.common.collect.ImmutableMap                                          : loaded 3 times (x 118B)
Class com.google.common.collect.RegularImmutableMap$KeySet                            : loaded 3 times (x 148B)
Class org.gradle.internal.IoActions                                                   : loaded 3 times (x 69B)
Class com.google.common.collect.Iterators$9                                           : loaded 3 times (x 79B)
Class com.google.common.base.Function                                                 : loaded 3 times (x 68B)
Class com.google.common.base.Preconditions                                            : loaded 3 times (x 69B)
Class com.google.common.base.Joiner                                                   : loaded 3 times (x 77B)
Class com.google.common.collect.Iterators$5                                           : loaded 3 times (x 80B)
Class com.google.common.collect.RegularImmutableMap$BucketOverflowException           : loaded 3 times (x 80B)
Class com.google.common.collect.Iterators$4                                           : loaded 3 times (x 80B)
Class com.google.common.collect.Iterators$1                                           : loaded 3 times (x 79B)
Class com.google.common.collect.ImmutableList                                         : loaded 3 times (x 166B)
Class com.google.common.collect.ObjectArrays                                          : loaded 3 times (x 69B)
Class Build_gradle$1$2                                                                : loaded 3 times (x 76B)
Class com.google.common.collect.RegularImmutableList                                  : loaded 3 times (x 172B)
Class com.google.common.collect.ImmutableList$ReverseImmutableList                    : loaded 3 times (x 168B)
Class com.google.common.collect.RegularImmutableMap$Values                            : loaded 3 times (x 167B)
Class com.google.common.collect.ImmutableCollection                                   : loaded 3 times (x 123B)
Class com.google.common.base.AbstractIterator                                         : loaded 3 times (x 78B)
Class org.gradle.api.GradleException                                                  : loaded 3 times (x 80B)
Class com.google.common.collect.ImmutableMapEntry$NonTerminalImmutableMapEntry        : loaded 3 times (x 83B)
Class com.google.common.base.JdkPattern                                               : loaded 3 times (x 73B)
Class com.google.common.collect.Hashing                                               : loaded 3 times (x 69B)
Class com.google.common.collect.UnmodifiableIterator                                  : loaded 3 times (x 78B)
Class com.google.common.math.MathPreconditions                                        : loaded 3 times (x 69B)
Class com.google.common.math.IntMath$1                                                : loaded 3 times (x 69B)
Class com.google.common.collect.Lists                                                 : loaded 3 times (x 69B)
Class com.google.common.collect.BiMap                                                 : loaded 3 times (x 68B)
Class com.google.common.base.CharMatcher$InRange                                      : loaded 3 times (x 109B)
Class com.google.common.base.Predicate                                                : loaded 3 times (x 68B)
Class com.google.common.collect.RegularImmutableSet                                   : loaded 3 times (x 146B)
Class com.google.common.cache.LocalCache$StrongValueReference                         : loaded 2 times (x 88B)
Class kotlin.text.StringsKt                                                           : loaded 2 times (x 69B)
Class org.gradle.internal.classloader.FilteringClassLoader                            : loaded 2 times (x 103B)
Class kotlin.collections.AbstractMutableList                                          : loaded 2 times (x 166B)
Class kotlin.collections.ArrayDeque$Companion                                         : loaded 2 times (x 69B)
Class org.jetbrains.plugins.gradle.tooling.serialization.SerializationService         : loaded 2 times (x 68B)
Class kotlin.jvm.internal.Lambda                                                      : loaded 2 times (x 73B)
Class org.gradle.tooling.model.idea.IdeaDependencyScope                               : loaded 2 times (x 68B)
Class org.gradle.tooling.model.Model                                                  : loaded 2 times (x 68B)
Class [Lcom.google.common.cache.LocalCache$Strength;                                  : loaded 2 times (x 67B)
Class kotlin.reflect.KCallable                                                        : loaded 2 times (x 68B)
Class org.gradle.internal.classpath.DefaultClassPath$ImmutableUniqueList$Builder      : loaded 2 times (x 73B)
Class com.google.common.collect.AbstractRangeSet                                      : loaded 2 times (x 112B)
Class kotlin.UninitializedPropertyAccessException                                     : loaded 2 times (x 80B)
Class com.google.common.collect.Maps$8                                                : loaded 2 times (x 80B)
Class com.android.utils.FileUtils                                                     : loaded 2 times (x 69B)
Class [Lcom.google.common.cache.CacheBuilder$NullListener;                            : loaded 2 times (x 67B)
Class com.google.common.base.PatternCompiler                                          : loaded 2 times (x 68B)
Class kotlin.reflect.KDeclarationContainer                                            : loaded 2 times (x 68B)
Class kotlin.Result$Failure                                                           : loaded 2 times (x 70B)
Class org.jetbrains.kotlin.idea.gradleTooling.KotlinSourceSetContainer                : loaded 2 times (x 68B)
Class kotlin.Result$Companion                                                         : loaded 2 times (x 69B)
Class com.google.common.collect.Sets$SetView                                          : loaded 2 times (x 136B)
Class org.gradle.tooling.internal.adapter.ProtocolToModelAdapter$SupportedPropertyInvoker: loaded 2 times (x 74B)
Class com.google.common.cache.LocalCache$EntryFactory$8                               : loaded 2 times (x 81B)
Class kotlin.collections.IntIterator                                                  : loaded 2 times (x 80B)
Class org.objectweb.asm.AnnotationWriter                                              : loaded 2 times (x 77B)
Class org.apache.commons.io.output.ThresholdingOutputStream                           : loaded 2 times (x 92B)
Class org.gradle.internal.time.MonotonicClock                                         : loaded 2 times (x 75B)
Class kotlin.jvm.internal.markers.KMutableIterable                                    : loaded 2 times (x 68B)
Class org.gradle.internal.classloader.ClassLoaderVisitor                              : loaded 2 times (x 74B)
Class org.objectweb.asm.Label                                                         : loaded 2 times (x 71B)
Class com.google.common.cache.CacheBuilder$NullListener                               : loaded 2 times (x 80B)
Class org.gradle.tooling.internal.adapter.ProtocolToModelAdapter$MethodInvocationCache$MethodInvocationKey: loaded 2 times (x 71B)
Class org.jetbrains.plugins.gradle.tooling.serialization.internal.adapter.Supplier    : loaded 2 times (x 68B)
Class com.android.builder.model.v2.models.Versions$Version                            : loaded 2 times (x 68B)
Class com.google.common.cache.LocalCache$EntryFactory$7                               : loaded 2 times (x 81B)
Class org.gradle.internal.time.DefaultCountdownTimer                                  : loaded 2 times (x 86B)
Class kotlin.text.StringsKt__RegexExtensionsKt                                        : loaded 2 times (x 69B)
Class org.gradle.tooling.internal.adapter.CollectionMapper                            : loaded 2 times (x 71B)
Class com.android.builder.model.v2.ide.TestInfo                                       : loaded 2 times (x 68B)
Class org.gradle.internal.service.DefaultServiceLocator                               : loaded 2 times (x 81B)
Class kotlin.text.StringsKt__StringBuilderJVMKt                                       : loaded 2 times (x 69B)
Class org.gradle.internal.service.UnknownServiceException                             : loaded 2 times (x 81B)
Class org.jetbrains.plugins.gradle.model.ClasspathEntryModel                          : loaded 2 times (x 68B)
Class kotlin.collections.SetsKt___SetsKt                                              : loaded 2 times (x 69B)
Class com.google.common.collect.ArrayListMultimap                                     : loaded 2 times (x 170B)
Class kotlin.text.StringsKt__StringsJVMKt                                             : loaded 2 times (x 69B)
Class com.google.common.base.Strings                                                  : loaded 2 times (x 69B)
Class com.android.builder.model.v2.models.BasicAndroidProject                         : loaded 2 times (x 68B)
Class org.jetbrains.plugins.gradle.model.DependencyAccessorsModel                     : loaded 2 times (x 68B)
Class kotlin.collections.CollectionsKt___CollectionsKt$asSequence$$inlined$Sequence$1 : loaded 2 times (x 73B)
Class com.google.common.cache.CacheLoader$InvalidCacheLoadException                   : loaded 2 times (x 80B)
Class org.gradle.tooling.model.idea.IdeaCompilerOutput                                : loaded 2 times (x 68B)
Class org.gradle.internal.classloader.DefaultClassLoaderFactory                       : loaded 2 times (x 80B)
Class com.google.common.cache.LocalCache$EntryFactory$6                               : loaded 2 times (x 81B)
Class org.jetbrains.plugins.gradle.model.internal.TurnOffDefaultTasks                 : loaded 2 times (x 68B)
Class com.google.common.base.Stopwatch                                                : loaded 2 times (x 70B)
Class com.google.common.base.Platform$JdkPatternCompiler                              : loaded 2 times (x 73B)
Class org.jetbrains.plugins.gradle.tooling.ModelBuilderService$Parameter              : loaded 2 times (x 68B)
Class com.android.builder.model.v2.ide.AndroidArtifact                                : loaded 2 times (x 68B)
Class com.google.common.cache.LocalCache$LoadingValueReference                        : loaded 2 times (x 94B)
Class kotlin.collections.CollectionsKt__MutableCollectionsKt                          : loaded 2 times (x 69B)
Class org.apache.commons.io.output.ByteArrayOutputStream                              : loaded 2 times (x 100B)
Class org.gradle.tooling.internal.adapter.ProtocolToModelAdapter$DefaultViewBuilder   : loaded 2 times (x 78B)
Class kotlin.ResultKt                                                                 : loaded 2 times (x 69B)
Class com.google.common.base.CharMatcher$SingleWidth                                  : loaded 2 times (x 110B)
Class build_782jvh5doak2ite4e4h9y012e$_run_closure1                                   : loaded 2 times (x 137B)
Class com.android.builder.model.v2.ide.AndroidGradlePluginProjectFlags$BooleanFlag    : loaded 2 times (x 77B)
Class com.android.builder.model.v2.ide.CodeShrinker                                   : loaded 2 times (x 77B)
Class com.google.common.cache.LocalCache$EntryFactory$5                               : loaded 2 times (x 81B)
Class org.jetbrains.plugins.gradle.model.internal.DummyModel                          : loaded 2 times (x 68B)
Class org.jetbrains.plugins.gradle.model.GradleExtensions                             : loaded 2 times (x 68B)
Class com.google.common.collect.ImmutableRangeSet$ComplementRanges                    : loaded 2 times (x 167B)
Class org.jetbrains.plugins.gradle.tooling.serialization.GradleExtensionsSerializationService$WriteContext: loaded 2 times (x 70B)
Class kotlin.collections.CollectionsKt__ReversedViewsKt                               : loaded 2 times (x 69B)
Class org.gradle.tooling.internal.adapter.ProtocolToModelAdapter$NoOpDecoration       : loaded 2 times (x 77B)
Class com.google.common.collect.Multimap                                              : loaded 2 times (x 68B)
Class com.google.common.base.FunctionalEquivalence                                    : loaded 2 times (x 81B)
Class org.objectweb.asm.AnnotationVisitor                                             : loaded 2 times (x 76B)
Class org.objectweb.asm.RecordComponentWriter                                         : loaded 2 times (x 76B)
Class kotlin.sequences.SequenceScope                                                  : loaded 2 times (x 71B)
Class com.google.common.cache.LocalCache$1                                            : loaded 2 times (x 87B)
Class com.google.common.cache.LocalCache$2                                            : loaded 2 times (x 140B)
Class com.google.common.collect.RegularImmutableBiMap                                 : loaded 2 times (x 146B)
Class com.android.builder.model.v2.ide.TestedTargetVariant                            : loaded 2 times (x 68B)
Class kotlin.sequences.SequencesKt__SequenceBuilderKt                                 : loaded 2 times (x 69B)
Class org.jetbrains.plugins.gradle.tooling.serialization.internal.IdeaProjectSerializationService$WriteContext$1: loaded 2 times (x 81B)
Class com.google.common.cache.LocalCache$EntryFactory$4                               : loaded 2 times (x 81B)
Class org.jetbrains.plugins.gradle.tooling.serialization.internal.IdeaProjectSerializationService$WriteContext$2: loaded 2 times (x 81B)
Class org.jetbrains.plugins.gradle.model.VersionCatalogsModel                         : loaded 2 times (x 68B)
Class org.jetbrains.plugins.gradle.tooling.serialization.internal.IdeaProjectSerializationService$WriteContext$3: loaded 2 times (x 81B)
Class build_5q4hxj825yizmrns5qsbqz6zy                                                 : loaded 2 times (x 178B)
Class org.jetbrains.kotlin.idea.gradleTooling.AndroidAwareGradleModelProvider$Companion: loaded 2 times (x 69B)
Class org.jetbrains.plugins.gradle.tooling.serialization.internal.IdeaProjectSerializationService$WriteContext$4: loaded 2 times (x 81B)
Class kotlin.text.StringsKt__StringNumberConversionsKt                                : loaded 2 times (x 69B)
Class org.gradle.internal.classloader.VisitableURLClassLoader$Spec                    : loaded 2 times (x 72B)
Class org.jetbrains.plugins.gradle.tooling.serialization.internal.IdeaProjectSerializationService$WriteContext$5: loaded 2 times (x 81B)
Class org.gradle.tooling.model.ProjectModel                                           : loaded 2 times (x 68B)
Class org.gradle.internal.impldep.gnu.trove.TObjectIdentityHashingStrategy            : loaded 2 times (x 76B)
Class org.jetbrains.plugins.gradle.tooling.serialization.internal.IdeaProjectSerializationService$WriteContext$6: loaded 2 times (x 81B)
Class com.google.common.cache.LocalCache$EntryFactory$3                               : loaded 2 times (x 81B)
Class com.google.common.base.CharMatcher$JavaLetterOrDigit                            : loaded 2 times (x 109B)
Class org.jetbrains.plugins.gradle.tooling.serialization.internal.IdeaProjectSerializationService$WriteContext$7: loaded 2 times (x 81B)
Class org.gradle.tooling.internal.gradle.DefaultProjectIdentifier                     : loaded 2 times (x 84B)
Class org.jetbrains.plugins.gradle.tooling.serialization.internal.IdeaProjectSerializationService$WriteContext$8: loaded 2 times (x 81B)
Class build_5q4hxj825yizmrns5qsbqz6zy$_run_closure1                                   : loaded 2 times (x 137B)
Class com.intellij.util.containers.IntObjectHashMap                                   : loaded 2 times (x 70B)
Class org.gradle.api.internal.classpath.ModuleRegistry                                : loaded 2 times (x 68B)
Class kotlin.collections.ArraysKt__ArraysKt                                           : loaded 2 times (x 69B)
Class kotlin.KotlinNothingValueException                                              : loaded 2 times (x 80B)
Class com.google.common.cache.CacheBuilder                                            : loaded 2 times (x 70B)
Class org.objectweb.asm.ByteVector                                                    : loaded 2 times (x 77B)
Class com.google.common.cache.LocalCache$EntryFactory$2                               : loaded 2 times (x 81B)
Class org.jetbrains.plugins.gradle.model.RepositoriesModel                            : loaded 2 times (x 68B)
Class org.gradle.api.JavaVersion                                                      : loaded 2 times (x 77B)
Class kotlin.jvm.internal.markers.KMutableCollection                                  : loaded 2 times (x 68B)
Class com.google.common.collect.ImmutableRangeSet                                     : loaded 2 times (x 113B)
Class com.google.common.base.PairwiseEquivalence                                      : loaded 2 times (x 81B)
Class com.google.common.base.Ticker                                                   : loaded 2 times (x 70B)
Class kotlin.jvm.internal.markers.KMappedMarker                                       : loaded 2 times (x 68B)
Class org.gradle.tooling.internal.adapter.TypeInspector                               : loaded 2 times (x 71B)
Class org.gradle.api.internal.ClassPathProvider                                       : loaded 2 times (x 68B)
Class com.google.common.base.Ascii                                                    : loaded 2 times (x 69B)
Class org.gradle.tooling.internal.adapter.ProtocolToModelAdapter$PropertyCachingMethodInvoker: loaded 2 times (x 74B)
Class org.objectweb.asm.ModuleWriter                                                  : loaded 2 times (x 80B)
Class org.gradle.internal.classloader.ClasspathUtil$1                                 : loaded 2 times (x 74B)
Class com.android.builder.model.v2.dsl.DependenciesInfo                               : loaded 2 times (x 68B)
Class org.jetbrains.plugins.gradle.tooling.serialization.ExternalTestsSerializationService$ReadContext: loaded 2 times (x 70B)
Class com.google.common.collect.ImmutableEnumMap                                      : loaded 2 times (x 123B)
Class org.gradle.tooling.model.DomainObjectSet                                        : loaded 2 times (x 68B)
Class org.jetbrains.plugins.gradle.model.ExternalProjectDependency                    : loaded 2 times (x 68B)
Class kotlin.sequences.TransformingSequence                                           : loaded 2 times (x 73B)
Class org.gradle.tooling.model.build.JavaEnvironment                                  : loaded 2 times (x 68B)
Class kotlin.collections.CollectionsKt__MutableCollectionsJVMKt                       : loaded 2 times (x 69B)
Class kotlin.collections.EmptyList                                                    : loaded 2 times (x 134B)
Class com.google.common.cache.AbstractCache$StatsCounter                              : loaded 2 times (x 68B)
Class org.objectweb.asm.FieldVisitor                                                  : loaded 2 times (x 75B)
Class com.android.builder.model.v2.dsl.ProductFlavor                                  : loaded 2 times (x 68B)
Class org.objectweb.asm.Symbol                                                        : loaded 2 times (x 71B)
Class com.android.builder.model.v2.ide.ApiVersion                                     : loaded 2 times (x 68B)
Class com.google.common.cache.LocalCache$EntryFactory$1                               : loaded 2 times (x 81B)
Class com.google.common.primitives.Ints                                               : loaded 2 times (x 69B)
Class com.google.common.cache.LocalCache$Strength$1                                   : loaded 2 times (x 79B)
Class com.google.common.cache.LocalCache$Strength$2                                   : loaded 2 times (x 79B)
Class com.google.common.cache.LocalCache$Strength$3                                   : loaded 2 times (x 79B)
Class org.gradle.internal.classloader.ClassLoaderFactory                              : loaded 2 times (x 68B)
Class kotlin.coroutines.jvm.internal.RestrictedSuspendLambda                          : loaded 2 times (x 89B)
Class kotlin.jvm.internal.FunctionReference                                           : loaded 2 times (x 120B)
Class com.google.common.util.concurrent.Uninterruptibles                              : loaded 2 times (x 69B)
Class com.google.common.collect.Iterators$10                                          : loaded 2 times (x 79B)
Class kotlin.coroutines.EmptyCoroutineContext                                         : loaded 2 times (x 75B)
Class com.android.ide.common.repository.GradleVersion                                 : loaded 2 times (x 91B)
Class com.google.common.base.Equivalence                                              : loaded 2 times (x 80B)
Class org.jetbrains.plugins.gradle.model.FileCollectionDependency                     : loaded 2 times (x 68B)
Class org.gradle.api.internal.classpath.ManifestUtil                                  : loaded 2 times (x 69B)
Class org.gradle.api.specs.Spec                                                       : loaded 2 times (x 68B)
Class com.google.common.collect.RangeSet                                              : loaded 2 times (x 68B)
Class com.google.common.cache.CacheLoader$UnsupportedLoadingOperationException        : loaded 2 times (x 80B)
Class kotlin.jvm.internal.Intrinsics                                                  : loaded 2 times (x 69B)
Class com.google.common.base.CharMatcher$Whitespace                                   : loaded 2 times (x 110B)
Class com.google.common.util.concurrent.ListenableFuture                              : loaded 2 times (x 68B)
Class org.gradle.tooling.internal.gradle.GradleBuildIdentity                          : loaded 2 times (x 68B)
Class kotlin.text.StringsKt___StringsJvmKt                                            : loaded 2 times (x 69B)
Class org.gradle.tooling.internal.adapter.ProtocolToModelAdapter$ReflectionMethodInvoker: loaded 2 times (x 74B)
Class kotlin.io.FileSystemException                                                   : loaded 2 times (x 80B)
Class org.jetbrains.plugins.gradle.model.GradleConfiguration                          : loaded 2 times (x 68B)
Class kotlin.collections.CollectionsKt__CollectionsKt                                 : loaded 2 times (x 69B)
Class kotlin.io.FilesKt                                                               : loaded 2 times (x 69B)
Class com.android.builder.model.v2.ide.ProjectType                                    : loaded 2 times (x 77B)
Class kotlin.ranges.OpenEndRange                                                      : loaded 2 times (x 68B)
Class com.google.common.collect.ImmutableSet$EmptySetBuilderImpl                      : loaded 2 times (x 74B)
Class com.google.common.base.Equivalence$Equals                                       : loaded 2 times (x 80B)
Class com.android.builder.model.v2.models.ModelBuilderParameter                       : loaded 2 times (x 68B)
Class org.gradle.tooling.model.UnsupportedMethodException                             : loaded 2 times (x 80B)
Class com.google.common.base.Converter                                                : loaded 2 times (x 88B)
Class kotlin.coroutines.CoroutineContext                                              : loaded 2 times (x 68B)
Class kotlin.jvm.internal.CallableReference                                           : loaded 2 times (x 104B)
Class com.android.builder.model.v2.ide.JavaArtifact                                   : loaded 2 times (x 68B)
Class com.android.builder.model.v2.dsl.SigningConfig                                  : loaded 2 times (x 68B)
Class org.gradle.tooling.GradleConnectionException                                    : loaded 2 times (x 80B)
Class org.jetbrains.plugins.gradle.model.FilePatternSet                               : loaded 2 times (x 68B)
Class kotlin.collections.ArrayDeque                                                   : loaded 2 times (x 167B)
Class com.google.common.cache.ReferenceEntry                                          : loaded 2 times (x 68B)
Class org.gradle.tooling.internal.adapter.ObjectGraphAdapter                          : loaded 2 times (x 68B)
Class [Lcom.android.builder.model.v2.ide.BytecodeTransformation;                      : loaded 2 times (x 67B)
Class kotlin.ranges.IntProgression                                                    : loaded 2 times (x 79B)
Class com.google.common.primitives.IntsMethodsForWeb                                  : loaded 2 times (x 69B)
Class kotlin.sequences.SequencesKt                                                    : loaded 2 times (x 69B)
Class com.google.common.collect.RangeGwtSerializationDependencies                     : loaded 2 times (x 69B)
Class kotlin.collections.EmptyIterator                                                : loaded 2 times (x 87B)
Class com.google.common.collect.Maps                                                  : loaded 2 times (x 69B)
Class org.gradle.internal.exceptions.DefaultMultiCauseException                       : loaded 2 times (x 89B)
Class com.android.ide.gradle.model.LegacyV1AgpVersionModel                            : loaded 2 times (x 68B)
Class com.android.builder.model.v2.dsl.BaseConfig                                     : loaded 2 times (x 68B)
Class kotlin.jvm.internal.FunctionReferenceImpl                                       : loaded 2 times (x 120B)
Class com.android.builder.model.v2.ide.VectorDrawablesOptions                         : loaded 2 times (x 68B)
Class com.android.builder.model.v2.ide.JavaCompileOptions                             : loaded 2 times (x 68B)
Class com.google.common.util.concurrent.AbstractFuture$Failure                        : loaded 2 times (x 70B)
Class [Lorg.apache.commons.io.StandardLineSeparator;                                  : loaded 2 times (x 67B)
Class com.android.builder.model.v2.ide.TestInfo$Execution                             : loaded 2 times (x 77B)
Class org.gradle.api.internal.classpath.EffectiveClassPath                            : loaded 2 times (x 88B)
Class org.apache.commons.io.StandardLineSeparator                                     : loaded 2 times (x 77B)
Class org.apache.commons.io.output.AppendableWriter                                   : loaded 2 times (x 98B)
Class org.objectweb.asm.Type                                                          : loaded 2 times (x 70B)
Class kotlin.jvm.internal.DefaultConstructorMarker                                    : loaded 2 times (x 69B)
Class com.google.common.cache.CacheLoader$FunctionToCacheLoader                       : loaded 2 times (x 73B)
Class com.google.common.cache.CacheBuilder$1                                          : loaded 2 times (x 83B)
Class com.google.common.cache.CacheBuilder$2                                          : loaded 2 times (x 70B)
Class com.google.common.cache.LocalCache$AbstractReferenceEntry                       : loaded 2 times (x 105B)
Class org.gradle.internal.installation.GradleInstallation$1                           : loaded 2 times (x 73B)
Class com.android.builder.model.v2.models.Versions                                    : loaded 2 times (x 68B)
Class org.gradle.api.internal.DefaultClassPathProvider                                : loaded 2 times (x 74B)
Class [Lcom.google.common.cache.RemovalListener;                                      : loaded 2 times (x 67B)
Class [Lcom.google.common.collect.ImmutableMapEntry;                                  : loaded 2 times (x 67B)
Class org.gradle.tooling.model.idea.IdeaDependency                                    : loaded 2 times (x 68B)
Class org.jetbrains.kotlin.idea.gradleTooling.model.annotation.AnnotationBasedPluginModel: loaded 2 times (x 68B)
Class org.jetbrains.kotlin.idea.gradleTooling.model.assignment.AssignmentModel        : loaded 2 times (x 68B)
Class com.android.builder.model.v2.models.VariantDependencies                         : loaded 2 times (x 68B)
Class kotlin.sequences.SequencesKt___SequencesKt$filterNotNull$1                      : loaded 2 times (x 76B)
Class org.jetbrains.plugins.gradle.tooling.serialization.ExternalProjectSerializationService: loaded 2 times (x 75B)
Class org.gradle.internal.installation.CurrentGradleInstallation                      : loaded 2 times (x 71B)
Class org.gradle.internal.installation.CurrentGradleInstallationLocator               : loaded 2 times (x 69B)
Class [Lcom.google.common.cache.LocalCache$Segment;                                   : loaded 2 times (x 67B)
Class kotlin.collections.CollectionsKt__IteratorsJVMKt                                : loaded 2 times (x 69B)
Class org.gradle.api.internal.classpath.Module                                        : loaded 2 times (x 68B)
Class com.google.common.collect.ImmutableSortedSet                                    : loaded 2 times (x 233B)
Class kotlin.sequences.FilteringSequence                                              : loaded 2 times (x 73B)
Class com.google.common.base.Splitter$1$1                                             : loaded 2 times (x 84B)
Class org.jetbrains.plugins.gradle.tooling.serialization.ProjectDependenciesSerializationService$ReadContext: loaded 2 times (x 70B)
Class org.jetbrains.plugins.gradle.tooling.serialization.internal.IdeaProjectSerializationService$WriteContext: loaded 2 times (x 70B)
Class org.gradle.tooling.internal.adapter.ViewBuilder                                 : loaded 2 times (x 68B)
Class org.gradle.tooling.internal.adapter.ProtocolToModelAdapter                      : loaded 2 times (x 78B)
Class kotlin.sequences.SequencesKt__SequencesKt                                       : loaded 2 times (x 69B)
Class kotlin.sequences.SequencesKt__SequencesJVMKt                                    : loaded 2 times (x 69B)
Class org.jetbrains.kotlin.idea.gradleTooling.KotlinMPPGradleModel                    : loaded 2 times (x 68B)
Class org.gradle.tooling.internal.adapter.WeakIdentityHashMap$WeakKey                 : loaded 2 times (x 77B)
Class com.google.common.cache.LocalCache$Segment                                      : loaded 2 times (x 152B)
Class [Lorg.objectweb.asm.AnnotationWriter;                                           : loaded 2 times (x 67B)
Class org.gradle.internal.service.CachingServiceLocator                               : loaded 2 times (x 80B)
Class kotlin.NoWhenBranchMatchedException                                             : loaded 2 times (x 80B)
Class org.gradle.internal.time.Timer                                                  : loaded 2 times (x 68B)
Class [Lcom.google.common.collect.ImmutableEntry;                                     : loaded 2 times (x 67B)
Class org.jetbrains.plugins.gradle.model.tests.ExternalTestsModel                     : loaded 2 times (x 68B)
Class org.jetbrains.kotlin.idea.gradleTooling.KotlinDslScriptAdditionalTask           : loaded 2 times (x 68B)
Class kotlin.text.StringsKt__StringBuilderKt                                          : loaded 2 times (x 69B)
Class org.jetbrains.plugins.gradle.tooling.util.ObjectCollector                       : loaded 2 times (x 70B)
Class kotlin.sequences.FilteringSequence$iterator$1                                   : loaded 2 times (x 77B)
Class org.gradle.internal.classpath.DefaultClassPath                                  : loaded 2 times (x 88B)
Class kotlin.sequences.FlatteningSequence                                             : loaded 2 times (x 73B)
Class kotlin.Result                                                                   : loaded 2 times (x 70B)
Class org.gradle.internal.impldep.gnu.trove.TObjectHash$NULL                          : loaded 2 times (x 69B)
Class com.android.Version                                                             : loaded 2 times (x 69B)
Class [Lcom.google.common.cache.Weigher;                                              : loaded 2 times (x 67B)
Class org.jetbrains.plugins.gradle.tooling.serialization.GradleExtensionsSerializationService$ReadContext: loaded 2 times (x 70B)
Class kotlin.sequences.SequencesKt___SequencesKt                                      : loaded 2 times (x 69B)
Class org.jetbrains.plugins.gradle.tooling.serialization.internal.IdeaProjectSerializationService: loaded 2 times (x 75B)
Class com.google.common.collect.CollectCollectors                                     : loaded 2 times (x 69B)
Class org.gradle.internal.impldep.gnu.trove.TObjectIntHashMap                         : loaded 2 times (x 107B)
Class org.gradle.tooling.model.idea.IdeaProject                                       : loaded 2 times (x 68B)
Class org.gradle.tooling.model.Element                                                : loaded 2 times (x 68B)
Class com.android.builder.model.v2.ide.PrivacySandboxSdkInfo                          : loaded 2 times (x 68B)
Class kotlin.sequences.FlatteningSequence$iterator$1                                  : loaded 2 times (x 77B)
Class kotlin.collections.SetsKt__SetsJVMKt                                            : loaded 2 times (x 69B)
Class kotlin.collections.MapsKt___MapsJvmKt                                           : loaded 2 times (x 69B)
Class [Lcom.android.builder.model.v2.ide.ProjectType;                                 : loaded 2 times (x 67B)
Class org.gradle.internal.impldep.gnu.trove.TObjectHash                               : loaded 2 times (x 92B)
Class com.intellij.openapi.externalSystem.model.project.dependencies.ProjectDependencies: loaded 2 times (x 68B)
Class com.google.common.cache.LocalCache$LocalManualCache$1                           : loaded 2 times (x 73B)
Class [Lcom.android.builder.model.v2.ide.TestInfo$Execution;                          : loaded 2 times (x 67B)
Class kotlin.ranges.IntProgressionIterator                                            : loaded 2 times (x 80B)
Class kotlin.jvm.internal.markers.KMutableList                                        : loaded 2 times (x 68B)
Class org.jetbrains.kotlin.idea.gradleTooling.PrepareKotlinIdeImportTaskModel         : loaded 2 times (x 68B)
Class org.jetbrains.kotlin.tooling.core.Extras                                        : loaded 2 times (x 68B)
Class com.google.common.collect.Lists$RandomAccessReverseList                         : loaded 2 times (x 160B)
Class kotlin.jvm.functions.Function0                                                  : loaded 2 times (x 68B)
Class org.gradle.tooling.internal.adapter.TargetTypeProvider                          : loaded 2 times (x 68B)
Class org.gradle.internal.impldep.com.google.common.base.Preconditions                : loaded 2 times (x 69B)
Class kotlin.jvm.functions.Function1                                                  : loaded 2 times (x 68B)
Class org.jetbrains.kotlin.idea.gradleTooling.AndroidAwareGradleModelProvider         : loaded 2 times (x 74B)
Class kotlin.jvm.functions.Function2                                                  : loaded 2 times (x 68B)
Class org.objectweb.asm.SymbolTable$Entry                                             : loaded 2 times (x 72B)
Class [Lcom.google.common.cache.LocalCache$EntryFactory;                              : loaded 2 times (x 67B)
Class kotlin.jvm.functions.Function4                                                  : loaded 2 times (x 68B)
Class com.android.builder.model.v2.ide.Variant                                        : loaded 2 times (x 68B)
Class org.gradle.internal.impldep.gnu.trove.THash                                     : loaded 2 times (x 79B)
Class sync_studio_tooling2557_3uag8xduoectz75zbzbmfo3nr                               : loaded 2 times (x 177B)
Class com.google.common.base.Platform                                                 : loaded 2 times (x 69B)
Class com.google.common.collect.RegularImmutableSortedSet                             : loaded 2 times (x 233B)
Class kotlin.sequences.SequenceBuilderIterator                                        : loaded 2 times (x 83B)
Class org.gradle.internal.time.Time                                                   : loaded 2 times (x 69B)
Class com.android.builder.model.v2.ide.SourceProvider                                 : loaded 2 times (x 68B)
Class org.gradle.internal.time.TimeSource$1                                           : loaded 2 times (x 75B)
Class [Lkotlin.coroutines.intrinsics.CoroutineSingletons;                             : loaded 2 times (x 67B)
Class kotlin.ranges.ClosedRange                                                       : loaded 2 times (x 68B)
Class org.apache.commons.io.CloseableURLConnection                                    : loaded 2 times (x 115B)
Class org.jetbrains.plugins.gradle.tooling.serialization.RepositoriesModelSerializationService$WriteContext: loaded 2 times (x 70B)
Class kotlin.KotlinNullPointerException                                               : loaded 2 times (x 81B)
Class org.jetbrains.plugins.gradle.model.ExternalLibraryDependency                    : loaded 2 times (x 68B)
Class com.google.common.cache.CacheLoader                                             : loaded 2 times (x 72B)
Class com.google.common.collect.ImmutableBiMapFauxverideShim                          : loaded 2 times (x 118B)
Class kotlin.io.NoSuchFileException                                                   : loaded 2 times (x 80B)
Class org.objectweb.asm.MethodTooLargeException                                       : loaded 2 times (x 81B)
Class kotlin.reflect.KAnnotatedElement                                                : loaded 2 times (x 68B)
Class com.android.ide.gradle.model.composites.BuildMap                                : loaded 2 times (x 68B)
Class kotlin.ranges.RangesKt___RangesKt                                               : loaded 2 times (x 69B)
Class com.android.ide.gradle.model.LegacyAndroidGradlePluginProperties                : loaded 2 times (x 68B)
Class kotlin.collections.CollectionsKt___CollectionsKt                                : loaded 2 times (x 69B)
Class org.apache.commons.io.output.NullWriter                                         : loaded 2 times (x 97B)
Class com.google.common.cache.Cache                                                   : loaded 2 times (x 68B)
Class kotlin.sequences.SequencesKt__SequenceBuilderKt$sequence$$inlined$Sequence$1    : loaded 2 times (x 73B)
Class org.gradle.tooling.internal.adapter.ProtocolToModelAdapter$MixInMappingAction   : loaded 2 times (x 78B)
Class org.gradle.internal.classloader.SystemClassLoaderSpec                           : loaded 2 times (x 69B)
Class com.google.common.util.concurrent.internal.InternalFutureFailureAccess          : loaded 2 times (x 70B)
Class org.jetbrains.plugins.gradle.tooling.serialization.AnnotationProcessingModelSerializationService$ReadContext: loaded 2 times (x 70B)
Class kotlin.jvm.internal.CallableReference$NoReceiver                                : loaded 2 times (x 69B)
Class org.objectweb.asm.FieldWriter                                                   : loaded 2 times (x 76B)
Class org.jetbrains.plugins.gradle.tooling.serialization.RepositoriesModelSerializationService: loaded 2 times (x 80B)
Class org.jetbrains.plugins.gradle.tooling.serialization.ProjectDependenciesSerializationService: loaded 2 times (x 75B)
Class org.gradle.tooling.internal.adapter.WeakIdentityHashMap$AbsentValueProvider     : loaded 2 times (x 68B)
Class com.android.builder.model.v2.ide.BytecodeTransformation                         : loaded 2 times (x 77B)
Class com.google.common.collect.ImmutableMap$Builder                                  : loaded 2 times (x 80B)
Class org.gradle.tooling.model.Dependency                                             : loaded 2 times (x 68B)
Class com.android.builder.model.v2.models.ndk.NativeModule                            : loaded 2 times (x 68B)
Class org.jetbrains.plugins.gradle.model.IntelliJSettings                             : loaded 2 times (x 68B)
Class kotlin.io.FileAlreadyExistsException                                            : loaded 2 times (x 80B)
Class org.jetbrains.plugins.gradle.tooling.serialization.AnnotationProcessingModelSerializationService: loaded 2 times (x 75B)
Class org.objectweb.asm.ClassWriter                                                   : loaded 2 times (x 104B)
Class com.google.common.collect.Range                                                 : loaded 2 times (x 85B)
Class org.apache.commons.io.IOUtils                                                   : loaded 2 times (x 69B)
Class com.google.common.base.AbstractIterator$1                                       : loaded 2 times (x 69B)
Class kotlin.collections.SetsKt                                                       : loaded 2 times (x 69B)
Class kotlin.jvm.internal.FunctionBase                                                : loaded 2 times (x 68B)
Class com.android.builder.model.v2.models.AndroidDsl                                  : loaded 2 times (x 68B)
Class [Lcom.google.common.cache.CacheBuilder$OneWeigher;                              : loaded 2 times (x 67B)
Class kotlin.Function                                                                 : loaded 2 times (x 68B)
Class org.gradle.tooling.internal.adapter.ProtocolToModelAdapter$1                    : loaded 2 times (x 73B)
Class org.jetbrains.plugins.gradle.tooling.serialization.BuildScriptClasspathModelSerializationService$ReadContext: loaded 2 times (x 70B)
Class com.google.common.cache.LocalCache$StrongEntry                                  : loaded 2 times (x 106B)
Class com.google.common.base.CharMatcher$Ascii                                        : loaded 2 times (x 110B)
Class com.android.builder.model.v2.ide.AaptOptions                                    : loaded 2 times (x 68B)
Class com.google.common.cache.LocalCache$ComputingValueReference                      : loaded 2 times (x 94B)
Class org.jetbrains.plugins.gradle.tooling.util.ObjectCollector$Processor             : loaded 2 times (x 68B)
Class kotlin.text.StringsKt__AppendableKt                                             : loaded 2 times (x 69B)
Class org.jetbrains.plugins.gradle.model.ExternalProject                              : loaded 2 times (x 68B)
Class build_782jvh5doak2ite4e4h9y012e                                                 : loaded 2 times (x 178B)
Class kotlin.coroutines.jvm.internal.RestrictedContinuationImpl                       : loaded 2 times (x 85B)
Class kotlin.io.FilesKt__FileReadWriteKt                                              : loaded 2 times (x 69B)
Class org.gradle.tooling.internal.adapter.ProtocolToModelAdapter$SafeMethodInvoker    : loaded 2 times (x 74B)
Class com.android.ide.gradle.model.GradlePropertiesModel                              : loaded 2 times (x 68B)
Class org.gradle.tooling.model.gradle.GradleScript                                    : loaded 2 times (x 68B)
Class [Lcom.android.builder.model.v2.ide.AndroidGradlePluginProjectFlags$BooleanFlag; : loaded 2 times (x 67B)
Class org.jetbrains.kotlin.idea.gradleTooling.model.kapt.KaptGradleModel              : loaded 2 times (x 68B)
Class com.android.ide.gradle.model.artifacts.AdditionalClassifierArtifactsModel       : loaded 2 times (x 68B)
Class org.gradle.tooling.internal.adapter.ProtocolToModelAdapter$ViewKey              : loaded 2 times (x 70B)
Class com.google.common.collect.AbstractListMultimap                                  : loaded 2 times (x 170B)
Class com.google.common.base.CharMatcher$Any                                          : loaded 2 times (x 110B)
Class com.android.builder.model.v2.ide.ViewBindingOptions                             : loaded 2 times (x 68B)
Class org.apache.commons.io.output.UnsynchronizedByteArrayOutputStream                : loaded 2 times (x 100B)
Class com.android.builder.model.v2.ide.AbstractArtifact                               : loaded 2 times (x 68B)
Class com.google.common.cache.LocalCache$Strength                                     : loaded 2 times (x 79B)
Class com.google.common.collect.SortedIterable                                        : loaded 2 times (x 68B)
Class com.google.common.collect.ArrayListMultimapGwtSerializationDependencies         : loaded 2 times (x 170B)
Class kotlin.Unit                                                                     : loaded 2 times (x 69B)
Class com.google.common.base.CharMatcher$RangesMatcher                                : loaded 2 times (x 110B)
Class org.objectweb.asm.Handler                                                       : loaded 2 times (x 70B)
Class org.gradle.api.internal.classpath.GlobalCacheRootsProvider                      : loaded 2 times (x 68B)
Class org.gradle.internal.impldep.gnu.trove.TObjectIntProcedure                       : loaded 2 times (x 68B)
Class kotlin.collections.CollectionsKt                                                : loaded 2 times (x 69B)
Class org.gradle.tooling.internal.gradle.GradleProjectIdentity                        : loaded 2 times (x 68B)
Class kotlin.collections.ArraysKt___ArraysJvmKt                                       : loaded 2 times (x 69B)
Class org.jetbrains.kotlin.idea.gradleTooling.model.samWithReceiver.SamWithReceiverModel: loaded 2 times (x 68B)
Class kotlin.collections.CollectionsKt___CollectionsJvmKt                             : loaded 2 times (x 69B)
Class com.google.common.cache.LocalCache$ValueReference                               : loaded 2 times (x 68B)
Class org.gradle.tooling.internal.adapter.MethodInvocation                            : loaded 2 times (x 83B)
Class org.gradle.internal.time.CountdownTimer                                         : loaded 2 times (x 68B)
Class org.gradle.internal.time.Clock                                                  : loaded 2 times (x 68B)
Class org.gradle.internal.classloader.ClasspathUtil                                   : loaded 2 times (x 69B)
Class kotlin.ranges.RangesKt__RangesKt                                                : loaded 2 times (x 69B)
Class org.objectweb.asm.CurrentFrame                                                  : loaded 2 times (x 71B)
Class com.google.common.util.concurrent.AbstractFuture                                : loaded 2 times (x 93B)
Class ijInit1_9er5d4emp97zuwg5ti0aen9m0                                               : loaded 2 times (x 177B)
Class kotlin.NotImplementedError                                                      : loaded 2 times (x 80B)
Class org.jetbrains.kotlin.tooling.core.HasMutableExtras                              : loaded 2 times (x 68B)
Class org.gradle.tooling.model.BuildIdentifier                                        : loaded 2 times (x 68B)
Class kotlin.ranges.RangesKt                                                          : loaded 2 times (x 69B)
Class kotlin.collections.CollectionsKt__IteratorsKt                                   : loaded 2 times (x 69B)
Class com.google.common.base.Ticker$1                                                 : loaded 2 times (x 70B)
Class com.google.common.collect.Maps$BiMapConverter                                   : loaded 2 times (x 88B)
Class org.gradle.api.internal.DefaultClassPathRegistry                                : loaded 2 times (x 74B)
Class com.google.common.base.Splitter$5                                               : loaded 2 times (x 78B)
Class com.google.common.util.concurrent.AbstractFuture$Cancellation                   : loaded 2 times (x 70B)
Class [Lorg.objectweb.asm.Symbol;                                                     : loaded 2 times (x 67B)
Class org.jetbrains.plugins.gradle.tooling.serialization.KotlinDslScriptsModelSerializationService: loaded 2 times (x 79B)
Class org.gradle.api.internal.classpath.DefaultModuleRegistry$DefaultModule           : loaded 2 times (x 84B)
Class com.google.common.base.CharMatcher$JavaIsoControl                               : loaded 2 times (x 110B)
Class kotlin.coroutines.intrinsics.IntrinsicsKt__IntrinsicsKt                         : loaded 2 times (x 69B)
Class org.gradle.tooling.model.build.GradleEnvironment                                : loaded 2 times (x 68B)
Class com.google.common.cache.CacheBuilder$OneWeigher                                 : loaded 2 times (x 80B)
Class [Lcom.android.builder.model.v2.ide.AaptOptions$Namespacing;                     : loaded 2 times (x 67B)
Class org.jetbrains.plugins.gradle.tooling.serialization.ExternalTestsSerializationService$WriteContext: loaded 2 times (x 70B)
Class kotlin.text.StringsKt__StringsKt                                                : loaded 2 times (x 69B)
Class org.gradle.internal.time.TimeSource                                             : loaded 2 times (x 68B)
Class com.google.common.base.Suppliers$SupplierOfInstance                             : loaded 2 times (x 77B)
Class org.objectweb.asm.RecordComponentVisitor                                        : loaded 2 times (x 75B)
Class kotlin.text.Regex$Companion                                                     : loaded 2 times (x 69B)
Class com.intellij.util.containers.IntObjectHashMap$ArrayProducer                     : loaded 2 times (x 68B)
Class kotlin.text.StringsKt__RegexExtensionsJVMKt                                     : loaded 2 times (x 69B)
Class org.jetbrains.kotlin.android.synthetic.idea.AndroidExtensionsGradleModel        : loaded 2 times (x 68B)
Class [Lcom.intellij.openapi.externalSystem.model.project.dependencies.ResolutionState;: loaded 2 times (x 67B)
Class com.google.common.base.CharMatcher$JavaLowerCase                                : loaded 2 times (x 109B)
Class org.objectweb.asm.ClassTooLargeException                                        : loaded 2 times (x 81B)
Class com.intellij.openapi.externalSystem.model.project.dependencies.ResolutionState  : loaded 2 times (x 77B)
Class org.gradle.api.internal.classpath.UnknownModuleException                        : loaded 2 times (x 80B)
Class kotlin.coroutines.intrinsics.IntrinsicsKt__IntrinsicsJvmKt                      : loaded 2 times (x 69B)
Class com.google.common.util.concurrent.AbstractFuture$Listener                       : loaded 2 times (x 70B)
Class kotlin.collections.MapsKt__MapsJVMKt                                            : loaded 2 times (x 69B)
Class org.apache.commons.io.output.AbstractByteArrayOutputStream                      : loaded 2 times (x 100B)
Class org.objectweb.asm.Edge                                                          : loaded 2 times (x 70B)
Class com.android.ide.gradle.model.GradlePluginModel                                  : loaded 2 times (x 68B)
Class org.gradle.tooling.model.kotlin.dsl.KotlinDslScriptsModel                       : loaded 2 times (x 68B)
Class com.google.common.collect.ImmutableCollection$Builder                           : loaded 2 times (x 74B)
Class org.jetbrains.plugins.gradle.model.ProjectImportModelProvider                   : loaded 2 times (x 68B)
Class org.jetbrains.plugins.gradle.tooling.serialization.GradleExtensionsSerializationService: loaded 2 times (x 75B)
Class kotlin.collections.ArraysKt___ArraysKt                                          : loaded 2 times (x 69B)
Class com.android.builder.model.v2.ide.AaptOptions$Namespacing                        : loaded 2 times (x 77B)
Class kotlin.coroutines.Continuation                                                  : loaded 2 times (x 68B)
Class [Lorg.objectweb.asm.SymbolTable$Entry;                                          : loaded 2 times (x 67B)
Class kotlin.text.StringsKt__StringNumberConversionsJVMKt                             : loaded 2 times (x 69B)
Class com.google.common.collect.SingletonImmutableBiMap                               : loaded 2 times (x 141B)
Class kotlin.ranges.IntProgression$Companion                                          : loaded 2 times (x 69B)
Class kotlin.TuplesKt                                                                 : loaded 2 times (x 69B)
Class kotlin.io.FilesKt__FilePathComponentsKt                                         : loaded 2 times (x 69B)
Class com.google.common.base.Suppliers                                                : loaded 2 times (x 69B)
Class build_782jvh5doak2ite4e4h9y012e$_run_closure1$_closure3                         : loaded 2 times (x 137B)
Class org.jetbrains.plugins.gradle.model.IntelliJProjectSettings                      : loaded 2 times (x 68B)
Class org.objectweb.asm.ClassVisitor                                                  : loaded 2 times (x 86B)
Class kotlin.text.StringsKt__IndentKt                                                 : loaded 2 times (x 69B)
Class com.google.common.cache.LoadingCache                                            : loaded 2 times (x 68B)
Class org.gradle.internal.service.ServiceLookupException                              : loaded 2 times (x 80B)
Class kotlin.collections.MapsKt__MapWithDefaultKt                                     : loaded 2 times (x 69B)
Class com.intellij.openapi.externalSystem.model.ExternalSystemException               : loaded 2 times (x 84B)
Class org.jetbrains.kotlin.idea.gradleTooling.model.lombok.LombokModel                : loaded 2 times (x 68B)
Class com.android.builder.model.v2.models.ProjectSyncIssues                           : loaded 2 times (x 68B)
Class kotlin.collections.EmptySet                                                     : loaded 2 times (x 120B)
Class org.gradle.tooling.model.ProjectIdentifier                                      : loaded 2 times (x 68B)
Class com.google.common.collect.AbstractMultimap                                      : loaded 2 times (x 121B)
Class [Lorg.gradle.api.internal.ClassPathProvider;                                    : loaded 2 times (x 67B)
Class org.gradle.internal.operations.MultipleBuildOperationFailures                   : loaded 2 times (x 89B)
Class kotlin.collections.MapsKt                                                       : loaded 2 times (x 69B)
Class org.gradle.util.internal.GUtil                                                  : loaded 2 times (x 69B)
Class org.gradle.tooling.model.internal.ImmutableDomainObjectSet                      : loaded 2 times (x 153B)
Class kotlin.jvm.internal.CollectionToArray                                           : loaded 2 times (x 69B)
Class org.gradle.tooling.internal.adapter.MethodInvoker                               : loaded 2 times (x 68B)
Class org.jetbrains.plugins.gradle.model.AnnotationProcessingModel                    : loaded 2 times (x 68B)
Class com.google.common.base.CharMatcher$Digit                                        : loaded 2 times (x 110B)
Class org.jetbrains.plugins.gradle.model.ExternalTask                                 : loaded 2 times (x 68B)
Class org.gradle.tooling.model.HierarchicalElement                                    : loaded 2 times (x 68B)
Class com.android.builder.model.v2.ide.BasicArtifact                                  : loaded 2 times (x 68B)
Class com.android.builder.model.v2.ide.BundleInfo                                     : loaded 2 times (x 68B)
Class org.jetbrains.plugins.gradle.tooling.serialization.ExternalProjectSerializationService$ReadContext: loaded 2 times (x 72B)
Class org.gradle.internal.classloader.ClassLoaderSpec                                 : loaded 2 times (x 69B)
Class com.android.builder.model.v2.models.ndk.NativeModelBuilderParameter             : loaded 2 times (x 68B)
Class com.android.builder.model.v2.CustomSourceDirectory                              : loaded 2 times (x 68B)
Class com.google.common.base.CharMatcher$JavaDigit                                    : loaded 2 times (x 109B)
Class org.objectweb.asm.Frame                                                         : loaded 2 times (x 71B)
Class com.google.common.cache.LocalCache$LocalManualCache                             : loaded 2 times (x 97B)
Class com.google.common.collect.ListMultimap                                          : loaded 2 times (x 68B)
Class com.google.common.collect.ImmutableList$Builder                                 : loaded 2 times (x 75B)
Class com.android.builder.model.v2.models.AndroidProject                              : loaded 2 times (x 68B)
Class com.google.common.cache.CacheLoader$1                                           : loaded 2 times (x 73B)
Class org.jetbrains.plugins.gradle.model.GradleExtension                              : loaded 2 times (x 68B)
Class org.gradle.tooling.internal.adapter.ProtocolToModelAdapter$AdaptingMethodInvoker: loaded 2 times (x 74B)
Class org.jetbrains.plugins.gradle.tooling.util.IntObjectMap                          : loaded 2 times (x 71B)
Class org.gradle.tooling.model.idea.IdeaModuleDependency                              : loaded 2 times (x 68B)
Class com.google.common.util.concurrent.AbstractFuture$TrustedFuture                  : loaded 2 times (x 95B)
Class org.jetbrains.plugins.gradle.tooling.serialization.RepositoriesModelSerializationService$ReadContext: loaded 2 times (x 70B)
Class org.gradle.internal.classloader.InstrumentingClassLoader                        : loaded 2 times (x 68B)
Class org.jetbrains.plugins.gradle.model.BuildScriptClasspathModel                    : loaded 2 times (x 68B)
Class com.google.common.collect.Sets                                                  : loaded 2 times (x 69B)
Class org.apache.commons.io.output.QueueOutputStream                                  : loaded 2 times (x 85B)
Class kotlin.text.Regex                                                               : loaded 2 times (x 70B)
Class kotlin.io.FilesKt__UtilsKt                                                      : loaded 2 times (x 69B)
Class com.google.common.collect.ImmutableSet$Builder                                  : loaded 2 times (x 83B)
Class com.google.common.collect.ImmutableEnumSet                                      : loaded 2 times (x 144B)
Class org.gradle.internal.exceptions.NonGradleCauseExceptionsHolder                   : loaded 2 times (x 68B)
Class org.gradle.api.internal.classpath.DefaultModuleRegistry                         : loaded 2 times (x 84B)
Class org.apache.commons.io.output.StringBuilderWriter                                : loaded 2 times (x 98B)
Class org.objectweb.asm.commons.InstructionAdapter                                    : loaded 2 times (x 186B)
Class com.google.common.base.MoreObjects                                              : loaded 2 times (x 69B)
Class com.google.common.collect.SortedMapDifference                                   : loaded 2 times (x 68B)
Class com.android.ide.common.repository.GradleVersion$VersionSegment                  : loaded 2 times (x 73B)
Class kotlin.collections.ArraysUtilJVM                                                : loaded 2 times (x 69B)
Class org.objectweb.asm.SymbolTable                                                   : loaded 2 times (x 70B)
Class org.gradle.tooling.internal.adapter.ProtocolToModelAdapter$ViewGraphDetails$1   : loaded 2 times (x 75B)
Class [Lorg.objectweb.asm.AnnotationVisitor;                                          : loaded 2 times (x 67B)
Class com.google.common.cache.CacheStats                                              : loaded 2 times (x 69B)
Class org.objectweb.asm.Attribute                                                     : loaded 2 times (x 75B)
Class kotlin.coroutines.jvm.internal.BaseContinuationImpl                             : loaded 2 times (x 85B)
Class org.gradle.internal.classloader.VisitableURLClassLoader                         : loaded 2 times (x 115B)
Class com.google.common.cache.LocalCache$LocalLoadingCache                            : loaded 2 times (x 132B)
Class com.google.common.base.Supplier                                                 : loaded 2 times (x 68B)
Class org.jetbrains.plugins.gradle.tooling.serialization.BuildScriptClasspathModelSerializationService: loaded 2 times (x 75B)
Class kotlin.io.FilesKt__FileTreeWalkKt                                               : loaded 2 times (x 69B)
Class com.google.common.cache.RemovalListener                                         : loaded 2 times (x 68B)
Class org.gradle.internal.classpath.ClassPath                                         : loaded 2 times (x 68B)
Class com.google.common.cache.CacheLoader$SupplierToCacheLoader                       : loaded 2 times (x 73B)
Class build_69lill7znr8hg7c90uo3amkd1                                                 : loaded 2 times (x 178B)
Class kotlin.coroutines.jvm.internal.SuspendFunction                                  : loaded 2 times (x 68B)
Class org.jetbrains.plugins.gradle.model.GradleProperty                               : loaded 2 times (x 68B)
Class build_69lill7znr8hg7c90uo3amkd1$_run_closure1                                   : loaded 2 times (x 137B)
Class org.gradle.api.internal.ClassPathRegistry                                       : loaded 2 times (x 68B)
Class com.google.common.cache.LocalCache$EntryFactory                                 : loaded 2 times (x 81B)
Class com.google.common.util.concurrent.UncheckedExecutionException                   : loaded 2 times (x 80B)
Class com.google.common.collect.ImmutableRangeSet$AsSet                               : loaded 2 times (x 233B)
Class org.gradle.internal.classloader.VisitableURLClassLoader$InstrumentingVisitableURLClassLoader: loaded 2 times (x 121B)
Class kotlin.coroutines.jvm.internal.DebugProbesKt                                    : loaded 2 times (x 69B)
Class org.gradle.internal.classloader.ClassLoaderHierarchy                            : loaded 2 times (x 68B)
Class org.jetbrains.plugins.gradle.tooling.serialization.BuildScriptClasspathModelSerializationService$WriteContext: loaded 2 times (x 70B)
Class com.android.builder.model.v2.ide.AndroidGradlePluginProjectFlags                : loaded 2 times (x 68B)
Class kotlin.sequences.SequencesKt___SequencesJvmKt                                   : loaded 2 times (x 69B)
Class kotlin.collections.MapsKt__MapsKt                                               : loaded 2 times (x 69B)
Class kotlin.collections.ArraysKt                                                     : loaded 2 times (x 69B)
Class org.gradle.internal.exceptions.MultiCauseException                              : loaded 2 times (x 68B)
Class com.android.builder.model.v2.models.VariantDependenciesAdjacencyList            : loaded 2 times (x 68B)
Class com.google.common.collect.Lists$ReverseList                                     : loaded 2 times (x 160B)
Class org.jetbrains.kotlin.idea.gradleTooling.model.parcelize.ParcelizeGradleModel    : loaded 2 times (x 68B)
Class kotlin.collections.MapsKt___MapsKt                                              : loaded 2 times (x 69B)
Class [Lorg.objectweb.asm.Type;                                                       : loaded 2 times (x 67B)
Class org.gradle.tooling.model.kotlin.dsl.KotlinDslScriptModel                        : loaded 2 times (x 68B)
Class com.google.common.collect.Lists$ReverseList$1                                   : loaded 2 times (x 97B)
Class [Lcom.google.common.collect.AbstractMapEntry;                                   : loaded 2 times (x 67B)
Class kotlin.sequences.TransformingSequence$iterator$1                                : loaded 2 times (x 77B)
Class com.google.common.cache.Weigher                                                 : loaded 2 times (x 68B)
Class org.gradle.util.internal.DefaultGradleVersion                                   : loaded 2 times (x 82B)
Class com.android.builder.model.v2.AndroidModel                                       : loaded 2 times (x 68B)
Class org.gradle.internal.InternalTransformer                                         : loaded 2 times (x 68B)
Class com.android.builder.model.v2.ide.LintOptions                                    : loaded 2 times (x 68B)
Class org.apache.commons.io.output.NullOutputStream                                   : loaded 2 times (x 83B)
Class org.jetbrains.kotlin.idea.gradleTooling.model.noarg.NoArgModel                  : loaded 2 times (x 68B)
Class org.jetbrains.kotlin.idea.gradleTooling.KotlinGradleModel                       : loaded 2 times (x 68B)
Class kotlin.sequences.Sequence                                                       : loaded 2 times (x 68B)
Class org.gradle.tooling.internal.gradle.DefaultBuildIdentifier                       : loaded 2 times (x 77B)
Class org.gradle.internal.service.ServiceLocator                                      : loaded 2 times (x 68B)
Class org.jetbrains.plugins.gradle.model.ExternalDependency                           : loaded 2 times (x 68B)
Class com.google.common.collect.ImmutableRangeSet$1                                   : loaded 2 times (x 169B)
Class com.google.common.util.concurrent.SettableFuture                                : loaded 2 times (x 95B)
Class org.gradle.internal.impldep.gnu.trove.TObjectHashingStrategy                    : loaded 2 times (x 68B)
Class org.gradle.tooling.internal.adapter.ProtocolToModelAdapter$MethodInvocationCache: loaded 2 times (x 71B)
Class [Lcom.android.builder.model.v2.ide.CodeShrinker;                                : loaded 2 times (x 67B)
Class com.android.builder.model.v2.models.Versions$Companion                          : loaded 2 times (x 69B)
Class kotlin.collections.CollectionsKt__IterablesKt                                   : loaded 2 times (x 69B)
Class kotlin.sequences.SequencesKt___SequencesKt$flatMap$2                            : loaded 2 times (x 123B)
Class org.jetbrains.kotlin.idea.gradleTooling.model.allopen.AllOpenModel              : loaded 2 times (x 68B)
Class kotlin.coroutines.jvm.internal.CoroutineStackFrame                              : loaded 2 times (x 68B)
Class org.jetbrains.plugins.gradle.model.AnnotationProcessingConfig                   : loaded 2 times (x 68B)
Class org.jetbrains.plugins.gradle.tooling.serialization.ExternalTestsSerializationService: loaded 2 times (x 75B)
Class kotlin.internal.ProgressionUtilKt                                               : loaded 2 times (x 69B)
Class com.google.common.base.CharMatcher$Invisible                                    : loaded 2 times (x 110B)
Class kotlin.reflect.KFunction                                                        : loaded 2 times (x 68B)
Class org.jetbrains.plugins.gradle.model.MavenRepositoryModel                         : loaded 2 times (x 68B)
Class org.jetbrains.plugins.gradle.tooling.serialization.ProjectDependenciesSerializationService$WriteContext: loaded 2 times (x 70B)
Class org.objectweb.asm.ModuleVisitor                                                 : loaded 2 times (x 79B)
Class kotlin.jvm.KotlinReflectionNotSupportedError                                    : loaded 2 times (x 80B)
Class kotlin.io.TerminateException                                                    : loaded 2 times (x 80B)
Class org.gradle.tooling.internal.adapter.WeakIdentityHashMap                         : loaded 2 times (x 74B)
Class com.android.builder.model.v2.dsl.BuildType                                      : loaded 2 times (x 68B)
Class org.gradle.internal.classpath.DefaultClassPath$ImmutableUniqueList              : loaded 2 times (x 159B)
Class org.gradle.internal.time.DefaultTimer                                           : loaded 2 times (x 78B)
Class com.google.common.base.CharMatcher$JavaLetter                                   : loaded 2 times (x 109B)
Class com.intellij.util.ThrowableConsumer                                             : loaded 2 times (x 68B)
Class org.gradle.internal.classpath.TransformedClassPath                              : loaded 2 times (x 94B)
Class sync_studio_tooling2557_3uag8xduoectz75zbzbmfo3nr$_run_closure1                 : loaded 2 times (x 137B)
Class com.google.common.collect.MapDifference                                         : loaded 2 times (x 68B)
Class org.jetbrains.plugins.gradle.tooling.serialization.ExternalProjectSerializationService$WriteContext: loaded 2 times (x 72B)
Class org.jetbrains.kotlin.tooling.core.HasExtras                                     : loaded 2 times (x 68B)
Class com.google.common.collect.Sets$1                                                : loaded 2 times (x 137B)
Class com.google.common.collect.Sets$2                                                : loaded 2 times (x 137B)
Class com.google.common.util.concurrent.AbstractFuture$Trusted                        : loaded 2 times (x 68B)
Class org.gradle.tooling.internal.adapter.ProtocolToModelAdapter$InvocationHandlerImpl: loaded 2 times (x 75B)
Class com.google.common.collect.Sets$3                                                : loaded 2 times (x 137B)
Class com.google.common.collect.Sets$4                                                : loaded 2 times (x 137B)
Class org.jetbrains.plugins.gradle.tooling.serialization.AnnotationProcessingModelSerializationService$WriteContext: loaded 2 times (x 70B)
Class kotlin.text.StringsKt___StringsKt                                               : loaded 2 times (x 69B)
Class org.jetbrains.plugins.gradle.tooling.serialization.internal.IdeaProjectSerializationService$ReadContext: loaded 2 times (x 70B)
Class org.gradle.tooling.model.idea.IdeaLanguageLevel                                 : loaded 2 times (x 68B)
Class kotlin.coroutines.intrinsics.CoroutineSingletons                                : loaded 2 times (x 77B)
Class kotlin.Pair                                                                     : loaded 2 times (x 70B)
Class com.android.builder.model.v2.ide.BasicVariant                                   : loaded 2 times (x 68B)
Class org.objectweb.asm.MethodWriter                                                  : loaded 2 times (x 104B)
Class com.android.builder.model.v2.ide.SourceSetContainer                             : loaded 2 times (x 68B)
Class kotlin.collections.AbstractList$Companion                                       : loaded 2 times (x 69B)
Class kotlin.coroutines.intrinsics.IntrinsicsKt                                       : loaded 2 times (x 69B)
Class org.gradle.tooling.internal.adapter.ProtocolToModelAdapter$ViewDecoration       : loaded 2 times (x 68B)
Class com.google.common.collect.Platform                                              : loaded 2 times (x 69B)
Class kotlin.collections.ArraysKt__ArraysJVMKt                                        : loaded 2 times (x 69B)
Class com.google.common.util.concurrent.ExecutionError                                : loaded 2 times (x 80B)
Class com.google.common.base.Equivalence$Identity                                     : loaded 2 times (x 80B)
Class kotlin.collections.AbstractCollection                                           : loaded 2 times (x 115B)
Class kotlin.collections.AbstractList                                                 : loaded 2 times (x 157B)
Class kotlin.ranges.IntRange                                                          : loaded 2 times (x 91B)
Class kotlin.collections.SetsKt__SetsKt                                               : loaded 2 times (x 69B)
Class com.google.common.cache.LocalCache                                              : loaded 2 times (x 185B)
Class com.google.common.collect.ImmutableRangeSet$Builder                             : loaded 2 times (x 75B)
Class kotlin.ranges.IntRange$Companion                                                : loaded 2 times (x 69B)
Class org.gradle.util.GradleVersion                                                   : loaded 2 times (x 81B)
Class org.gradle.internal.impldep.gnu.trove.TObjectCanonicalHashingStrategy           : loaded 2 times (x 78B)
Class com.google.common.base.CharMatcher$JavaUpperCase                                : loaded 2 times (x 109B)
Class org.jetbrains.plugins.gradle.tooling.util.IntObjectMap$ObjectFactory            : loaded 2 times (x 68B)
Class com.google.common.collect.Multiset                                              : loaded 2 times (x 68B)
Class kotlin.collections.CollectionsKt__CollectionsJVMKt                              : loaded 2 times (x 69B)
Class org.jetbrains.plugins.gradle.tooling.util.IntObjectMap$1                        : loaded 2 times (x 75B)
Class kotlin.collections.EmptyMap                                                     : loaded 2 times (x 107B)
Class org.gradle.tooling.internal.adapter.ProtocolToModelAdapter$ViewGraphDetails     : loaded 2 times (x 70B)
Class org.objectweb.asm.MethodVisitor                                                 : loaded 2 times (x 103B)
Class org.gradle.internal.installation.GradleInstallation                             : loaded 2 times (x 73B)
Class com.google.common.collect.AbstractMapBasedMultimap                              : loaded 2 times (x 137B)
Class org.gradle.internal.impldep.gnu.trove.Equality                                  : loaded 2 times (x 68B)


---------------  S Y S T E M  ---------------

OS:
 Windows 10 , 64 bit Build 19041 (10.0.19041.5915)
OS uptime: 0 days 18:23 hours

CPU: total 8 (initial active 8) (4 cores per cpu, 2 threads per core) family 6 model 70 stepping 1 microcode 0x1c, cx8, cmov, fxsr, ht, mmx, sse, sse2, sse3, ssse3, sse4.1, sse4.2, popcnt, lzcnt, tsc, tscinvbit, avx, avx2, aes, erms, clmul, bmi1, bmi2, fma, vzeroupper, clflush
Processor Information for all 8 processors :
  Max Mhz: 2301, Current Mhz: 2301, Mhz Limit: 2301

Memory: 4k page, system-wide physical 16292M (4200M free)
TotalPageFile size 18173M (AvailPageFile size 6M)
current process WorkingSet (physical memory assigned to process): 701M, peak: 710M
current process commit charge ("private bytes"): 743M, peak: 753M

vm_info: OpenJDK 64-Bit Server VM (17.0.9+0--11185874) for windows-amd64 JRE (17.0.9+0--11185874), built on Dec  6 2023 18:57:44 by "androidbuild" with MS VC++ 16.10 / 16.11 (VS2019)

END.
